PERIODO,MES,DIRECTORIO,SECUENCIA_P,ORDEN,INGLABO,P6500,P6800,RAMA2D_R4,RAMA4D_R4,OFICIO_C8,P6430,P6040,P3271,P3042,DPTO,AREA,CLASE
20240101,1,7656021,1,1,3560000.0,3560000.0,48,86,8610,1342,1,47,2,12.0,8,8.0,1
20240101,1,7656025,1,1,2500000.0,1250000.0,48,85,8530,2330,1,26,1,10.0,8,8.0,1
20240101,1,7656025,1,2,2800000.0,2800000.0,48,85,8530,2330,1,26,2,10.0,8,8.0,1
20240101,1,7657086,1,1,1300000.0,1300000.0,48,49,4921,8331,1,57,1,10.0,8,8.0,1
20240101,1,7657087,1,1,4000000.0,4000000.0,48,85,8543,2310,1,54,2,11.0,8,8.0,1
20240101,1,7657090,1,2,2200000.0,2200000.0,47,64,6412,4211,1,30,1,9.0,8,8.0,1
20240101,1,7657090,1,3,2300000.0,2300000.0,48,82,8220,4222,1,28,1,8.0,8,8.0,1
20240101,1,7657093,1,1,4000000.0,4000000.0,48,62,6201,1330,1,43,1,11.0,8,8.0,1
20240101,1,7657093,1,2,4000000.0,4000000.0,48,46,4661,1120,1,43,2,11.0,8,8.0,1
20240101,1,7657096,1,1,2400000.0,2400000.0,48,47,4711,1219,1,49,1,10.0,8,8.0,1
20240101,1,7657101,1,1,6000000.0,6000000.0,48,81,8121,2611,1,43,1,10.0,8,8.0,1
20240101,1,7657101,1,2,1100000.0,800000.0,20,85,8512,4226,1,41,2,10.0,8,8.0,1
20240101,1,7657102,1,2,5000000.0,5000000.0,48,62,6201,2512,1,44,2,10.0,8,8.0,1
20240101,1,7657105,1,1,5000000.0,5000000.0,48,71,7111,2166,1,35,1,10.0,8,8.0,1
20240101,1,7657106,1,3,2000000.0,2000000.0,48,25,2511,4321,1,26,1,10.0,8,8.0,1
20240101,1,7657110,1,2,450000.0,450000.0,48,56,5619,9112,1,52,1,10.0,8,8.0,1
20240101,1,7657111,1,1,2300000.0,2300000.0,48,82,8220,4222,1,33,1,5.0,8,8.0,1
20240101,1,7657115,1,3,2320000.0,2320000.0,48,31,3110,2511,1,24,1,10.0,8,8.0,1
20240101,1,7657117,1,2,1140000.0,900000.0,48,56,5619,5246,1,25,1,5.0,8,8.0,1
20240101,1,7657118,1,4,1200000.0,1200000.0,48,87,8730,5322,1,23,2,8.0,8,8.0,1
20240101,1,7657118,1,7,1200000.0,1200000.0,60,28,2815,8122,1,47,1,5.0,8,8.0,1
20240101,1,7657121,1,4,1160000.0,1160000.0,48,47,4719,9334,1,22,1,5.0,8,8.0,1
20240101,1,7657122,1,3,1200000.0,1200000.0,60,56,5611,5131,1,23,2,10.0,8,8.0,1
20240101,1,7657123,1,2,1880000.0,1800000.0,60,25,2599,7212,1,47,1,5.0,8,8.0,1
20240101,1,7657123,1,3,1120000.0,1000000.0,48,47,4721,9321,1,28,1,3.0,8,8.0,1
20240101,1,7657124,1,2,1300000.0,1100000.0,48,56,5611,5131,1,38,2,5.0,8,8.0,1
20240101,1,7657126,1,2,1200000.0,1200000.0,40,88,8891,5311,1,42,2,8.0,8,8.0,1
20240101,1,7657127,1,2,1300000.0,1300000.0,50,56,5619,9411,1,38,1,5.0,8,8.0,1
20240101,1,7657128,1,1,1160000.0,1160000.0,48,42,4290,5321,1,53,2,8.0,8,8.0,1
20240101,1,7657130,1,2,1000000.0,800000.0,40,56,5611,9412,1,36,2,5.0,8,8.0,1
20240101,1,7657130,1,3,1100000.0,900000.0,48,56,5611,9621,1,17,1,4.0,8,8.0,1
20240101,1,7657130,1,4,840000.0,840000.0,48,15,1521,9321,1,22,2,5.0,8,8.0,1
20240101,1,7657133,1,2,900000.0,900000.0,48,47,4773,9621,1,46,1,5.0,8,8.0,1
20240101,1,7657133,1,3,1160000.0,1160000.0,48,61,6120,3322,1,39,2,8.0,8,8.0,1
20240101,1,7657137,1,1,2100000.0,2100000.0,40,65,6523,2512,1,37,1,10.0,8,8.0,1
20240101,1,7657137,1,2,1800000.0,1800000.0,48,31,3110,3312,1,37,2,10.0,8,8.0,1
20240101,1,7657143,1,2,800000.0,800000.0,40,56,5619,5131,1,36,2,9.0,8,8.0,1
20240101,1,7657143,1,4,1450000.0,1450000.0,48,47,4773,5223,1,31,1,8.0,8,8.0,1
20240101,1,7657148,1,6,700000.0,700000.0,50,14,1410,8153,1,60,2,3.0,8,8.0,1
20240101,1,7657149,1,2,600000.0,600000.0,24,88,8891,9112,1,47,2,5.0,8,8.0,1
20240101,1,7657149,1,3,900000.0,900000.0,48,49,4923,9333,1,21,1,5.0,8,8.0,1
20240101,1,7657151,1,1,2000000.0,2000000.0,48,47,4741,3322,1,35,1,10.0,8,8.0,1
20240101,1,7657152,1,1,1500000.0,1500000.0,72,68,6820,5414,1,31,1,9.0,8,8.0,1
20240101,1,7657152,1,2,900000.0,900000.0,48,68,6820,1439,1,28,2,10.0,8,8.0,1
20240101,1,7657155,1,3,1450000.0,1200000.0,56,56,5611,5131,1,42,2,5.0,8,8.0,1
20240101,1,7657161,1,2,1160000.0,1160000.0,48,45,4530,8332,1,65,1,3.0,8,8.0,1
20240101,1,7657162,1,2,1500000.0,1500000.0,48,47,4752,3322,1,39,2,5.0,8,8.0,1
20240101,1,7657164,1,3,1160000.0,1160000.0,48,25,2592,7212,1,20,1,5.0,8,8.0,1
20240101,1,7657165,1,4,1200000.0,1200000.0,40,31,3110,7522,1,60,1,5.0,8,8.0,1
20240101,1,7657166,1,2,600000.0,600000.0,36,56,5619,5212,1,23,1,9.0,8,8.0,1
20240101,1,7657167,1,1,1600000.0,1600000.0,50,47,4752,5223,1,39,1,8.0,8,8.0,1
20240101,1,7657168,1,7,1160000.0,1160000.0,40,82,8220,4416,1,23,2,8.0,8,8.0,1
20240101,1,7657171,1,2,1360000.0,1360000.0,48,45,4530,5223,1,40,1,5.0,8,8.0,1
20240101,1,7657172,1,1,1080000.0,1080000.0,60,14,1410,8153,1,41,2,5.0,8,8.0,1
20240101,1,7657173,1,1,3850000.0,3500000.0,100,56,5619,1412,1,55,1,5.0,8,8.0,1
20240101,1,7657173,1,2,1900000.0,1500000.0,60,56,5619,1412,1,51,2,9.0,8,8.0,1
20240101,1,7657177,1,4,1160000.0,1160000.0,48,65,6523,5153,1,45,1,5.0,8,8.0,1
20240101,1,7657177,1,5,1500000.0,1500000.0,48,21,2100,7543,1,41,1,5.0,8,8.0,1
20240101,1,7657178,1,6,700000.0,700000.0,35,56,5619,5131,1,22,1,5.0,8,8.0,1
20240101,1,7657178,1,11,1200000.0,1200000.0,48,47,4772,5223,1,22,2,5.0,8,8.0,1
20240101,1,7657178,1,13,800000.0,800000.0,30,56,5630,5131,1,21,1,10.0,8,8.0,1
20240101,1,7657179,1,1,2500000.0,2500000.0,48,64,6412,3312,1,56,2,10.0,8,8.0,1
20240101,1,7657186,1,1,700000.0,700000.0,48,92,9200,9112,1,48,2,3.0,8,8.0,1
20240101,1,7657188,1,1,1710000.0,1160000.0,84,47,4711,5223,1,33,1,3.0,8,8.0,1
20240101,1,7657188,1,2,1690000.0,1160000.0,84,47,4711,5223,1,28,1,5.0,8,8.0,1
20240101,1,7657190,1,3,5000000.0,5000000.0,48,22,2229,2511,1,47,1,10.0,8,8.0,1
20240101,1,7657191,1,2,800000.0,800000.0,48,49,4921,5112,1,40,2,5.0,8,8.0,1
20240101,1,7657191,1,3,1700000.0,1700000.0,48,45,4520,7231,1,30,1,5.0,8,8.0,1
20240101,1,7657193,1,1,1500000.0,1500000.0,48,47,4719,9334,1,39,1,5.0,8,8.0,1
20240101,1,7657194,1,1,1500000.0,1500000.0,48,85,8530,1345,1,51,2,12.0,8,8.0,1
20240101,1,7657194,1,2,1160000.0,1160000.0,48,42,4210,8323,1,53,1,5.0,8,8.0,1
20240101,1,7657196,1,2,1160000.0,1160000.0,48,49,4921,8331,1,61,1,5.0,8,8.0,1
20240101,1,7657196,1,3,1160000.0,1160000.0,52,27,2720,7543,1,35,1,5.0,8,8.0,1
20240101,1,7657196,1,4,1160000.0,1160000.0,52,47,4719,5230,1,34,2,8.0,8,8.0,1
20240101,1,7657197,1,1,2200000.0,2200000.0,56,94,9491,2636,1,52,1,9.0,8,8.0,1
20240101,1,7657197,1,3,1160000.0,1160000.0,48,86,8610,2635,1,25,2,10.0,8,8.0,1
20240101,1,7657198,1,1,1160000.0,1160000.0,48,80,8010,5414,1,52,1,5.0,8,8.0,1
20240101,1,7657198,1,2,700000.0,700000.0,48,14,1410,8153,1,48,2,5.0,8,8.0,1
20240101,1,7657198,1,3,1160000.0,1160000.0,48,82,8220,4222,1,21,1,8.0,8,8.0,1
20240101,1,7657200,1,1,1160000.0,1160000.0,48,10,1089,8332,1,39,1,5.0,8,8.0,1
20240101,1,7657203,1,2,6000000.0,6000000.0,40,21,2100,1221,1,39,2,10.0,8,8.0,1
20240101,1,7657205,1,3,1800000.0,1800000.0,60,86,8610,2221,1,33,2,10.0,8,8.0,1
20240101,1,7657205,1,5,1700000.0,1700000.0,60,65,6511,5414,1,33,1,5.0,8,8.0,1
20240101,1,7657208,1,2,1500000.0,1500000.0,48,86,8691,3211,1,28,1,10.0,8,8.0,1
20240101,1,7657210,1,3,1160000.0,1160000.0,48,86,8621,9112,1,63,2,5.0,8,8.0,1
20240101,1,7657211,1,1,1850000.0,1850000.0,48,47,4773,3213,1,32,1,8.0,8,8.0,1
20240101,1,7657211,1,2,1700000.0,1700000.0,48,47,4773,3213,1,33,2,9.0,8,8.0,1
20240101,1,7657215,1,1,1000000.0,1000000.0,50,46,4659,5223,1,30,2,10.0,8,8.0,1
20240101,1,7657215,1,3,1160000.0,1160000.0,48,69,6920,4311,1,26,1,8.0,8,8.0,1
20240101,1,7657215,1,6,1200000.0,1200000.0,72,47,4752,8332,1,32,1,5.0,8,8.0,1
20240101,1,7657216,1,2,1200000.0,1200000.0,48,47,4774,5223,1,30,2,10.0,8,8.0,1
20240101,1,7657217,1,1,900000.0,700000.0,48,55,5511,5131,1,56,1,10.0,8,8.0,1
20240101,1,7657223,1,3,1400000.0,1400000.0,50,41,4111,9313,1,28,1,8.0,8,8.0,1
20240101,1,7657224,1,1,1160000.0,1160000.0,48,47,4729,9621,1,36,1,5.0,8,8.0,1
20240101,1,7657225,1,4,1160000.0,1160000.0,48,47,4773,5242,1,49,2,5.0,8,8.0,1
20240101,1,7657226,1,3,1500000.0,1500000.0,72,23,2310,3122,1,25,1,9.0,8,8.0,1
20240101,1,7657230,1,1,1160000.0,1160000.0,48,86,8692,5223,1,30,1,5.0,8,8.0,1
20240101,1,7657233,1,2,1160000.0,1160000.0,48,56,5629,3257,1,37,2,9.0,8,8.0,1
20240101,1,7657236,1,1,1400000.0,1400000.0,48,53,5320,9621,1,48,1,5.0,8,8.0,1
20240101,1,7657236,1,2,1280000.0,1280000.0,48,86,8610,5414,1,27,2,5.0,8,8.0,1
20240101,1,7657241,1,1,1160000.0,1160000.0,48,46,4645,4311,1,34,2,5.0,8,8.0,1
20240101,1,7657244,1,1,1300000.0,1300000.0,48,47,4719,9112,1,27,1,5.0,8,8.0,1
20240101,1,7657244,1,2,1600000.0,1600000.0,48,43,4321,7422,1,25,1,8.0,8,8.0,1
20240101,1,7657245,1,1,1700000.0,1700000.0,48,33,3312,7127,1,52,1,5.0,8,8.0,1
20240101,1,7657246,1,2,800000.0,800000.0,60,95,9512,7422,1,27,1,10.0,8,8.0,1
20240101,1,7657246,1,3,2000000.0,2000000.0,48,82,8220,4222,1,28,2,5.0,8,8.0,1
20240101,1,7657247,1,2,1400000.0,1400000.0,60,47,4719,9334,1,32,2,5.0,8,8.0,1
20240101,1,7657250,1,1,1400000.0,1400000.0,72,85,8544,5414,1,43,1,10.0,8,8.0,1
20240101,1,7657250,1,2,750000.0,750000.0,24,88,8891,5311,1,41,2,8.0,8,8.0,1
20240101,1,7657253,1,5,900000.0,900000.0,50,32,3290,7522,1,55,1,3.0,8,8.0,1
20240101,1,7657254,1,2,1200000.0,1200000.0,50,41,4111,9313,1,33,1,5.0,8,8.0,1
20240101,1,7657254,1,7,900000.0,900000.0,45,88,8899,3412,1,45,2,5.0,8,8.0,1
20240101,1,7657254,1,8,750000.0,750000.0,30,56,5619,9621,1,23,1,4.0,8,8.0,1
20240101,1,7657255,1,3,2000000.0,2000000.0,48,33,3314,2421,1,28,1,10.0,8,8.0,1
20240101,1,7657257,1,2,1160000.0,1160000.0,48,96,9603,4214,1,57,1,5.0,8,8.0,1
20240101,1,7657259,1,2,1500000.0,1500000.0,48,47,4773,3213,1,30,2,8.0,8,8.0,1
20240101,1,7657262,1,2,640000.0,640000.0,24,47,4719,5223,1,34,2,5.0,8,8.0,1
20240102,1,7661517,1,1,1160000.0,1160000.0,48,1,130,6113,1,61,1,3.0,8,8.0,1
20240102,1,7662651,1,1,1300000.0,1300000.0,48,10,1084,8332,1,60,1,3.0,8,8.0,1
20240102,1,7664831,1,1,1160000.0,1160000.0,48,84,8412,9112,1,49,2,3.0,8,8.0,1
20240102,1,7664833,1,1,2500000.0,2500000.0,48,55,5511,5151,1,33,1,10.0,8,8.0,1
20240102,1,7664834,1,2,1160000.0,1160000.0,48,45,4541,5223,1,45,2,8.0,8,8.0,1
20240102,1,7664834,1,3,1160000.0,1160000.0,48,47,4751,5223,1,23,1,10.0,8,8.0,1
20240102,1,7664834,1,4,3000000.0,3000000.0,48,82,8220,3341,1,22,2,10.0,8,8.0,1
20240102,1,7664838,1,1,1160000.0,1160000.0,48,66,6615,9621,1,50,1,5.0,8,8.0,1
20240102,1,7664838,1,2,2600000.0,2600000.0,48,86,8610,2264,1,53,2,11.0,8,8.0,1
20240102,1,7664842,1,1,1200000.0,1200000.0,48,45,4530,1420,1,58,2,8.0,8,8.0,1
20240102,1,7664843,1,2,1600000.0,1600000.0,48,45,4511,4312,1,46,2,9.0,8,8.0,1
20240102,1,7664845,1,2,1300000.0,1300000.0,40,81,8121,4110,1,57,2,5.0,8,8.0,1
20240102,1,7664850,1,1,2400000.0,2400000.0,60,28,2829,2144,1,24,1,10.0,8,8.0,1
20240102,1,7664851,1,1,,,30,85,8530,2341,1,60,2,10.0,8,8.0,1
20240102,1,7664861,1,3,2200000.0,2200000.0,42,47,4752,2431,1,28,2,10.0,8,8.0,1
20240102,1,7664861,1,4,4100000.0,4100000.0,40,49,4923,1324,1,25,2,10.0,8,8.0,1
20240102,1,7664862,1,1,17000000.0,17000000.0,48,62,6201,2511,1,36,1,12.0,8,8.0,1
20240102,1,7664863,1,2,1160000.0,1160000.0,48,24,2431,3323,1,48,1,10.0,8,8.0,1
20240102,1,7664863,1,3,3480000.0,3480000.0,48,68,6820,3334,1,33,2,10.0,8,8.0,1
20240102,1,7664864,1,1,4500000.0,4500000.0,48,35,3511,2634,1,27,2,12.0,8,8.0,1
20240102,1,7664867,1,3,2000000.0,2000000.0,48,47,4741,3511,1,35,2,9.0,8,8.0,1
20240102,1,7664873,1,1,2200000.0,1200000.0,84,47,4711,1420,1,24,1,5.0,8,8.0,1
20240102,1,7664873,1,2,700000.0,700000.0,56,47,4711,5223,1,34,2,8.0,8,8.0,1
20240102,1,7664875,1,3,1200000.0,900000.0,60,64,6499,4214,1,23,1,5.0,8,8.0,1
20240102,1,7664876,1,2,1800000.0,1800000.0,48,86,8622,2511,1,41,1,10.0,8,8.0,1
20240102,1,7664877,1,1,1300000.0,1300000.0,60,15,1511,7411,1,56,1,5.0,8,8.0,1
20240102,1,7664877,1,4,1500000.0,1500000.0,60,68,6820,5414,1,24,1,5.0,8,8.0,1
20240102,1,7664878,1,1,1500000.0,1500000.0,60,68,6820,5414,1,51,1,5.0,8,8.0,1
20240102,1,7664878,1,3,1300000.0,1300000.0,60,56,5611,3434,1,23,1,8.0,8,8.0,1
20240102,1,7664880,1,1,1200000.0,1200000.0,48,14,1410,8153,1,41,1,5.0,8,8.0,1
20240102,1,7664881,1,1,1200000.0,1200000.0,48,47,4771,5414,1,66,1,3.0,8,8.0,1
20240102,1,7664881,1,7,1200000.0,1200000.0,48,43,4322,7127,1,23,1,8.0,8,8.0,1
20240102,1,7664882,1,1,1160000.0,1160000.0,48,82,8292,4321,1,62,1,3.0,8,8.0,1
20240102,1,7664883,1,2,1160000.0,1160000.0,48,37,3700,4323,1,31,1,5.0,8,8.0,1
20240102,1,7664883,1,3,1160000.0,1160000.0,48,47,4754,4321,1,28,1,8.0,8,8.0,1
20240102,1,7664883,1,4,1160000.0,1160000.0,50,78,7820,4110,1,22,2,8.0,8,8.0,1
20240102,1,7664888,1,2,1160000.0,1160000.0,48,85,8530,5120,1,41,2,8.0,8,8.0,1
20240102,1,7664888,1,4,1160000.0,1160000.0,60,23,2310,3122,1,24,1,5.0,8,8.0,1
20240102,1,7664891,1,2,1160000.0,1160000.0,48,22,2229,8142,1,24,1,5.0,8,8.0,1
20240102,1,7664891,1,3,1500000.0,1500000.0,48,23,2310,3122,1,36,1,8.0,8,8.0,1
20240102,1,7664892,1,1,1380000.0,1160000.0,40,55,5511,9112,1,43,2,5.0,8,8.0,1
20240102,1,7664893,1,2,1600000.0,1600000.0,48,46,4643,1420,1,36,2,8.0,8,8.0,1
20240102,1,7664893,1,3,1400000.0,1400000.0,48,29,2910,5223,1,34,1,10.0,8,8.0,1
20240102,1,7664897,1,1,1300000.0,1300000.0,48,49,4923,8343,1,50,1,5.0,8,8.0,1
20240102,1,7664899,1,1,1800000.0,1800000.0,48,80,8010,5414,1,56,1,8.0,8,8.0,1
20240102,1,7664900,1,5,1800000.0,1800000.0,70,47,4773,1420,1,56,1,8.0,8,8.0,1
20240102,1,7664902,1,1,1160000.0,1160000.0,48,81,8121,9112,1,39,1,5.0,8,8.0,1
20240102,1,7664902,1,2,1160000.0,1160000.0,48,56,5611,5230,1,30,2,8.0,8,8.0,1
20240102,1,7664903,1,1,1000000.0,1000000.0,60,45,4520,7231,1,42,1,5.0,8,8.0,1
20240102,1,7664904,1,1,1900000.0,1900000.0,60,47,4771,1420,1,19,1,8.0,8,8.0,1
20240102,1,7664906,1,1,1550000.0,1400000.0,60,47,4711,8332,1,36,1,5.0,8,8.0,1
20240102,1,7664907,1,3,1050000.0,900000.0,48,10,1081,5131,1,24,2,5.0,8,8.0,1
20240102,1,7664911,1,1,1160000.0,1160000.0,48,85,8530,9112,1,54,2,3.0,8,8.0,1
20240102,1,7664912,1,1,1160000.0,1160000.0,48,36,3600,3359,1,33,1,8.0,8,8.0,1
20240102,1,7664912,1,2,1160000.0,1160000.0,48,47,4773,5329,1,29,2,8.0,8,8.0,1
20240102,1,7664913,1,1,1650000.0,1650000.0,48,52,5229,4323,1,36,1,8.0,8,8.0,1
20240102,1,7664913,1,2,1600000.0,1600000.0,48,46,4669,3343,1,36,2,10.0,8,8.0,1
20240102,1,7664914,1,1,1300000.0,1300000.0,48,81,8129,7544,1,43,1,8.0,8,8.0,1
20240102,1,7664917,1,2,1400000.0,1300000.0,47,10,1040,4110,1,33,2,10.0,8,8.0,1
20240102,1,7664919,1,3,1160000.0,1160000.0,48,41,4111,8342,1,24,1,8.0,8,8.0,1
20240102,1,7664923,1,1,1200000.0,1200000.0,50,47,4721,5223,1,26,2,4.0,8,8.0,1
20240102,1,7664923,1,2,1500000.0,1500000.0,50,47,4721,5223,1,31,1,5.0,8,8.0,1
20240102,1,7664927,1,1,1160000.0,1160000.0,48,47,4773,3213,1,45,2,8.0,8,8.0,1
20240102,1,7664930,1,3,1160000.0,1160000.0,48,82,8220,4222,1,20,1,5.0,8,8.0,1
20240102,1,7664932,1,1,1160000.0,1160000.0,48,47,4754,5223,1,31,1,5.0,8,8.0,1
20240102,1,7664933,1,1,1200000.0,1200000.0,48,47,4799,5243,1,56,1,5.0,8,8.0,1
20240102,1,7664938,1,1,1400000.0,1400000.0,48,47,4711,5414,1,22,1,5.0,8,8.0,1
20240102,1,7664939,1,1,2800000.0,2500000.0,120,49,4923,8332,1,59,1,5.0,8,8.0,1
20240102,1,7664940,1,2,1160000.0,1160000.0,48,47,4772,5223,1,27,2,5.0,8,8.0,1
20240102,1,7664941,1,2,1200000.0,1200000.0,48,36,3600,7126,1,47,1,5.0,8,8.0,1
20240102,1,7664943,1,1,1160000.0,1160000.0,48,52,5221,4323,1,40,1,8.0,8,8.0,1
20240102,1,7664946,1,4,2100000.0,1800000.0,48,33,3311,1212,1,36,1,10.0,8,8.0,1
20240102,1,7664947,1,2,1160000.0,1160000.0,48,80,8010,5414,1,46,1,4.0,8,8.0,1
20240102,1,7664949,1,1,1160000.0,1160000.0,48,47,4731,5223,1,23,1,5.0,8,8.0,1
20240102,1,7664952,1,1,2900000.0,2900000.0,48,25,2511,3341,1,49,1,10.0,8,8.0,1
20240102,1,7664952,1,3,1800000.0,1800000.0,48,35,3511,2521,1,22,1,10.0,8,8.0,1
20240102,1,7664953,1,3,1700000.0,1700000.0,48,47,4754,2166,1,30,1,5.0,8,8.0,1
20240102,1,7664957,1,1,1300000.0,1300000.0,48,53,5320,8332,1,61,1,5.0,8,8.0,1
20240102,1,7664957,1,4,1300000.0,1300000.0,48,45,4520,1439,1,27,1,5.0,8,8.0,1
20240102,1,7664959,1,1,1160000.0,1160000.0,50,43,4322,7126,1,25,1,5.0,8,8.0,1
20240102,1,7664963,1,1,1160000.0,1160000.0,48,86,8610,6113,1,31,1,4.0,8,8.0,1
20240102,1,7664963,1,2,1160000.0,1160000.0,48,85,8530,9112,1,34,2,3.0,8,8.0,1
20240102,1,7664965,1,4,3000000.0,3000000.0,48,82,8220,2423,1,30,2,11.0,8,8.0,1
20240102,1,7664966,1,1,4000000.0,4000000.0,48,61,6110,3522,1,42,1,10.0,8,8.0,1
20240102,1,7664966,1,2,3000000.0,3000000.0,48,61,6120,3341,1,39,2,10.0,8,8.0,1
20240102,1,7664967,1,1,2800000.0,2600000.0,48,33,3312,7119,1,41,1,10.0,8,8.0,1
20240102,1,7664967,1,2,1300000.0,1300000.0,48,47,4772,5223,1,38,2,5.0,8,8.0,1
20240102,1,7664968,1,3,1160000.0,1160000.0,48,82,8220,4222,1,30,1,10.0,8,8.0,1
20240102,1,7664970,1,1,1400000.0,1400000.0,60,45,4520,4225,1,58,1,5.0,8,8.0,1
20240102,1,7664970,1,2,1400000.0,1400000.0,60,45,4520,4110,1,55,2,5.0,8,8.0,1
20240102,1,7664971,1,2,2000000.0,2000000.0,48,86,8610,2264,1,33,2,10.0,8,8.0,1
20240102,1,7664974,1,2,1160000.0,1160000.0,48,92,9200,5230,1,29,2,5.0,8,8.0,1
20240102,1,7664975,1,1,1300000.0,1300000.0,48,93,9321,4110,1,33,2,8.0,8,8.0,1
20240102,1,7664975,1,2,1200000.0,1200000.0,48,69,6910,9112,1,38,1,5.0,8,8.0,1
20240102,1,7664980,1,1,800000.0,800000.0,40,64,6499,4214,1,23,1,5.0,8,8.0,1
20240102,1,7664981,1,3,1300000.0,1300000.0,48,47,4711,7112,1,35,1,10.0,8,8.0,1
20240102,1,7664981,1,8,1400000.0,1400000.0,48,42,4210,9313,1,30,1,5.0,8,8.0,1
20240102,1,7664982,1,3,1800000.0,1800000.0,48,43,4321,7412,1,32,1,9.0,8,8.0,1
20240102,1,7664982,1,4,1300000.0,1300000.0,40,85,8512,2342,1,33,2,8.0,8,8.0,1
20240102,1,7664984,1,2,1160000.0,1160000.0,48,46,4663,5223,1,33,2,9.0,8,8.0,1
20240102,1,7664986,1,1,1160000.0,1160000.0,12,49,4923,4321,1,56,1,3.0,8,8.0,1
20240102,1,7664988,1,1,1160000.0,1160000.0,48,47,4771,5223,1,35,2,5.0,8,8.0,1
20240102,1,7664988,1,2,1160000.0,1160000.0,48,42,4210,8342,1,38,1,5.0,8,8.0,1
20240102,1,7664988,1,6,1160000.0,1160000.0,48,47,4711,5414,1,23,1,5.0,8,8.0,1
20240102,1,7664989,1,4,1160000.0,1160000.0,48,47,4711,4321,1,24,1,5.0,8,8.0,1
20240102,1,7664991,1,2,1160000.0,1160000.0,48,49,4921,4415,1,27,2,5.0,8,8.0,1
20240102,1,7664992,1,1,1500000.0,1500000.0,48,68,6820,5414,1,58,1,5.0,8,8.0,1
20240102,1,7664992,1,3,1160000.0,1160000.0,48,20,2021,9112,1,31,1,8.0,8,8.0,1
20240102,1,7664997,1,3,1500000.0,1500000.0,48,55,5511,4224,1,25,2,5.0,8,8.0,1
20240102,1,7664997,1,4,2800000.0,2800000.0,48,23,2394,2141,1,30,1,10.0,8,8.0,1
20240102,1,7664999,1,1,1700000.0,1600000.0,48,25,2592,4321,1,32,1,10.0,8,8.0,1
20240102,1,7664999,1,2,2000000.0,2000000.0,48,70,7020,2431,1,32,2,10.0,8,8.0,1
20240102,1,7665000,1,1,1160000.0,1160000.0,48,85,8552,5414,1,53,1,5.0,8,8.0,1
20240102,1,7665002,1,1,1160000.0,1160000.0,48,25,2512,7132,1,29,1,5.0,8,8.0,1
20240102,1,7665003,1,1,1200000.0,1200000.0,60,47,4771,5223,1,44,1,5.0,8,8.0,1
20240102,1,7665003,1,6,1300000.0,1300000.0,50,11,1104,5242,1,43,2,5.0,8,8.0,1
20240102,1,7665004,1,1,2000000.0,2000000.0,60,45,4520,7231,1,46,1,10.0,8,8.0,1
20240101,1,7668128,1,1,1921000.0,1921000.0,48,43,4330,7122,1,27,1,5.0,8,8.0,1
20240101,1,7668128,1,2,1160000.0,1160000.0,48,56,5619,9411,1,25,2,8.0,8,8.0,1
20240103,1,7669377,1,1,3000000.0,3000000.0,46,73,7310,2431,1,25,2,10.0,8,8.0,1
20240103,1,7669378,1,2,1500000.0,1500000.0,52,47,4761,5223,1,30,2,5.0,8,8.0,1
20240103,1,7669381,1,1,1160000.0,1160000.0,48,68,6820,9112,1,37,1,5.0,8,8.0,1
20240103,1,7669384,1,2,1160000.0,1160000.0,56,47,4771,4321,1,57,1,3.0,8,8.0,1
20240103,1,7669385,1,5,500000.0,500000.0,48,15,1522,9329,1,17,1,4.0,8,8.0,1
20240103,1,7669387,1,1,1200000.0,1200000.0,48,25,2511,7115,1,29,1,10.0,8,8.0,1
20240103,1,7669387,1,2,980000.0,800000.0,46,56,5611,5120,1,28,2,5.0,8,8.0,1
20240103,1,7669388,1,1,1500000.0,1500000.0,48,21,2100,8131,1,39,1,8.0,8,8.0,1
20240103,1,7669390,1,1,1100000.0,1100000.0,40,95,9512,7422,1,29,1,8.0,8,8.0,1
20240103,1,7671919,1,1,15000000.0,15000000.0,48,41,4111,1120,1,29,2,12.0,8,8.0,1
20240103,1,7671924,1,1,5000000.0,5000000.0,40,85,8560,1221,1,24,1,10.0,8,8.0,1
20240103,1,7671926,1,2,12000000.0,12000000.0,48,68,6820,2411,1,40,2,12.0,8,8.0,1
20240103,1,7671927,1,1,5000000.0,5000000.0,48,42,4210,2413,1,38,1,11.0,8,8.0,1
20240103,1,7671927,1,2,5000000.0,5000000.0,48,42,4210,2142,1,41,2,11.0,8,8.0,1
20240103,1,7671931,1,1,3500000.0,3500000.0,48,64,6412,3322,1,30,1,11.0,8,8.0,1
20240103,1,7671931,1,2,2500000.0,2500000.0,48,56,5611,1412,1,30,2,11.0,8,8.0,1
20240103,1,7671932,1,1,4800000.0,4800000.0,48,42,4210,2142,1,42,1,10.0,8,8.0,1
20240103,1,7671932,1,2,4000000.0,4000000.0,48,42,4210,2142,1,42,2,10.0,8,8.0,1
20240103,1,7671933,1,1,3500000.0,3500000.0,48,49,4923,3339,1,29,1,10.0,8,8.0,1
20240103,1,7671935,1,1,1800000.0,1800000.0,48,70,7020,2422,1,39,2,10.0,8,8.0,1
20240103,1,7671936,1,2,6000000.0,6000000.0,48,56,5611,1412,1,36,2,10.0,8,8.0,1
20240103,1,7671944,1,1,8000000.0,3000000.0,48,64,6499,3341,1,34,1,11.0,8,8.0,1
20240103,1,7671945,1,1,1160000.0,1160000.0,48,82,8220,4214,1,25,2,10.0,8,8.0,1
20240103,1,7671945,1,3,1160000.0,1160000.0,48,10,1012,4321,1,28,1,10.0,8,8.0,1
20240103,1,7671946,1,1,3000000.0,3000000.0,48,71,7120,2133,1,46,1,10.0,8,8.0,1
20240103,1,7671948,1,1,2000000.0,2000000.0,48,47,4754,5223,1,51,1,9.0,8,8.0,1
20240103,1,7671949,1,1,8600000.0,4600000.0,40,85,8544,2310,1,36,1,12.0,8,8.0,1
20240103,1,7671949,1,2,4000000.0,4000000.0,48,42,4210,3123,1,33,2,10.0,8,8.0,1
20240103,1,7671950,2,2,3000000.0,3000000.0,40,47,4774,5223,1,32,2,10.0,8,8.0,1
20240103,1,7671951,1,1,3000000.0,3000000.0,40,80,8010,3322,1,47,2,11.0,8,8.0,1
20240103,1,7671953,1,4,,,48,85,8544,1223,1,29,1,10.0,8,8.0,1
20240103,1,7671955,1,2,2600000.0,2600000.0,48,47,4771,5242,1,29,2,9.0,8,8.0,1
20240103,1,7671960,1,1,1160000.0,1160000.0,48,25,2511,7212,1,33,1,5.0,8,8.0,1
20240103,1,7671961,1,2,1300000.0,1300000.0,60,80,8010,5414,1,45,1,8.0,8,8.0,1
20240103,1,7671962,1,4,600000.0,600000.0,60,41,4111,9313,1,22,1,5.0,8,8.0,1
20240103,1,7671962,1,7,1300000.0,1300000.0,48,31,3120,8159,1,20,1,5.0,8,8.0,1
20240103,1,7671963,1,1,560000.0,560000.0,40,24,2431,3135,1,33,1,5.0,8,8.0,1
20240103,1,7671967,1,6,1160000.0,1160000.0,48,86,8610,2634,1,23,2,10.0,8,8.0,1
20240103,1,7671968,1,1,5900000.0,4500000.0,48,86,8610,2131,1,37,2,10.0,8,8.0,1
20240103,1,7671970,2,1,1160000.0,1160000.0,72,84,8424,5414,1,46,2,5.0,8,8.0,1
20240103,1,7671972,1,2,1300000.0,1300000.0,50,68,6820,7411,1,32,1,5.0,8,8.0,1
20240103,1,7671973,1,3,1160000.0,1160000.0,48,61,6110,3522,1,27,1,8.0,8,8.0,1
20240103,1,7671975,1,1,4000000.0,4000000.0,50,59,5920,2652,1,39,1,10.0,8,8.0,1
20240103,1,7671982,1,1,1160000.0,1160000.0,48,49,4930,7231,1,47,1,5.0,8,8.0,1
20240103,1,7671984,1,1,1700000.0,1700000.0,48,23,2310,9321,1,33,1,5.0,8,8.0,1
20240103,1,7671984,1,2,1160000.0,1160000.0,48,85,8544,9112,1,33,2,5.0,8,8.0,1
20240103,1,7671986,1,1,1300000.0,1300000.0,48,85,8511,5120,1,52,2,8.0,8,8.0,1
20240103,1,7671986,1,4,1300000.0,1300000.0,48,56,5611,5230,1,24,2,6.0,8,8.0,1
20240103,1,7671989,1,1,1480000.0,1480000.0,72,50,5022,5414,1,35,1,5.0,8,8.0,1
20240103,1,7671989,1,2,1400000.0,1400000.0,48,68,6820,7412,1,41,2,5.0,8,8.0,1
20240103,1,7671990,1,1,1500000.0,1500000.0,48,46,4665,1420,1,42,1,8.0,8,8.0,1
20240103,1,7671990,1,2,2000000.0,2000000.0,48,23,2395,1420,1,38,2,10.0,8,8.0,1
20240103,1,7671994,1,5,500000.0,500000.0,40,15,1513,8153,1,30,2,5.0,8,8.0,1
20240103,1,7671995,1,1,1160000.0,1160000.0,48,10,1081,7512,1,39,1,5.0,8,8.0,1
20240103,1,7671996,1,1,1500000.0,1500000.0,48,10,1040,5242,1,48,2,8.0,8,8.0,1
20240103,1,7671996,1,2,1500000.0,1500000.0,48,62,6201,2512,1,31,1,10.0,8,8.0,1
20240103,1,7672000,1,2,1300000.0,1300000.0,48,86,8610,5321,1,36,2,9.0,8,8.0,1
20240103,1,7672002,1,1,1160000.0,1160000.0,72,56,5630,5414,1,43,1,5.0,8,8.0,1
20240103,1,7672004,1,2,1300000.0,1300000.0,48,35,3520,7126,1,47,1,3.0,8,8.0,1
20240103,1,7672004,1,3,1300000.0,1300000.0,48,49,4923,4321,1,20,1,9.0,8,8.0,1
20240103,1,7672004,1,5,1300000.0,1300000.0,48,86,8610,5329,1,22,1,10.0,8,8.0,1
20240103,1,7672004,1,6,1300000.0,1300000.0,48,78,7810,4110,1,23,2,10.0,8,8.0,1
20240103,1,7672006,1,3,1160000.0,1160000.0,48,25,2511,7212,1,27,1,5.0,8,8.0,1
20240103,1,7672008,1,2,1160000.0,1160000.0,48,96,9603,9112,1,42,1,5.0,8,8.0,1
20240103,1,7672010,1,2,400000.0,400000.0,25,47,4723,5223,1,33,2,5.0,8,8.0,1
20240103,1,7672011,1,2,750000.0,750000.0,48,95,9529,7234,1,22,1,5.0,8,8.0,1
20240103,1,7672012,1,2,1160000.0,1160000.0,48,20,2023,8131,1,21,1,3.0,8,8.0,1
20240103,1,7672014,1,9,1200000.0,1200000.0,40,86,8621,4120,1,45,2,8.0,8,8.0,1
20240103,1,7672015,2,1,1300000.0,1300000.0,48,47,4711,9621,1,39,1,10.0,8,8.0,1
20240103,1,7672016,1,3,1300000.0,1300000.0,48,73,7310,2166,1,40,1,9.0,8,8.0,1
20240103,1,7672017,1,4,1800000.0,1800000.0,48,32,3210,2411,1,38,2,10.0,8,8.0,1
20240103,1,7672018,1,3,1500000.0,1500000.0,48,85,8544,4120,1,30,2,10.0,8,8.0,1
20240103,1,7672018,3,1,1300000.0,1300000.0,60,33,3313,7421,1,58,1,8.0,8,8.0,1
20240103,1,7672023,1,4,1500000.0,1500000.0,48,71,7120,3111,1,20,2,10.0,8,8.0,1
20240103,1,7672024,1,3,1200000.0,1200000.0,48,86,8621,2352,1,42,2,10.0,8,8.0,1
20240103,1,7672026,1,1,1000000.0,1000000.0,48,47,4771,5223,1,48,2,9.0,8,8.0,1
20240103,1,7672027,1,4,1300000.0,1300000.0,48,10,1040,4311,1,28,1,10.0,8,8.0,1
20240103,1,7672027,1,8,1500000.0,1500000.0,48,27,2750,3322,1,56,2,8.0,8,8.0,1
20240103,1,7672027,1,10,1300000.0,1300000.0,48,46,4669,5230,1,22,1,10.0,8,8.0,1
20240103,1,7672027,1,11,1600000.0,1600000.0,40,22,2229,3322,1,54,2,8.0,8,8.0,1
20240103,1,7672027,1,12,1600000.0,1600000.0,48,56,5619,5132,1,28,2,5.0,8,8.0,1
20240103,1,7672029,1,2,900000.0,900000.0,48,47,4773,8321,1,53,1,4.0,8,8.0,1
20240103,1,7672029,1,6,1160000.0,1160000.0,48,11,1104,7233,1,70,1,3.0,8,8.0,1
20240103,1,7672030,1,2,1160000.0,1160000.0,48,86,8610,5321,1,46,2,10.0,8,8.0,1
20240103,1,7672032,1,3,1160000.0,1160000.0,48,38,3811,9613,1,41,1,5.0,8,8.0,1
20240103,1,7672032,1,6,1160000.0,1160000.0,48,82,8220,4222,1,26,2,8.0,8,8.0,1
20240103,1,7672032,1,8,1160000.0,1160000.0,48,29,2910,5230,1,25,2,10.0,8,8.0,1
20240103,1,7672035,1,1,2750000.0,2500000.0,48,50,5022,8350,1,60,1,4.0,8,8.0,1
20240103,1,7672039,1,2,1200000.0,1200000.0,48,56,5611,5120,1,34,2,10.0,8,8.0,1
20240103,1,7672040,1,1,1200000.0,1200000.0,60,56,5611,5131,1,48,1,3.0,8,8.0,1
20240103,1,7672046,1,2,1160000.0,1160000.0,48,49,4923,8332,1,59,1,8.0,8,8.0,1
20240103,1,7672046,1,4,1160000.0,1160000.0,48,13,1312,3122,1,61,1,8.0,8,8.0,1
20240103,1,7672048,1,1,1700000.0,1700000.0,48,49,4923,8323,1,37,1,5.0,8,8.0,1
20240103,1,7672049,1,2,900000.0,900000.0,70,52,5224,9333,1,51,1,3.0,8,8.0,1
20240103,1,7672049,1,3,2000000.0,2000000.0,48,82,8220,3322,1,21,1,10.0,8,8.0,1
20240103,1,7672051,1,2,1160000.0,1160000.0,48,56,5611,4321,1,23,1,5.0,8,8.0,1
20240103,1,7672052,1,1,1400000.0,1400000.0,48,49,4921,5112,1,47,1,5.0,8,8.0,1
20240103,1,7672052,1,2,1300000.0,1300000.0,60,85,8530,9112,1,37,2,5.0,8,8.0,1
20240103,1,7672055,1,1,1200000.0,1200000.0,48,86,8691,3211,1,35,2,8.0,8,8.0,1
20240103,1,7672055,1,2,1600000.0,1600000.0,60,41,4111,7126,1,37,1,5.0,8,8.0,1
20240103,1,7672056,1,1,1700000.0,1700000.0,70,49,4921,8331,1,28,1,5.0,8,8.0,1
20240103,1,7672056,1,2,1200000.0,1200000.0,50,14,1410,7531,1,22,2,8.0,8,8.0,1
20240103,1,7672057,1,1,3000000.0,3000000.0,45,62,6209,2511,1,23,1,10.0,8,8.0,1
20240103,1,7672058,1,1,2000000.0,1500000.0,60,22,2229,8142,1,50,1,8.0,8,8.0,1
20240103,1,7672059,1,1,1300000.0,1300000.0,60,11,1103,8344,1,36,1,5.0,8,8.0,1
20240103,1,7672065,1,1,16000000.0,16000000.0,40,58,5820,2511,1,38,1,10.0,8,8.0,1
20240103,1,7672066,1,3,1300000.0,1300000.0,48,47,4773,5223,1,39,2,5.0,8,8.0,1
20240103,1,7672067,1,1,16000000.0,16000000.0,46,85,8544,2310,1,55,1,13.0,8,8.0,1
20240103,1,7672068,1,3,1500000.0,1500000.0,48,86,8621,2264,1,38,2,10.0,8,8.0,1
20240103,1,7672068,1,4,3500000.0,3500000.0,48,86,8610,2221,1,44,2,10.0,8,8.0,1
20240103,1,7672069,1,1,3600000.0,3600000.0,48,35,3520,3511,1,34,1,8.0,8,8.0,1
20240103,1,7672069,1,2,4000000.0,4000000.0,48,64,6423,2412,1,37,2,10.0,8,8.0,1
20240103,1,7672074,1,1,2000000.0,2000000.0,40,58,5820,2511,1,43,1,10.0,8,8.0,1
20240103,1,7678159,1,1,1300000.0,1300000.0,48,85,8544,5153,1,42,1,9.0,8,8.0,1
20240104,1,7678163,1,1,7800000.0,7800000.0,48,94,9499,2411,1,46,2,11.0,8,8.0,1
20240104,1,7678166,1,1,1300000.0,1300000.0,48,22,2229,8142,1,39,1,4.0,8,8.0,1
20240104,1,7678166,1,3,1300000.0,1300000.0,48,11,1104,5242,1,18,2,5.0,8,8.0,1
20240104,1,7682270,1,2,1200000.0,1200000.0,40,85,8559,8183,1,26,1,10.0,8,8.0,1
20240104,1,7682271,1,4,1160000.0,1160000.0,48,22,2229,8142,1,34,1,5.0,8,8.0,1
20240104,1,7682273,1,1,2000000.0,2000000.0,40,85,8530,2330,1,63,1,10.0,8,8.0,1
20240104,1,7682274,1,1,3900000.0,3900000.0,46,69,6910,2411,1,23,2,10.0,8,8.0,1
20240104,1,7682276,1,2,1500000.0,1500000.0,40,24,2410,3322,1,57,1,10.0,8,8.0,1
20240104,1,7682276,1,3,3000000.0,3000000.0,44,86,8610,5151,1,23,2,10.0,8,8.0,1
20240104,1,7682277,1,2,3600000.0,3600000.0,40,36,3600,3341,1,35,2,11.0,8,8.0,1
20240104,1,7682278,1,3,,,48,82,8220,3341,1,41,1,10.0,8,8.0,1
20240104,1,7682279,1,1,1600000.0,1600000.0,48,47,4754,4311,1,26,2,8.0,8,8.0,1
20240104,1,7682281,1,1,3200000.0,1500000.0,84,47,4711,1420,1,45,1,3.0,8,8.0,1
20240104,1,7682281,1,4,1600000.0,800000.0,84,47,4711,5223,1,41,1,5.0,8,8.0,1
20240104,1,7682283,1,2,1000000.0,1000000.0,40,96,9602,5141,1,55,2,8.0,8,8.0,1
20240104,1,7682283,1,3,1600000.0,1600000.0,40,69,6910,2611,1,31,1,10.0,8,8.0,1
20240104,1,7682284,1,4,3000000.0,3000000.0,60,82,8220,4222,1,28,2,10.0,8,8.0,1
20240104,1,7682284,1,5,1800000.0,1800000.0,48,82,8220,4222,1,32,1,5.0,8,8.0,1
20240104,1,7682286,1,1,1600000.0,1600000.0,50,56,5611,1412,1,64,1,5.0,8,8.0,1
20240104,1,7682289,1,2,4000000.0,4000000.0,48,86,8610,2211,1,50,1,10.0,8,8.0,1
20240104,1,7682293,1,1,4000000.0,4000000.0,48,85,8543,2411,1,46,2,10.0,8,8.0,1
20240104,1,7682293,1,2,2600000.0,2600000.0,48,49,4923,3339,1,21,1,10.0,8,8.0,1
20240104,1,7682294,1,1,850000.0,850000.0,48,96,9609,5142,1,43,2,9.0,8,8.0,1
20240104,1,7682295,1,2,2500000.0,2500000.0,44,80,8010,1212,1,42,2,10.0,8,8.0,1
20240104,1,7682297,1,1,1500000.0,1500000.0,40,86,8610,2264,1,36,1,11.0,8,8.0,1
20240104,1,7682297,1,2,1160000.0,1160000.0,48,86,8621,5321,1,31,2,8.0,8,8.0,1
20240104,1,7682298,1,1,2300000.0,2300000.0,48,86,8610,2634,1,32,2,11.0,8,8.0,1
20240104,1,7682299,1,1,2800000.0,2800000.0,48,64,6412,3322,1,47,2,10.0,8,8.0,1
20240104,1,7682300,1,1,1500000.0,1500000.0,48,55,5511,3434,1,33,1,8.0,8,8.0,1
20240104,1,7682302,1,1,2300000.0,2300000.0,48,45,4520,5223,1,50,1,5.0,8,8.0,1
20240104,1,7682307,1,1,3000000.0,3000000.0,30,47,4771,2411,1,33,2,10.0,8,8.0,1
20240104,1,7682308,1,1,2950000.0,1500000.0,20,86,8622,2261,1,24,2,10.0,8,8.0,1
20240104,1,7682309,1,1,3500000.0,3500000.0,47,86,8610,2411,1,55,1,10.0,8,8.0,1
20240104,1,7682318,1,1,1400000.0,1400000.0,48,68,6820,5414,1,56,1,10.0,8,8.0,1
20240104,1,7682318,1,2,1160000.0,1160000.0,48,31,3110,4120,1,54,2,10.0,8,8.0,1
20240104,1,7682321,1,1,1500000.0,1500000.0,48,46,4631,5223,1,43,1,9.0,8,8.0,1
20240104,1,7682321,1,5,2000000.0,2000000.0,48,46,4631,5223,1,62,2,4.0,8,8.0,1
20240104,1,7682324,1,1,1850000.0,1850000.0,48,20,2023,9321,1,36,1,8.0,8,8.0,1
20240104,1,7682324,1,2,1910000.0,1910000.0,48,86,8621,2264,1,35,2,11.0,8,8.0,1
20240104,1,7682330,1,3,1160000.0,1160000.0,25,47,4773,5223,1,24,1,8.0,8,8.0,1
20240104,1,7682333,1,5,1250000.0,1250000.0,50,31,3110,7316,1,40,1,4.0,8,8.0,1
20240104,1,7682335,1,1,1050000.0,800000.0,72,49,4923,8332,1,76,1,3.0,8,8.0,1
20240104,1,7682335,1,3,500000.0,500000.0,48,56,5611,5120,1,45,2,3.0,8,8.0,1
20240104,1,7682335,1,4,800000.0,800000.0,70,41,4112,7112,1,50,1,1.0,8,8.0,1
20240104,1,7682335,1,8,680000.0,680000.0,60,56,5619,9411,1,30,1,3.0,8,8.0,1
20240104,1,7682337,1,4,1300000.0,1300000.0,48,68,6820,9112,1,33,1,5.0,8,8.0,1
20240104,1,7682337,1,6,1300000.0,1300000.0,48,10,1081,9112,1,31,2,5.0,8,8.0,1
20240104,1,7682339,1,2,1160000.0,1160000.0,48,85,8530,9112,1,39,2,5.0,8,8.0,1
20240104,1,7682342,1,4,1160000.0,1160000.0,70,87,8730,5322,1,59,1,3.0,8,8.0,1
20240104,1,7682344,1,1,2400000.0,2400000.0,48,35,3520,9626,1,35,1,5.0,8,8.0,1
20240104,1,7682345,1,1,500000.0,500000.0,30,41,4111,9313,1,54,1,4.0,8,8.0,1
20240104,1,7682347,1,1,1160000.0,1160000.0,48,71,7111,5414,1,25,1,5.0,8,8.0,1
20240104,1,7682347,1,2,80000.0,80000.0,20,47,4773,5223,1,27,2,4.0,8,8.0,1
20240104,1,7682349,1,1,900000.0,900000.0,48,49,4923,8332,1,42,1,5.0,8,8.0,1
20240104,1,7682355,1,1,1600000.0,1600000.0,48,61,6130,7422,1,39,1,9.0,8,8.0,1
20240104,1,7682355,1,5,1300000.0,1300000.0,48,47,4719,9334,1,29,1,8.0,8,8.0,1
20240104,1,7682358,1,3,1300000.0,1300000.0,48,86,8610,4229,1,22,2,8.0,8,8.0,1
20240104,1,7682358,1,4,1500000.0,1500000.0,60,86,8610,3511,1,24,1,8.0,8,8.0,1
20240104,1,7682359,1,1,1300000.0,1300000.0,60,43,4321,7413,1,32,1,5.0,8,8.0,1
20240104,1,7682359,1,2,1300000.0,1300000.0,48,86,8610,5329,1,32,2,5.0,8,8.0,1
20240104,1,7682361,1,2,400000.0,400000.0,24,85,8552,2355,1,33,2,8.0,8,8.0,1
20240104,1,7682362,1,1,1500000.0,1500000.0,72,84,8424,5414,1,57,1,5.0,8,8.0,1
20240104,1,7682364,1,1,1200000.0,1200000.0,48,47,4754,5223,1,61,1,5.0,8,8.0,1
20240104,1,7682364,1,4,1300000.0,1300000.0,48,93,9329,4110,1,28,1,10.0,8,8.0,1
20240104,1,7682365,1,1,1200000.0,1200000.0,50,96,9602,5141,1,35,2,5.0,8,8.0,1
20240104,1,7682365,1,3,950000.0,950000.0,45,96,9602,9112,1,38,2,8.0,8,8.0,1
20240104,1,7682365,1,4,800000.0,800000.0,40,96,9602,5142,1,20,2,5.0,8,8.0,1
20240104,1,7682365,1,7,1060000.0,1060000.0,48,47,4774,5223,1,21,1,5.0,8,8.0,1
20240104,1,7682366,1,1,800000.0,800000.0,70,47,4711,5223,1,67,2,3.0,8,8.0,1
20240104,1,7682366,1,2,600000.0,600000.0,70,47,4711,5223,1,66,1,3.0,8,8.0,1
20240104,1,7682366,1,3,600000.0,600000.0,70,47,4711,5223,1,50,2,5.0,8,8.0,1
20240104,1,7682367,1,1,2320000.0,2320000.0,48,56,5611,3434,1,28,1,5.0,8,8.0,1
20240104,1,7682368,1,1,400000.0,400000.0,40,49,4923,8332,1,51,1,5.0,8,8.0,1
20240104,1,7682372,1,1,960000.0,720000.0,48,46,4665,9612,1,19,1,5.0,8,8.0,1
20240104,1,7682373,1,2,1160000.0,1160000.0,36,47,4773,3213,1,23,2,8.0,8,8.0,1
20240104,1,7682373,1,3,1160000.0,1160000.0,48,20,2011,8183,1,37,1,5.0,8,8.0,1
20240104,1,7682375,1,1,1900000.0,1400000.0,48,13,1399,8152,1,46,1,5.0,8,8.0,1
20240104,1,7682376,1,3,1200000.0,1200000.0,70,55,5530,5414,1,41,1,10.0,8,8.0,1
20240104,1,7682376,1,5,1520000.0,1160000.0,90,46,4631,9621,1,20,1,5.0,8,8.0,1
20240104,1,7682377,1,2,1400000.0,1400000.0,48,64,6422,4214,1,37,2,8.0,8,8.0,1
20240104,1,7682378,1,2,500000.0,500000.0,30,85,8530,2330,1,45,2,7.0,8,8.0,1
20240104,1,7682378,1,4,1160000.0,1160000.0,47,47,4772,5223,1,35,2,8.0,8,8.0,1
20240104,1,7682379,1,4,1300000.0,1300000.0,48,47,4772,5230,1,35,2,5.0,8,8.0,1
20240104,1,7682381,1,1,1160000.0,1160000.0,48,45,4530,4321,1,27,1,8.0,8,8.0,1
20240104,1,7682382,1,2,300000.0,300000.0,25,85,8530,2341,1,40,2,10.0,8,8.0,1
20240104,1,7682383,1,1,1160000.0,1160000.0,48,46,4652,5223,1,53,1,8.0,8,8.0,1
20240104,1,7682383,1,2,1500000.0,1500000.0,48,46,4645,5221,1,49,2,8.0,8,8.0,1
20240104,1,7682383,1,4,1160000.0,1160000.0,48,10,1083,5221,1,24,2,9.0,8,8.0,1
20240104,1,7682385,1,1,1600000.0,1600000.0,48,56,5611,2166,1,28,2,5.0,8,8.0,1
20240104,1,7682386,1,2,1160000.0,1160000.0,48,10,1089,9112,1,33,1,5.0,8,8.0,1
20240104,1,7682389,1,2,700000.0,700000.0,30,45,4520,9122,1,40,1,3.0,8,8.0,1
20240104,1,7682390,1,2,800000.0,800000.0,48,41,4111,7111,1,28,1,3.0,8,8.0,1
20240104,1,7682391,1,5,1300000.0,1300000.0,48,82,8220,4222,1,19,1,5.0,8,8.0,1
20240104,1,7682397,1,4,1460000.0,1460000.0,60,47,4711,7511,1,30,1,5.0,8,8.0,1
20240104,1,7682399,1,1,1000000.0,1000000.0,50,15,1522,7536,1,47,1,4.0,8,8.0,1
20240104,1,7682402,1,1,2500000.0,2500000.0,48,23,2310,3122,1,37,1,8.0,8,8.0,1
20240104,1,7682404,1,1,1300000.0,1300000.0,48,46,4632,4321,1,37,2,8.0,8,8.0,1
20240104,1,7682405,1,2,500000.0,500000.0,40,41,4111,9313,1,30,1,5.0,8,8.0,1
20240104,1,7682405,1,6,1160000.0,1160000.0,48,47,4754,4214,1,34,2,5.0,8,8.0,1
20240104,1,7682409,1,3,700000.0,700000.0,50,64,6499,4214,1,28,1,4.0,8,8.0,1
20240104,1,7682410,1,1,1800000.0,1800000.0,48,47,4773,1420,1,53,1,8.0,8,8.0,1
20240104,1,7682411,1,1,1300000.0,1300000.0,48,14,1410,7531,1,38,2,8.0,8,8.0,1
20240104,1,7682411,1,6,,,48,53,5320,8344,1,41,1,8.0,8,8.0,1
20240104,1,7682413,1,1,1300000.0,1300000.0,48,82,8291,1211,1,52,1,10.0,8,8.0,1
20240104,1,7682414,1,3,1300000.0,1300000.0,70,53,5320,8332,1,50,1,5.0,8,8.0,1
20240104,1,7682414,1,5,1300000.0,1300000.0,48,42,4210,3257,1,25,2,9.0,8,8.0,1
20240104,1,7682414,1,6,2000000.0,2000000.0,48,56,5611,9621,1,27,1,5.0,8,8.0,1
20240104,1,7682417,1,1,1950000.0,1800000.0,72,11,1104,7233,1,38,1,8.0,8,8.0,1
20240104,1,7682417,1,2,2500000.0,2500000.0,48,42,4210,1212,1,41,2,10.0,8,8.0,1
20240104,1,7682421,1,2,1400000.0,1400000.0,48,86,8621,5321,1,29,1,8.0,8,8.0,1
20240104,1,7682421,1,3,1300000.0,1200000.0,60,56,5611,9412,1,32,1,5.0,8,8.0,1
20240104,1,7682423,1,1,1300000.0,1300000.0,60,86,8610,9112,1,40,1,9.0,8,8.0,1
20240104,1,7682425,1,2,900000.0,900000.0,30,85,8530,2330,1,44,2,10.0,8,8.0,1
20240104,1,7682425,1,4,1500000.0,1500000.0,40,85,8530,5312,1,28,2,10.0,8,8.0,1
20240104,1,7682427,1,1,1160000.0,1160000.0,48,13,1392,8344,1,53,1,5.0,8,8.0,1
20240104,1,7682427,1,2,1200000.0,1200000.0,48,17,1701,9321,1,44,2,5.0,8,8.0,1
20240104,1,7682429,1,1,1160000.0,1160000.0,48,47,4769,3343,1,40,2,8.0,8,8.0,1
20240103,1,7685255,1,2,800000.0,800000.0,60,10,1081,9412,1,19,1,5.0,8,8.0,1
20240103,1,7685255,1,5,600000.0,600000.0,40,47,4721,5223,1,31,1,4.0,8,8.0,1
20240205,2,7685814,1,3,1300000.0,1300000.0,48,47,4741,3322,1,25,1,5.0,8,8.0,1
20240205,2,7685817,1,3,6500000.0,6500000.0,48,21,2100,1212,1,36,1,11.0,8,8.0,1
20240205,2,7685819,1,1,1300000.0,1300000.0,48,47,4752,4311,1,63,2,8.0,8,8.0,1
20240205,2,7685820,1,1,900000.0,900000.0,40,43,4321,7411,1,70,1,8.0,8,8.0,1
20240205,2,7685821,1,1,1200000.0,1200000.0,50,41,4111,9313,1,35,1,5.0,8,8.0,1
20240205,2,7685824,1,1,1192000.0,912000.0,72,56,5619,5212,1,53,2,5.0,8,8.0,1
20240205,2,7685825,1,1,1900000.0,1900000.0,47,71,7120,9333,1,54,1,5.0,8,8.0,1
20240205,2,7685825,1,3,400000.0,400000.0,24,56,5611,9621,1,17,1,8.0,8,8.0,1
20240205,2,7685827,1,2,1200000.0,1200000.0,48,10,1081,7512,1,32,1,8.0,8,8.0,1
20240205,2,7687958,1,1,9000000.0,9000000.0,45,85,8544,1412,1,38,1,12.0,8,8.0,1
20240205,2,7687961,1,1,2600000.0,2600000.0,48,73,7320,4227,1,61,2,10.0,8,8.0,1
20240205,2,7687962,1,2,2500000.0,2500000.0,45,82,8220,3341,1,23,1,10.0,8,8.0,1
20240205,2,7687965,1,1,4000000.0,4000000.0,40,86,8621,2269,1,53,1,11.0,8,8.0,1
20240205,2,7687965,1,2,6000000.0,6000000.0,40,86,8621,1342,1,45,2,11.0,8,8.0,1
20240205,2,7687969,1,3,1300000.0,1300000.0,48,47,4711,5414,1,47,1,5.0,8,8.0,1
20240205,2,7687969,1,4,1300000.0,1300000.0,48,85,8544,2411,1,25,2,10.0,8,8.0,1
20240205,2,7687970,1,2,2600000.0,2600000.0,48,64,6412,4211,1,38,1,10.0,8,8.0,1
20240205,2,7687971,1,3,1500000.0,1500000.0,48,35,3514,8323,1,59,1,5.0,8,8.0,1
20240205,2,7687972,1,1,1300000.0,1300000.0,48,64,6499,4214,1,45,1,5.0,8,8.0,1
20240205,2,7687973,1,4,1200000.0,1200000.0,47,47,4719,2423,1,45,1,10.0,8,8.0,1
20240205,2,7687974,1,1,3900000.0,3900000.0,46,73,7310,2611,1,49,1,10.0,8,8.0,1
20240205,2,7687974,1,2,4000000.0,4000000.0,48,84,8430,2211,1,54,2,10.0,8,8.0,1
20240205,2,7687977,1,2,1000000.0,1000000.0,32,47,4724,5223,1,25,1,8.0,8,8.0,1
20240205,2,7687980,1,1,1800000.0,1800000.0,48,64,6412,3312,1,41,1,9.0,8,8.0,1
20240205,2,7687980,1,2,1300000.0,1300000.0,48,82,8220,4222,1,39,2,10.0,8,8.0,1
20240205,2,7687982,1,1,1300000.0,1300000.0,48,47,4719,5242,1,45,2,5.0,8,8.0,1
20240205,2,7687984,1,2,3000000.0,3000000.0,48,86,8621,2267,1,52,1,10.0,8,8.0,1
20240205,2,7687985,1,1,4800000.0,4800000.0,48,86,8610,2211,1,26,1,10.0,8,8.0,1
20240205,2,7687986,1,1,2000000.0,2000000.0,40,49,4921,8331,1,54,1,10.0,8,8.0,1
20240205,2,7687987,1,1,1300000.0,1300000.0,48,15,1513,4321,1,50,1,5.0,8,8.0,1
20240205,2,7687988,1,3,1300000.0,1300000.0,48,85,8530,5414,1,39,1,5.0,8,8.0,1
20240205,2,7687989,1,1,1300000.0,1300000.0,44,43,4322,7126,1,57,1,3.0,8,8.0,1
20240205,2,7687992,1,4,550000.0,350000.0,18,88,8891,5311,1,32,2,10.0,8,8.0,1
20240205,2,7687994,1,1,1300000.0,1300000.0,48,94,9491,4321,1,52,2,5.0,8,8.0,1
20240205,2,7687994,1,4,800000.0,800000.0,48,56,5611,5131,1,31,1,5.0,8,8.0,1
20240205,2,7687995,1,1,1300000.0,1300000.0,48,64,6412,9112,1,62,2,5.0,8,8.0,1
20240205,2,7687995,1,4,900000.0,900000.0,48,47,4781,5211,1,72,1,3.0,8,8.0,1
20240205,2,7687995,1,5,1300000.0,1300000.0,48,49,4923,4321,1,38,1,8.0,8,8.0,1
20240205,2,7687996,1,1,1400000.0,1400000.0,48,52,5224,5414,1,43,2,9.0,8,8.0,1
20240205,2,7687996,1,4,1300000.0,1300000.0,48,86,8622,5329,1,21,2,8.0,8,8.0,1
20240205,2,7687998,1,1,2700000.0,2700000.0,48,46,4631,2141,1,56,1,10.0,8,8.0,1
20240205,2,7687999,1,1,1300000.0,1300000.0,112,68,6820,5153,1,50,1,5.0,8,8.0,1
20240205,2,7687999,1,2,1500000.0,1300000.0,48,1,143,5230,1,39,2,5.0,8,8.0,1
20240205,2,7687999,1,3,300000.0,300000.0,16,68,6820,9129,1,26,1,5.0,8,8.0,1
20240205,2,7688000,1,1,1400000.0,1400000.0,48,23,2310,9112,1,42,1,5.0,8,8.0,1
20240205,2,7688001,1,1,1200000.0,1000000.0,48,56,5611,5131,1,32,2,8.0,8,8.0,1
20240205,2,7688002,1,2,1300000.0,1300000.0,48,14,1410,8153,1,36,2,5.0,8,8.0,1
20240205,2,7688004,1,1,300000.0,300000.0,12,10,1089,9412,1,65,2,3.0,8,8.0,1
20240205,2,7688007,1,1,1300000.0,1300000.0,60,56,5611,3434,1,43,2,8.0,8,8.0,1
20240205,2,7688010,1,1,1300000.0,1300000.0,60,96,9602,9112,1,39,2,5.0,8,8.0,1
20240205,2,7688011,1,3,1500000.0,1500000.0,48,79,7911,4221,1,33,1,10.0,8,8.0,1
20240205,2,7688011,1,4,1400000.0,1400000.0,48,10,1089,8160,1,30,1,8.0,8,8.0,1
20240205,2,7688011,1,5,1300000.0,1300000.0,48,56,5619,7512,1,30,1,6.0,8,8.0,1
20240205,2,7688011,1,6,1400000.0,1400000.0,48,10,1089,5230,1,31,2,6.0,8,8.0,1
20240205,2,7688012,1,2,1400000.0,1400000.0,48,10,1081,7512,1,27,1,5.0,8,8.0,1
20240205,2,7688013,1,1,1300000.0,1300000.0,48,14,1410,5414,1,48,1,5.0,8,8.0,1
20240205,2,7688014,1,2,2200000.0,2200000.0,48,42,4290,2142,1,35,1,11.0,8,8.0,1
20240205,2,7688015,1,2,1500000.0,1500000.0,60,23,2310,9333,1,27,1,5.0,8,8.0,1
20240205,2,7688015,1,3,1300000.0,1300000.0,70,80,8010,5230,1,34,2,5.0,8,8.0,1
20240205,2,7688016,1,2,1200000.0,1200000.0,50,52,5224,9333,1,29,1,4.0,8,8.0,1
20240205,2,7688016,1,4,500000.0,500000.0,48,14,1410,9321,1,29,2,4.0,8,8.0,1
20240205,2,7688018,1,1,1430000.0,1430000.0,48,61,6120,3322,1,43,2,8.0,8,8.0,1
20240205,2,7688019,1,2,1200000.0,1200000.0,48,42,4210,8342,1,53,1,3.0,8,8.0,1
20240205,2,7688019,1,10,400000.0,400000.0,48,47,4729,9333,1,36,1,5.0,8,8.0,1
20240205,2,7688020,1,1,1300000.0,1300000.0,48,78,7810,3341,1,36,1,10.0,8,8.0,1
20240205,2,7688022,1,1,1460000.0,1460000.0,48,46,4663,9112,1,35,1,5.0,8,8.0,1
20240205,2,7688022,1,2,1000000.0,1000000.0,48,41,4112,9112,1,35,2,5.0,8,8.0,1
20240205,2,7688023,1,2,1300000.0,1300000.0,60,41,4111,9313,1,46,1,5.0,8,8.0,1
20240205,2,7688023,1,4,1460000.0,1460000.0,48,82,8220,4222,1,24,2,8.0,8,8.0,1
20240205,2,7688025,1,1,1500000.0,1500000.0,48,36,3600,7126,1,38,1,9.0,8,8.0,1
20240205,2,7688025,1,2,580000.0,580000.0,20,42,4210,3257,1,32,2,8.0,8,8.0,1
20240205,2,7688037,1,1,1280000.0,1280000.0,16,47,4724,5223,1,22,2,8.0,8,8.0,1
20240205,2,7688037,1,2,180000.0,180000.0,48,47,4719,5223,1,19,1,8.0,8,8.0,1
20240205,2,7688038,1,3,1440000.0,1200000.0,48,56,5611,9412,1,34,1,5.0,8,8.0,1
20240205,2,7688041,1,1,1300000.0,1300000.0,60,49,4923,9333,1,42,1,5.0,8,8.0,1
20240205,2,7688046,1,7,750000.0,750000.0,60,10,1081,7512,1,21,1,5.0,8,8.0,1
20240205,2,7688047,1,2,1300000.0,1300000.0,48,47,4769,5223,1,50,2,5.0,8,8.0,1
20240205,2,7688048,1,1,1300000.0,1300000.0,48,96,9603,8323,1,46,1,5.0,8,8.0,1
20240205,2,7688050,1,2,1300000.0,1300000.0,48,47,4731,5223,1,29,1,9.0,8,8.0,1
20240205,2,7688052,1,1,1160000.0,1160000.0,60,85,8530,2341,1,31,1,10.0,8,8.0,1
20240205,2,7688052,1,2,1000000.0,1000000.0,40,47,4771,5223,1,29,2,5.0,8,8.0,1
20240205,2,7688052,1,4,960000.0,960000.0,48,92,9200,4212,1,55,1,5.0,8,8.0,1
20240205,2,7688054,1,1,4000000.0,4000000.0,48,64,6412,3341,1,36,1,10.0,8,8.0,1
20240205,2,7688055,1,2,1200000.0,1200000.0,60,45,4520,7213,1,59,1,5.0,8,8.0,1
20240205,2,7688056,1,1,1300000.0,1300000.0,40,49,4923,8332,1,57,1,4.0,8,8.0,1
20240205,2,7688059,1,2,2000000.0,2000000.0,48,31,3110,1212,1,28,1,10.0,8,8.0,1
20240205,2,7688060,1,2,1300000.0,1300000.0,50,2,210,5419,1,34,1,3.0,8,8.0,1
20240205,2,7688060,1,7,960000.0,960000.0,50,2,210,5419,1,31,1,5.0,8,8.0,1
20240205,2,7688063,1,1,1600000.0,1600000.0,60,49,4921,8331,1,43,1,5.0,8,8.0,1
20240205,2,7688065,1,2,1600000.0,1600000.0,48,81,8121,9111,1,35,1,4.0,8,8.0,1
20240205,2,7688066,1,2,1300000.0,1300000.0,48,47,4711,5414,1,31,1,5.0,8,8.0,1
20240205,2,7688067,1,1,800000.0,800000.0,48,15,1522,7536,1,31,2,5.0,8,8.0,1
20240205,2,7688069,1,2,900000.0,900000.0,48,43,4330,7131,1,64,1,3.0,8,8.0,1
20240205,2,7688070,1,1,1160000.0,1160000.0,48,80,8010,5414,1,61,1,3.0,8,8.0,1
20240205,2,7688072,1,1,1300000.0,1000000.0,98,47,4711,5223,1,26,1,5.0,8,8.0,1
20240205,2,7688075,1,1,3000000.0,3000000.0,48,35,3513,2412,1,62,1,11.0,8,8.0,1
20240205,2,7688076,1,2,3600000.0,3600000.0,48,73,7310,2511,1,21,1,10.0,8,8.0,1
20240205,2,7688077,1,1,4200000.0,4200000.0,48,38,3812,1212,1,42,1,10.0,8,8.0,1
20240205,2,7688084,1,2,2800000.0,2800000.0,48,85,8544,2166,1,23,2,10.0,8,8.0,1
20240205,2,7691038,1,6,1300000.0,1300000.0,48,42,4210,9111,1,22,1,5.0,8,8.0,1
20240205,2,7691039,1,3,1160000.0,1160000.0,48,85,8544,4110,1,21,2,5.0,8,8.0,1
20240206,2,7691040,1,1,1300000.0,1300000.0,47,56,5611,5131,1,32,2,5.0,8,8.0,1
20240206,2,7691041,1,1,1300000.0,1300000.0,47,68,6820,9112,1,44,1,5.0,8,8.0,1
20240206,2,7691042,1,3,1400000.0,1400000.0,48,49,4923,4110,1,28,1,10.0,8,8.0,1
20240206,2,7691044,1,2,2800000.0,2500000.0,48,11,1103,7233,1,45,1,9.0,8,8.0,1
20240206,2,7691046,1,1,1600000.0,1600000.0,48,94,9499,3343,1,49,2,9.0,8,8.0,1
20240206,2,7691046,1,2,1300000.0,1300000.0,48,86,8610,3344,1,23,1,10.0,8,8.0,1
20240206,2,7691046,1,3,1300000.0,1300000.0,48,56,5619,2411,1,22,2,10.0,8,8.0,1
20240206,2,7692820,1,2,800000.0,800000.0,56,41,4111,9313,1,47,1,3.0,8,8.0,1
20240206,2,7692820,1,3,500000.0,500000.0,56,41,4111,9313,1,20,1,5.0,8,8.0,1
20240206,2,7692821,1,2,1600000.0,1600000.0,60,49,4921,8331,1,36,1,3.0,8,8.0,1
20240206,2,7692822,1,2,1300000.0,1300000.0,50,52,5224,9333,1,36,1,5.0,8,8.0,1
20240206,2,7692823,1,1,1300000.0,1300000.0,48,17,1701,8114,1,40,2,5.0,8,8.0,1
20240206,2,7692828,1,1,1460000.0,1460000.0,48,14,1410,7531,1,61,2,4.0,8,8.0,1
20240206,2,7692828,1,3,1460000.0,1460000.0,48,21,2100,9321,1,40,2,8.0,8,8.0,1
20240206,2,7692829,1,1,1525000.0,1525000.0,48,50,5021,8332,1,39,1,8.0,8,8.0,1
20240206,2,7692830,1,5,2920000.0,2920000.0,48,21,2100,3341,1,42,2,10.0,8,8.0,1
20240206,2,7692831,1,1,1400000.0,1400000.0,56,47,4711,3322,1,40,1,8.0,8,8.0,1
20240206,2,7692832,1,5,850000.0,700000.0,60,47,4711,9621,1,24,1,5.0,8,8.0,1
20240206,2,7692835,1,3,1500000.0,1500000.0,48,69,6910,4311,1,34,2,10.0,8,8.0,1
20240206,2,7692835,1,10,1360000.0,1360000.0,48,38,3811,3257,1,28,1,8.0,8,8.0,1
20240206,2,7692835,1,11,1350000.0,1350000.0,48,14,1410,8153,1,27,2,5.0,8,8.0,1
20240206,2,7692836,1,3,1800000.0,1800000.0,48,86,8622,5329,1,37,2,8.0,8,8.0,1
20240206,2,7692837,1,2,1300000.0,1300000.0,48,47,4761,5230,1,54,2,5.0,8,8.0,1
20240206,2,7692838,1,3,2500000.0,2500000.0,48,35,3520,7126,1,43,1,10.0,8,8.0,1
20240206,2,7692842,1,2,180000.0,180000.0,48,47,4774,5221,1,45,1,3.0,8,8.0,1
20240206,2,7692842,1,3,1300000.0,1300000.0,48,41,4112,7112,1,43,1,3.0,8,8.0,1
20240206,2,7692842,1,13,800000.0,800000.0,48,41,4112,7112,1,36,1,1.0,8,8.0,1
20240206,2,7692843,1,1,700000.0,700000.0,40,85,8530,2330,1,77,1,5.0,8,8.0,1
20240206,2,7692843,1,2,1300000.0,1300000.0,48,14,1410,7531,1,75,2,3.0,8,8.0,1
20240206,2,7692843,1,7,1300000.0,1300000.0,48,10,1089,5242,1,28,2,8.0,8,8.0,1
20240206,2,7692844,1,4,1500000.0,1500000.0,40,35,3514,3257,1,42,1,10.0,8,8.0,1
20240206,2,7692847,1,1,2600000.0,2600000.0,48,86,8610,2221,1,33,2,10.0,8,8.0,1
20240206,2,7692847,1,2,1300000.0,1300000.0,48,47,4773,9621,1,34,1,8.0,8,8.0,1
20240206,2,7692848,1,4,1300000.0,1300000.0,40,85,8513,9112,1,37,2,4.0,8,8.0,1
20240206,2,7692848,1,5,1200000.0,1200000.0,70,41,4111,9313,1,42,1,4.0,8,8.0,1
20240206,2,7692848,1,9,1200000.0,1200000.0,70,41,4111,9313,1,43,1,4.0,8,8.0,1
20240206,2,7692848,1,12,1200000.0,1200000.0,60,41,4111,9313,1,28,1,4.0,8,8.0,1
20240206,2,7692848,1,16,1200000.0,1200000.0,60,41,4111,9313,1,24,1,5.0,8,8.0,1
20240206,2,7692848,1,22,1300000.0,1300000.0,50,46,4631,4110,1,39,2,5.0,8,8.0,1
20240206,2,7692849,1,3,1300000.0,1300000.0,48,22,2219,8141,1,25,2,5.0,8,8.0,1
20240206,2,7692852,1,4,1000000.0,1000000.0,48,80,8010,5414,1,21,1,5.0,8,8.0,1
20240206,2,7692852,1,8,1465000.0,1465000.0,48,23,2310,8181,1,33,1,5.0,8,8.0,1
20240206,2,7692852,1,9,400000.0,400000.0,48,46,4632,5242,1,23,2,8.0,8,8.0,1
20240206,2,7692854,1,3,1510000.0,1300000.0,47,55,5511,5414,1,34,1,5.0,8,8.0,1
20240206,2,7692855,1,2,2000000.0,2000000.0,48,71,7112,5414,1,59,1,5.0,8,8.0,1
20240206,2,7692858,1,2,1300000.0,1300000.0,48,47,4752,8332,1,35,1,5.0,8,8.0,1
20240206,2,7692858,1,4,1400000.0,1400000.0,48,49,4923,3341,1,21,2,5.0,8,8.0,1
20240206,2,7692860,1,1,900000.0,900000.0,47,16,1690,7351,1,60,1,5.0,8,8.0,1
20240206,2,7692860,1,3,1300000.0,1300000.0,47,86,8610,4415,1,27,2,10.0,8,8.0,1
20240206,2,7692862,2,3,600000.0,600000.0,40,56,5611,5131,1,37,1,5.0,8,8.0,1
20240206,2,7692862,3,2,800000.0,800000.0,60,41,4111,9313,1,34,1,4.0,8,8.0,1
20240206,2,7692863,1,1,650000.0,650000.0,48,47,4752,7522,1,59,1,1.0,8,8.0,1
20240206,2,7692865,1,2,1300000.0,1300000.0,48,80,8010,5414,1,53,1,4.0,8,8.0,1
20240206,2,7692866,1,1,1300000.0,1300000.0,48,47,4751,5223,1,52,2,5.0,8,8.0,1
20240206,2,7692869,1,2,200000.0,200000.0,16,56,5619,5223,1,26,2,10.0,8,8.0,1
20240206,2,7692871,1,2,1300000.0,1300000.0,48,31,3110,4311,1,43,2,5.0,8,8.0,1
20240206,2,7692872,1,2,800000.0,800000.0,48,81,8121,9112,1,44,1,5.0,8,8.0,1
20240206,2,7692874,1,5,1450000.0,1300000.0,72,42,4220,9333,1,24,1,5.0,8,8.0,1
20240206,2,7692876,1,1,2600000.0,2600000.0,40,64,6412,1346,1,33,2,10.0,8,8.0,1
20240206,2,7692877,1,1,4600000.0,4600000.0,48,94,9491,1212,1,35,1,11.0,8,8.0,1
20240206,2,7692877,1,2,5200000.0,5200000.0,48,70,7010,1212,1,34,2,12.0,8,8.0,1
20240206,2,7692877,1,4,6000000.0,6000000.0,42,85,8544,2310,1,31,2,12.0,8,8.0,1
20240206,2,7692883,1,2,2600000.0,2600000.0,48,82,8220,4222,1,36,1,8.0,8,8.0,1
20240206,2,7692886,1,3,2800000.0,2800000.0,47,82,8220,2634,1,31,1,10.0,8,8.0,1
20240206,2,7692887,1,3,800000.0,600000.0,47,47,4761,5223,1,23,1,8.0,8,8.0,1
20240206,2,7692888,1,3,2500000.0,2500000.0,48,69,6910,4222,1,38,2,10.0,8,8.0,1
20240206,2,7692889,1,1,2000000.0,2000000.0,50,56,5611,1412,1,58,1,8.0,8,8.0,1
20240206,2,7692890,1,2,1800000.0,1800000.0,48,55,5511,4224,1,31,1,10.0,8,8.0,1
20240206,2,7692891,1,2,5000000.0,5000000.0,48,86,8621,2211,1,34,1,10.0,8,8.0,1
20240206,2,7692892,1,2,1600000.0,1600000.0,48,15,1521,5223,1,25,2,10.0,8,8.0,1
20240206,2,7692893,1,1,1500000.0,1500000.0,48,86,8610,3212,1,43,1,8.0,8,8.0,1
20240206,2,7692895,1,1,2200000.0,2200000.0,48,86,8610,3322,1,55,2,5.0,8,8.0,1
20240206,2,7692897,1,2,1600000.0,1600000.0,48,92,9200,4110,1,26,1,10.0,8,8.0,1
20240206,2,7692897,1,4,1500000.0,1500000.0,40,88,8891,2330,1,28,2,10.0,8,8.0,1
20240206,2,7692898,1,1,13000000.0,13000000.0,48,65,6511,3321,1,42,1,11.0,8,8.0,1
20240206,2,7692899,1,1,4000000.0,1300000.0,48,85,8544,2310,1,48,1,11.0,8,8.0,1
20240206,2,7692901,1,1,3000000.0,3000000.0,48,14,1410,5223,1,28,2,10.0,8,8.0,1
20240206,2,7692902,1,1,10000000.0,10000000.0,48,62,6201,2512,1,39,1,11.0,8,8.0,1
20240206,2,7692902,1,2,5000000.0,5000000.0,48,31,3120,1120,1,35,2,12.0,8,8.0,1
20240206,2,7692904,1,2,5200000.0,5200000.0,48,86,8610,2211,1,30,2,10.0,8,8.0,1
20240206,2,7692905,1,1,5000000.0,5000000.0,30,41,4112,2161,1,43,2,11.0,8,8.0,1
20240206,2,7692906,1,1,4800000.0,4800000.0,48,21,2100,2433,1,51,2,10.0,8,8.0,1
20240206,2,7692909,1,2,1300000.0,1300000.0,40,47,4773,5223,1,47,1,9.0,8,8.0,1
20240206,2,7692910,1,2,1300000.0,1300000.0,47,86,8610,9112,1,26,2,5.0,8,8.0,1
20240206,2,7692913,1,4,1300000.0,1300000.0,46,69,6910,3343,1,19,2,10.0,8,8.0,1
20240206,2,7692914,1,1,1300000.0,1300000.0,72,86,8610,5321,1,31,2,8.0,8,8.0,1
20240206,2,7692915,1,2,1360000.0,1360000.0,48,47,4771,5243,1,37,2,8.0,8,8.0,1
20240206,2,7692917,1,2,1650000.0,1650000.0,48,52,5224,1221,1,40,2,5.0,8,8.0,1
20240206,2,7692918,1,1,2000000.0,2000000.0,48,20,2023,3322,1,54,2,5.0,8,8.0,1
20240206,2,7692918,1,2,200000.0,200000.0,15,47,4755,5223,1,28,2,8.0,8,8.0,1
20240206,2,7692922,1,1,2600000.0,2600000.0,48,23,2310,3122,1,33,1,8.0,8,8.0,1
20240206,2,7692922,1,2,1300000.0,1300000.0,40,47,4741,4120,1,29,2,8.0,8,8.0,1
20240206,2,7692924,1,2,1300000.0,1300000.0,40,47,4759,5223,1,50,1,5.0,8,8.0,1
20240206,2,7692926,1,1,1300000.0,1300000.0,48,41,4111,5414,1,39,1,5.0,8,8.0,1
20240206,2,7692926,1,2,1300000.0,1300000.0,48,86,8621,5142,1,38,2,10.0,8,8.0,1
20240206,2,7692927,1,1,1300000.0,1300000.0,48,47,4724,9112,1,49,1,5.0,8,8.0,1
20240206,2,7692930,1,1,500000.0,500000.0,48,41,4112,7112,1,53,1,9.0,8,8.0,1
20240206,2,7692931,1,4,650000.0,600000.0,40,41,4111,9313,1,23,1,5.0,8,8.0,1
20240206,2,7692933,1,1,1800000.0,1800000.0,48,31,3110,7522,1,47,1,4.0,8,8.0,1
20240206,2,7692934,1,3,1300000.0,1300000.0,48,42,4290,7221,1,40,1,3.0,8,8.0,1
20240206,2,7692936,1,3,1300000.0,1300000.0,48,56,5611,5120,1,31,2,5.0,8,8.0,1
20240206,2,7692936,1,6,670000.0,400000.0,32,56,5611,5131,1,71,1,1.0,8,8.0,1
20240206,2,7692940,1,1,1800000.0,1800000.0,48,73,7310,2166,1,32,1,9.0,8,8.0,1
20240206,2,7692942,1,4,2600000.0,2600000.0,40,69,6910,2611,1,24,2,10.0,8,8.0,1
20240206,2,7692944,1,1,900000.0,900000.0,48,52,5224,9333,1,48,1,5.0,8,8.0,1
20240206,2,7692946,1,2,1300000.0,1300000.0,48,45,4530,1324,1,42,2,9.0,8,8.0,1
20240206,2,7692947,1,2,1270000.0,1220000.0,20,15,1522,5223,1,38,1,8.0,8,8.0,1
20240206,2,7692948,1,1,1300000.0,1300000.0,48,35,3514,4321,1,42,1,5.0,8,8.0,1
20240206,2,7692948,1,2,1300000.0,1300000.0,48,47,4761,3323,1,42,2,8.0,8,8.0,1
20240206,2,7692950,1,2,2600000.0,2600000.0,48,70,7020,3341,1,38,2,5.0,8,8.0,1
20240206,2,7692951,1,1,1200000.0,1200000.0,40,73,7320,4227,1,51,2,8.0,8,8.0,1
20240206,2,7692952,1,1,2500000.0,2500000.0,48,49,4923,4323,1,29,2,10.0,8,8.0,1
20240206,2,7692953,1,1,1800000.0,1800000.0,48,56,5611,1412,1,32,2,10.0,8,8.0,1
20240206,2,7692955,1,2,3000000.0,3000000.0,44,86,8622,2261,1,69,1,10.0,8,8.0,1
20240206,2,7692956,1,1,1300000.0,1300000.0,48,47,4752,5230,1,29,1,10.0,8,8.0,1
20240206,2,7692959,1,1,3000000.0,3000000.0,44,10,1030,2120,1,26,1,10.0,8,8.0,1
20240206,2,7692960,1,1,1300000.0,1300000.0,48,68,6820,5414,1,59,1,5.0,8,8.0,1
20240206,2,7692960,1,3,2600000.0,2600000.0,46,85,8559,2353,1,26,2,10.0,8,8.0,1
20240207,2,7696835,1,1,1300000.0,1300000.0,47,81,8121,9112,1,54,1,5.0,8,8.0,1
20240207,2,7696836,1,1,2150000.0,1800000.0,47,46,4664,3122,1,47,1,8.0,8,8.0,1
20240207,2,7696839,1,1,3400000.0,3000000.0,47,20,2021,3341,1,39,1,8.0,8,8.0,1
20240207,2,7696843,1,1,3500000.0,3500000.0,48,21,2100,2433,1,57,1,10.0,8,8.0,1
20240207,2,7696843,1,3,1800000.0,1800000.0,48,82,8220,4222,1,28,1,10.0,8,8.0,1
20240207,2,7696844,1,2,4600000.0,4400000.0,48,52,5222,8343,1,55,1,10.0,8,8.0,1
20240207,2,7698800,1,1,1300000.0,1300000.0,48,47,4731,1211,1,41,1,10.0,8,8.0,1
20240207,2,7698800,1,3,1800000.0,1800000.0,40,70,7020,4132,1,28,2,9.0,8,8.0,1
20240207,2,7698800,1,4,2400000.0,1700000.0,36,59,5911,5241,1,26,1,10.0,8,8.0,1
20240207,2,7698802,1,2,1465000.0,1465000.0,48,82,8220,9112,1,56,1,5.0,8,8.0,1
20240207,2,7698803,1,1,1465000.0,1465000.0,48,46,4669,5223,1,50,2,8.0,8,8.0,1
20240207,2,7698809,1,2,3500000.0,3500000.0,40,22,2229,2511,1,43,2,10.0,8,8.0,1
20240207,2,7698812,1,1,1400000.0,1400000.0,48,49,4923,8332,1,27,1,5.0,8,8.0,1
20240207,2,7698817,1,2,1500000.0,1500000.0,48,70,7010,4120,1,30,2,8.0,8,8.0,1
20240207,2,7698818,1,2,1300000.0,1300000.0,48,15,1512,5223,1,36,2,10.0,8,8.0,1
20240207,2,7698818,1,4,480000.0,480000.0,30,46,4632,5223,1,47,1,5.0,8,8.0,1
20240207,2,7698819,1,1,1200000.0,1200000.0,48,47,4752,9333,1,40,1,3.0,8,8.0,1
20240207,2,7698819,1,2,780000.0,780000.0,30,96,9602,5141,1,38,2,5.0,8,8.0,1
20240207,2,7698825,1,3,1300000.0,1300000.0,48,77,7730,4120,1,30,1,10.0,8,8.0,1
20240207,2,7698828,1,2,1500000.0,1300000.0,48,25,2511,7212,1,50,1,5.0,8,8.0,1
20240207,2,7698829,1,1,1300000.0,1300000.0,48,65,6523,5414,1,54,1,5.0,8,8.0,1
20240207,2,7698832,1,3,1460000.0,1460000.0,60,86,8610,3213,1,26,1,8.0,8,8.0,1
20240207,2,7698835,1,1,200000.0,150000.0,48,56,5611,9412,1,31,2,4.0,8,8.0,1
20240207,2,7698835,1,5,1850000.0,1500000.0,60,56,5611,5230,1,22,2,5.0,8,8.0,1
20240207,2,7698838,1,2,1000000.0,1000000.0,50,46,4631,5221,1,21,1,8.0,8,8.0,1
20240207,2,7698839,1,1,690000.0,500000.0,27,56,5611,9412,1,48,2,5.0,8,8.0,1
20240207,2,7698840,1,1,1460000.0,1460000.0,48,49,4923,4321,1,42,1,8.0,8,8.0,1
20240207,2,7698840,1,2,550000.0,450000.0,30,47,4723,5223,1,39,2,5.0,8,8.0,1
20240207,2,7698843,1,1,1300000.0,1300000.0,48,46,4645,5329,1,29,2,8.0,8,8.0,1
20240207,2,7698844,1,2,1500000.0,1500000.0,48,47,4723,9621,1,19,1,5.0,8,8.0,1
20240207,2,7698847,1,2,1620000.0,1620000.0,48,32,3210,7411,1,36,1,8.0,8,8.0,1
20240207,2,7698849,1,2,1000000.0,1000000.0,40,49,4921,4323,1,59,2,3.0,8,8.0,1
20240207,2,7698852,1,1,1300000.0,1300000.0,72,86,8610,5321,1,35,2,8.0,8,8.0,1
20240207,2,7698853,1,2,1300000.0,1300000.0,48,68,6820,9112,1,31,1,5.0,8,8.0,1
20240207,2,7698854,1,3,1200000.0,1200000.0,60,96,9602,1420,1,26,2,10.0,8,8.0,1
20240207,2,7698855,1,3,1200000.0,1200000.0,48,45,4541,5223,1,27,1,5.0,8,8.0,1
20240207,2,7698856,1,1,1460000.0,1460000.0,48,22,2229,7233,1,32,1,9.0,8,8.0,1
20240207,2,7698856,1,2,600000.0,600000.0,40,85,8530,2341,1,31,2,9.0,8,8.0,1
20240207,2,7698857,1,1,1600000.0,1600000.0,48,42,4210,8332,1,53,1,3.0,8,8.0,1
20240207,2,7698857,1,3,1460000.0,1460000.0,48,86,8621,4110,1,21,2,5.0,8,8.0,1
20240207,2,7698859,1,2,1200000.0,1200000.0,48,68,6820,9112,1,19,1,9.0,8,8.0,1
20240207,2,7698859,1,3,700000.0,700000.0,40,85,8530,2342,1,26,2,10.0,8,8.0,1
20240207,2,7698860,1,2,1300000.0,1300000.0,60,49,4921,8323,1,34,1,8.0,8,8.0,1
20240207,2,7698861,1,2,1300000.0,1300000.0,72,86,8610,2240,1,33,2,10.0,8,8.0,1
20240207,2,7698865,1,2,1300000.0,1300000.0,60,86,8610,5414,1,47,1,5.0,8,8.0,1
20240207,2,7698867,1,1,1300000.0,1300000.0,48,69,6920,4311,1,38,2,8.0,8,8.0,1
20240207,2,7698869,1,1,1300000.0,1300000.0,48,13,1312,9121,1,40,1,5.0,8,8.0,1
20240207,2,7698870,1,1,1300000.0,1300000.0,48,86,8622,5329,1,46,2,8.0,8,8.0,1
20240207,2,7698870,1,2,1300000.0,1300000.0,48,86,8621,7411,1,36,1,8.0,8,8.0,1
20240207,2,7698871,1,4,1000000.0,1000000.0,48,47,4752,5223,1,19,1,5.0,8,8.0,1
20240207,2,7698872,1,1,1300000.0,1300000.0,47,47,4719,5223,1,45,2,8.0,8,8.0,1
20240207,2,7698878,1,1,3700000.0,3700000.0,47,21,2100,1324,1,37,1,12.0,8,8.0,1
20240207,2,7698878,1,2,4000000.0,4000000.0,48,64,6412,4110,1,36,2,12.0,8,8.0,1
20240207,2,7698883,1,2,1500000.0,1500000.0,48,81,8121,3341,1,32,1,10.0,8,8.0,1
20240207,2,7698887,1,1,1500000.0,1500000.0,48,32,3210,4321,1,41,1,8.0,8,8.0,1
20240207,2,7698887,1,2,1300000.0,1300000.0,48,47,4711,5414,1,39,2,8.0,8,8.0,1
20240207,2,7698892,1,1,2800000.0,2800000.0,47,18,1811,3341,1,52,1,9.0,8,8.0,1
20240207,2,7698892,1,3,1300000.0,1300000.0,48,18,1811,2141,1,25,2,10.0,8,8.0,1
20240207,2,7698893,1,1,1462000.0,1462000.0,48,65,6523,7126,1,51,1,9.0,8,8.0,1
20240207,2,7698894,1,3,1300000.0,1300000.0,40,85,8512,2342,1,20,2,10.0,8,8.0,1
20240207,2,7698895,1,1,1200000.0,1200000.0,48,47,4752,5223,1,56,1,3.0,8,8.0,1
20240207,2,7698896,1,1,1300000.0,1300000.0,44,86,8691,3212,1,47,1,8.0,8,8.0,1
20240207,2,7698897,1,1,1460000.0,1460000.0,48,47,4724,5223,1,45,2,5.0,8,8.0,1
20240207,2,7698899,1,1,1500000.0,1500000.0,60,46,4663,7212,1,39,1,5.0,8,8.0,1
20240207,2,7698902,1,1,1300000.0,1300000.0,48,47,4752,4321,1,47,1,8.0,8,8.0,1
20240207,2,7698902,1,2,1300000.0,1300000.0,48,85,8559,2351,1,43,2,10.0,8,8.0,1
20240207,2,7698904,1,2,1300000.0,1300000.0,48,46,4661,5245,1,68,1,5.0,8,8.0,1
20240207,2,7698909,1,1,2500000.0,2000000.0,60,47,4711,1420,1,34,1,5.0,8,8.0,1
20240207,2,7698909,1,2,1500000.0,1000000.0,50,47,4711,5223,1,40,2,5.0,8,8.0,1
20240207,2,7698910,1,3,1600000.0,1600000.0,48,61,6110,5223,1,46,2,5.0,8,8.0,1
20240207,2,7698911,1,2,2000000.0,2000000.0,48,11,1103,3122,1,23,1,10.0,8,8.0,1
20240207,2,7698914,1,2,2000000.0,2000000.0,48,73,7310,2166,1,37,2,10.0,8,8.0,1
20240207,2,7698916,1,1,4000000.0,4000000.0,48,61,6110,2269,1,45,1,11.0,8,8.0,1
20240207,2,7698916,1,2,4000000.0,4000000.0,48,64,6412,2611,1,39,2,11.0,8,8.0,1
20240207,2,7698918,1,1,1300000.0,1300000.0,48,68,6820,5414,1,64,1,5.0,8,8.0,1
20240207,2,7698918,1,2,1300000.0,1300000.0,48,68,6820,5414,1,50,1,5.0,8,8.0,1
20240207,2,7698919,1,1,6500000.0,6500000.0,48,21,2100,2411,1,58,2,10.0,8,8.0,1
20240207,2,7698919,1,2,3900000.0,3900000.0,48,52,5229,3341,1,27,2,10.0,8,8.0,1
20240207,2,7701573,1,1,1600000.0,1600000.0,70,49,4921,8331,1,41,1,5.0,8,8.0,1
20240208,2,7701574,1,1,4800000.0,4800000.0,48,46,4659,3341,1,48,1,10.0,8,8.0,1
20240208,2,7701574,1,2,3200000.0,3200000.0,48,68,6820,1439,1,48,2,10.0,8,8.0,1
20240208,2,7701577,1,1,4000000.0,4000000.0,48,47,4752,5223,1,48,1,10.0,8,8.0,1
20240207,2,7703395,1,3,1200000.0,1200000.0,48,45,4520,7231,1,56,1,5.0,8,8.0,1
20240207,2,7703396,1,1,1600000.0,1600000.0,48,49,4921,8331,1,59,1,8.0,8,8.0,1
20240207,2,7703396,1,4,500000.0,500000.0,24,56,5619,5131,1,28,2,10.0,8,8.0,1
20240207,2,7703397,1,1,1500000.0,1300000.0,48,56,5611,1412,1,56,1,5.0,8,8.0,1
20240207,2,7703397,1,3,1300000.0,1300000.0,48,82,8220,4222,1,25,2,10.0,8,8.0,1
20240207,2,7703400,1,1,1400000.0,1400000.0,48,52,5229,3341,1,33,2,9.0,8,8.0,1
20240207,2,7703401,1,2,1300000.0,1300000.0,48,46,4631,4415,1,21,1,5.0,8,8.0,1
20240207,2,7703403,1,1,2800000.0,2800000.0,48,46,4652,2519,1,32,1,10.0,8,8.0,1
20240207,2,7703403,1,2,1600000.0,1600000.0,48,47,4772,2431,1,29,2,10.0,8,8.0,1
20240208,2,7703404,1,4,600000.0,600000.0,48,31,3110,7522,1,19,1,5.0,8,8.0,1
20240208,2,7703404,1,5,1300000.0,1000000.0,40,47,4729,1420,1,18,2,8.0,8,8.0,1
20240208,2,7703405,1,2,1465000.0,1465000.0,48,81,8110,9112,1,64,1,3.0,8,8.0,1
20240208,2,7703405,1,4,2500000.0,2500000.0,48,42,4210,7119,1,31,1,3.0,8,8.0,1
20240208,2,7703408,1,2,400000.0,400000.0,38,56,5611,5120,1,60,2,3.0,8,8.0,1
20240208,2,7703412,1,7,1300000.0,1300000.0,48,23,2310,3322,1,28,2,9.0,8,8.0,1
20240208,2,7703412,1,8,1300000.0,1300000.0,48,53,5320,3341,1,26,1,8.0,8,8.0,1
20240208,2,7703412,1,11,1300000.0,1300000.0,72,47,4719,9334,1,26,1,8.0,8,8.0,1
20240208,2,7703413,1,2,300000.0,300000.0,20,41,4111,9313,1,35,1,5.0,8,8.0,1
20240208,2,7703416,1,1,2500000.0,2500000.0,48,64,6412,2166,1,25,2,10.0,8,8.0,1
20240208,2,7703418,1,1,1300000.0,800000.0,50,47,4711,5230,1,21,2,5.0,8,8.0,1
20240208,2,7703418,1,2,1300000.0,800000.0,50,47,4711,9334,1,22,1,3.0,8,8.0,1
20240208,2,7703419,1,1,2600000.0,2600000.0,40,85,8530,2330,1,57,2,10.0,8,8.0,1
20240208,2,7706298,1,6,1200000.0,1200000.0,48,49,4923,8332,1,62,1,5.0,8,8.0,1
20240208,2,7706312,1,1,1220000.0,720000.0,70,56,5611,5120,1,39,2,8.0,8,8.0,1
20240208,2,7706313,1,1,1500000.0,1500000.0,50,11,1104,8332,1,28,1,5.0,8,8.0,1
20240208,2,7706314,1,4,1400000.0,1400000.0,48,56,5619,9621,1,23,1,10.0,8,8.0,1
20240208,2,7706317,1,3,3000000.0,3000000.0,48,82,8220,4222,1,23,2,10.0,8,8.0,1
20240208,2,7706318,1,1,5500000.0,5500000.0,48,70,7020,2411,1,42,1,11.0,8,8.0,1
20240208,2,7706318,1,2,4000000.0,4000000.0,48,65,6511,1219,1,37,2,11.0,8,8.0,1
20240208,2,7706324,1,1,2000000.0,2000000.0,20,85,8542,2320,1,50,1,10.0,8,8.0,1
20240208,2,7706324,1,2,1300000.0,1300000.0,25,85,8530,2330,1,43,2,7.0,8,8.0,1
20240208,2,7706327,1,2,2200000.0,2200000.0,48,86,8610,4110,1,30,1,9.0,8,8.0,1
20240208,2,7706329,1,1,2000000.0,2000000.0,48,56,5611,3341,1,30,1,5.0,8,8.0,1
20240208,2,7706329,1,2,1600000.0,1600000.0,48,47,4771,5223,1,28,2,5.0,8,8.0,1
20240208,2,7706332,1,2,2600000.0,2600000.0,48,47,4773,3213,1,35,2,9.0,8,8.0,1
20240208,2,7706334,1,1,750000.0,750000.0,23,85,8530,2341,1,22,2,10.0,8,8.0,1
20240208,2,7706334,1,2,2000000.0,2000000.0,48,82,8220,4222,1,23,2,10.0,8,8.0,1
20240208,2,7706336,1,1,1200000.0,1200000.0,48,56,5611,9621,1,35,1,4.0,8,8.0,1
20240208,2,7706336,1,2,1340000.0,840000.0,48,56,5611,5120,1,34,2,5.0,8,8.0,1
20240208,2,7706339,1,1,2000000.0,2000000.0,48,35,3520,7126,1,57,1,8.0,8,8.0,1
20240208,2,7706339,1,4,1300000.0,1300000.0,48,56,5619,5230,1,23,2,8.0,8,8.0,1
20240208,2,7706345,1,1,1000000.0,1000000.0,50,10,1011,7511,1,64,1,3.0,8,8.0,1
20240208,2,7706345,1,2,1300000.0,1300000.0,48,11,1104,9112,1,54,2,3.0,8,8.0,1
20240208,2,7706345,1,3,400000.0,400000.0,30,47,4723,5223,1,36,1,8.0,8,8.0,1
20240208,2,7706345,1,4,1300000.0,1300000.0,48,61,6110,3322,1,28,2,8.0,8,8.0,1
20240208,2,7706346,1,4,480000.0,480000.0,40,47,4755,9333,1,18,1,5.0,8,8.0,1
20240208,2,7706346,1,5,700000.0,500000.0,20,47,4711,5223,1,16,1,4.0,8,8.0,1
20240208,2,7706347,1,1,1640000.0,1600000.0,48,23,2395,8142,1,41,1,5.0,8,8.0,1
20240208,2,7706349,1,1,1400000.0,1300000.0,48,77,7730,5414,1,64,1,1.0,8,8.0,1
20240208,2,7706350,1,1,1000000.0,1000000.0,48,56,5630,1431,1,41,1,5.0,8,8.0,1
20240208,2,7706352,1,3,1400000.0,1400000.0,50,10,1081,8323,1,36,1,5.0,8,8.0,1
20240208,2,7706354,1,1,1300000.0,1300000.0,48,64,6499,4214,1,43,1,5.0,8,8.0,1
20240208,2,7706354,1,2,1465000.0,1465000.0,48,46,4631,3322,1,40,2,8.0,8,8.0,1
20240208,2,7706354,1,3,1300000.0,1300000.0,48,85,8559,4110,1,23,2,8.0,8,8.0,1
20240208,2,7706354,1,4,250000.0,250000.0,20,56,5630,1420,1,21,1,5.0,8,8.0,1
20240208,2,7706356,1,1,1400000.0,1400000.0,60,47,4711,9333,1,41,1,8.0,8,8.0,1
20240208,2,7706356,1,2,1400000.0,1400000.0,60,47,4711,5230,1,40,2,8.0,8,8.0,1
20240208,2,7706357,1,1,1700000.0,1700000.0,60,41,4111,7111,1,35,1,5.0,8,8.0,1
20240208,2,7706358,1,1,1200000.0,1200000.0,50,47,4711,5221,1,40,1,3.0,8,8.0,1
20240208,2,7706359,1,2,1800000.0,1800000.0,48,35,3520,3341,1,47,1,10.0,8,8.0,1
20240208,2,7706359,1,5,1100000.0,1100000.0,50,56,5611,5131,1,25,2,5.0,8,8.0,1
20240208,2,7706363,1,2,1500000.0,1500000.0,40,86,8621,2221,1,47,2,10.0,8,8.0,1
20240208,2,7706369,1,1,1900000.0,1600000.0,48,23,2394,8114,1,62,1,5.0,8,8.0,1
20240208,2,7706371,1,1,1450000.0,1200000.0,60,64,6499,4214,1,34,1,5.0,8,8.0,1
20240208,2,7706371,1,2,1460000.0,1460000.0,48,35,3511,4222,1,30,2,5.0,8,8.0,1
20240208,2,7706372,1,2,1000000.0,1000000.0,48,41,4111,9313,1,24,1,3.0,8,8.0,1
20240208,2,7706372,1,4,750000.0,750000.0,48,47,4789,9520,1,20,1,5.0,8,8.0,1
20240208,2,7706373,1,2,1460000.0,1460000.0,48,14,1410,9321,1,24,1,5.0,8,8.0,1
20240208,2,7706375,1,4,1300000.0,1300000.0,48,47,4711,5223,1,35,2,5.0,8,8.0,1
20240208,2,7706375,1,8,1300000.0,1300000.0,48,22,2229,8142,1,37,1,5.0,8,8.0,1
20240208,2,7706375,1,9,1300000.0,1300000.0,48,22,2229,8142,1,40,2,5.0,8,8.0,1
20240208,2,7706376,1,1,1465000.0,1465000.0,48,53,5320,3322,1,33,2,8.0,8,8.0,1
20240208,2,7706377,1,3,480000.0,480000.0,40,45,4530,5223,1,18,1,5.0,8,8.0,1
20240208,2,7706378,1,4,1300000.0,1300000.0,48,47,4731,4311,1,25,1,8.0,8,8.0,1
20240208,2,7706380,1,1,1300000.0,1300000.0,48,56,5611,5131,1,53,1,5.0,8,8.0,1
20240208,2,7706382,1,1,2000000.0,2000000.0,48,50,5022,8350,1,54,1,5.0,8,8.0,1
20240208,2,7706382,1,3,850000.0,850000.0,30,14,1410,8153,1,31,2,10.0,8,8.0,1
20240208,2,7706383,1,1,920000.0,800000.0,56,56,5611,5120,1,50,2,3.0,8,8.0,1
20240208,2,7706384,1,2,1000000.0,1000000.0,48,25,2511,5223,1,23,2,9.0,8,8.0,1
20240208,2,7706385,1,1,2000000.0,2000000.0,48,36,3600,3123,1,53,1,5.0,8,8.0,1
20240208,2,7706386,1,1,970000.0,710000.0,48,88,8891,5311,1,35,2,5.0,8,8.0,1
20240208,2,7706387,1,2,1300000.0,1300000.0,45,85,8544,4120,1,21,2,10.0,8,8.0,1
20240208,2,7706389,1,1,1600000.0,1600000.0,70,49,4921,8323,1,43,1,5.0,8,8.0,1
20240208,2,7706392,1,1,900000.0,900000.0,40,56,5619,9411,1,27,1,5.0,8,8.0,1
20240208,2,7706392,1,2,1000000.0,1000000.0,40,56,5619,9411,1,20,1,4.0,8,8.0,1
20240208,2,7706393,1,2,1000000.0,1000000.0,40,95,9522,7127,1,31,1,8.0,8,8.0,1
20240208,2,7706393,1,3,1300000.0,1300000.0,48,47,4772,5223,1,24,1,5.0,8,8.0,1
20240208,2,7706394,1,1,1200000.0,1200000.0,60,46,4631,8323,1,57,1,5.0,8,8.0,1
20240208,2,7706395,1,4,2500000.0,2500000.0,60,33,3314,2151,1,30,1,10.0,8,8.0,1
20240208,2,7706396,1,4,1300000.0,1300000.0,48,47,4731,5245,1,43,1,5.0,8,8.0,1
20240208,2,7706398,1,1,1300000.0,1300000.0,48,14,1410,7531,1,46,2,3.0,8,8.0,1
20240208,2,7706398,1,6,1770000.0,1770000.0,40,85,8530,2342,1,33,2,8.0,8,8.0,1
20240208,2,7706403,1,2,1300000.0,1300000.0,47,14,1410,8153,1,26,2,5.0,8,8.0,1
20240208,2,7706408,1,1,1300000.0,1300000.0,44,68,6820,9112,1,54,1,4.0,8,8.0,1
20240208,2,7706409,1,3,2000000.0,2000000.0,48,82,8220,4222,1,29,1,10.0,8,8.0,1
20240208,2,7706410,1,1,1300000.0,1300000.0,72,85,8544,5414,1,48,1,5.0,8,8.0,1
20240208,2,7706410,1,2,1300000.0,1300000.0,40,85,8530,2342,1,47,2,7.0,8,8.0,1
20240208,2,7706411,1,1,1300000.0,1300000.0,55,20,2023,5230,1,28,2,10.0,8,8.0,1
20240208,2,7706412,1,1,1300000.0,1300000.0,48,81,8129,7544,1,61,1,5.0,8,8.0,1
20240208,2,7706412,1,3,2600000.0,2600000.0,48,82,8291,2611,1,26,2,10.0,8,8.0,1
20240208,2,7706414,1,3,3000000.0,3000000.0,48,61,6120,2431,1,31,2,10.0,8,8.0,1
20240208,2,7706418,1,2,3000000.0,3000000.0,48,35,3520,4110,1,43,2,10.0,8,8.0,1
20240208,2,7706419,1,1,1300000.0,1300000.0,48,45,4511,5223,1,39,1,10.0,8,8.0,1
20240208,2,7706419,1,2,1500000.0,1500000.0,60,86,8610,2211,1,36,2,10.0,8,8.0,1
20240208,2,7706421,1,1,1700000.0,1700000.0,48,47,4773,3213,1,40,2,8.0,8,8.0,1
20240208,2,7706421,1,2,1070000.0,1070000.0,48,73,7310,4132,1,41,1,8.0,8,8.0,1
20240208,2,7706422,1,1,1000000.0,1000000.0,40,56,5630,5131,1,53,1,5.0,8,8.0,1
20240209,2,7708408,1,3,1500000.0,1500000.0,50,36,3600,7231,1,28,1,8.0,8,8.0,1
20240209,2,7709685,1,2,4000000.0,4000000.0,47,80,8010,3341,1,52,1,10.0,8,8.0,1
20240209,2,7709685,1,3,2800000.0,2800000.0,47,70,7020,2141,1,28,1,10.0,8,8.0,1
20240209,2,7709687,1,1,800000.0,800000.0,26,85,8512,2341,1,45,2,8.0,8,8.0,1
20240209,2,7709690,1,5,1300000.0,1300000.0,47,46,4659,5223,1,37,2,5.0,8,8.0,1
20240209,2,7709690,1,6,1300000.0,1300000.0,47,47,4711,9334,1,34,1,5.0,8,8.0,1
20240209,2,7709690,1,7,800000.0,800000.0,40,85,8530,2341,1,36,2,5.0,8,8.0,1
20240209,2,7709692,1,8,1300000.0,1300000.0,48,82,8220,9112,1,23,1,5.0,8,8.0,1
20240209,2,7709693,1,2,1800000.0,1800000.0,48,25,2511,7212,1,35,1,9.0,8,8.0,1
20240209,2,7709694,1,1,1300000.0,1300000.0,48,14,1410,8153,1,40,1,5.0,8,8.0,1
20240209,2,7709695,1,3,1300000.0,1300000.0,40,87,8790,5311,1,44,2,8.0,8,8.0,1
20240209,2,7709696,1,3,1300000.0,1300000.0,48,68,6820,4321,1,26,1,8.0,8,8.0,1
20240209,2,7709699,1,4,1300000.0,1300000.0,48,33,3320,8112,1,38,1,5.0,8,8.0,1
20240209,2,7709700,1,1,1700000.0,1700000.0,48,21,2100,2141,1,31,1,10.0,8,8.0,1
20240209,2,7709700,1,2,1300000.0,1300000.0,48,56,5613,5223,1,30,2,5.0,8,8.0,1
20240209,2,7711828,1,1,2300000.0,2300000.0,48,64,6412,4226,1,35,2,8.0,8,8.0,1
20240209,2,7711829,1,2,2200000.0,2200000.0,48,31,3120,2411,1,56,2,10.0,8,8.0,1
20240209,2,7711829,1,5,1000000.0,1000000.0,25,85,8530,2341,1,27,2,10.0,8,8.0,1
20240209,2,7711830,1,1,1300000.0,1300000.0,48,10,1083,5223,1,44,2,5.0,8,8.0,1
20240209,2,7711830,1,2,1600000.0,1600000.0,48,49,4923,8332,1,46,1,5.0,8,8.0,1
20240209,2,7711830,1,3,1300000.0,1300000.0,48,82,8220,4222,1,24,2,5.0,8,8.0,1
20240209,2,7711831,1,1,1300000.0,1300000.0,48,64,6412,3322,1,35,2,10.0,8,8.0,1
20240209,2,7711834,1,1,1500000.0,1500000.0,48,25,2593,5243,1,22,2,8.0,8,8.0,1
20240209,2,7711834,1,3,1300000.0,1300000.0,48,82,8220,4222,1,24,2,5.0,8,8.0,1
20240209,2,7711835,1,1,,,48,61,6120,2153,1,47,1,10.0,8,8.0,1
20240209,2,7711835,1,2,3000000.0,3000000.0,48,71,7112,1120,1,42,2,10.0,8,8.0,1
20240209,2,7711835,1,6,1600000.0,1600000.0,48,71,7112,3257,1,29,2,8.0,8,8.0,1
20240209,2,7711836,1,1,,,48,43,4322,7412,1,67,1,5.0,8,8.0,1
20240209,2,7711836,1,3,3000000.0,3000000.0,48,43,4322,3121,1,34,2,10.0,8,8.0,1
20240209,2,7711839,1,1,2000000.0,2000000.0,48,94,9499,2634,1,45,1,11.0,8,8.0,1
20240209,2,7711841,1,1,1650000.0,1650000.0,48,47,4773,5223,1,39,2,10.0,8,8.0,1
20240209,2,7711841,1,2,1300000.0,1300000.0,48,73,7310,3118,1,39,1,8.0,8,8.0,1
20240209,2,7711841,1,6,1300000.0,1300000.0,72,86,8610,3344,1,41,1,5.0,8,8.0,1
20240209,2,7711851,1,1,4000000.0,4000000.0,48,84,8412,5414,1,36,1,8.0,8,8.0,1
20240209,2,7711853,1,3,3900000.0,3900000.0,48,65,6512,3321,1,58,1,10.0,8,8.0,1
20240209,2,7711857,1,1,3900000.0,3900000.0,48,11,1104,1212,1,47,1,10.0,8,8.0,1
20240209,2,7711861,1,1,1420000.0,1300000.0,48,56,5611,3434,1,36,1,9.0,8,8.0,1
20240209,2,7711861,1,2,1420000.0,1300000.0,48,56,5611,3434,1,32,2,8.0,8,8.0,1
20240209,2,7711863,1,3,420000.0,360000.0,40,46,4631,9321,1,30,1,3.0,8,8.0,1
20240209,2,7711864,1,1,150000.0,150000.0,6,56,5619,9621,1,38,1,5.0,8,8.0,1
20240209,2,7711867,1,2,1300000.0,1300000.0,48,47,4761,4110,1,45,2,8.0,8,8.0,1
20240209,2,7711867,1,3,1300000.0,1300000.0,56,46,4620,5221,1,26,1,5.0,8,8.0,1
20240209,2,7711869,1,2,800000.0,800000.0,20,88,8891,5311,1,52,2,5.0,8,8.0,1
20240209,2,7711871,1,1,1300000.0,1300000.0,50,41,4111,7131,1,42,1,4.0,8,8.0,1
20240209,2,7711872,1,1,1565000.0,1565000.0,47,35,3520,3312,1,27,1,8.0,8,8.0,1
20240209,2,7711872,1,2,1800000.0,1800000.0,47,86,8610,2221,1,23,2,8.0,8,8.0,1
20240209,2,7711873,1,1,1500000.0,1500000.0,48,61,6110,4225,1,32,1,5.0,8,8.0,1
20240209,2,7711873,1,2,1300000.0,1300000.0,48,68,6810,4120,1,36,2,5.0,8,8.0,1
20240209,2,7711874,1,3,1400000.0,1400000.0,60,41,4111,7112,1,22,1,8.0,8,8.0,1
20240209,2,7711876,1,1,1200000.0,1200000.0,40,45,4520,7412,1,54,1,3.0,8,8.0,1
20240209,2,7711876,1,2,900000.0,900000.0,40,80,8010,5414,1,23,1,5.0,8,8.0,1
20240209,2,7711877,1,1,1500000.0,1500000.0,48,47,4711,5223,1,48,1,4.0,8,8.0,1
20240209,2,7711878,1,3,1450000.0,1450000.0,48,50,5022,9333,1,30,1,5.0,8,8.0,1
20240209,2,7711881,1,4,1300000.0,1300000.0,48,13,1392,9321,1,27,1,5.0,8,8.0,1
20240209,2,7711882,1,3,1300000.0,1300000.0,48,20,2023,5153,1,35,1,5.0,8,8.0,1
20240209,2,7711883,1,1,800000.0,800000.0,45,56,5611,9412,1,44,2,5.0,8,8.0,1
20240209,2,7711883,1,4,750000.0,750000.0,47,41,4111,9313,1,21,1,5.0,8,8.0,1
20240209,2,7711883,1,7,800000.0,800000.0,48,16,1690,8181,1,25,1,5.0,8,8.0,1
20240209,2,7711884,1,1,1080000.0,1080000.0,60,47,4752,9333,1,31,1,4.0,8,8.0,1
20240209,2,7711886,1,1,1500000.0,1500000.0,48,27,2750,8332,1,45,1,8.0,8,8.0,1
20240209,2,7711888,1,2,1300000.0,1300000.0,48,86,8610,4226,1,25,2,5.0,8,8.0,1
20240209,2,7711889,1,1,1300000.0,1300000.0,50,68,6820,5414,1,62,1,5.0,8,8.0,1
20240209,2,7711889,1,2,1300000.0,1300000.0,50,88,8891,5311,1,60,2,5.0,8,8.0,1
20240209,2,7711889,1,3,1300000.0,1300000.0,48,86,8621,4120,1,29,1,5.0,8,8.0,1
20240209,2,7711889,1,4,1300000.0,1300000.0,48,86,8610,5321,1,27,2,8.0,8,8.0,1
20240209,2,7711890,1,1,1300000.0,1300000.0,80,49,4921,8331,1,54,1,5.0,8,8.0,1
20240209,2,7711892,1,3,1460000.0,1460000.0,48,47,4719,5230,1,22,2,5.0,8,8.0,1
20240209,2,7711896,1,1,1300000.0,1300000.0,47,20,2023,9112,1,49,2,5.0,8,8.0,1
20240209,2,7711896,1,2,1300000.0,1300000.0,47,47,4759,9334,1,22,1,5.0,8,8.0,1
20240209,2,7711901,1,10,400000.0,400000.0,72,46,4631,9333,1,31,1,3.0,8,8.0,1
20240209,2,7711903,1,2,2600000.0,2600000.0,40,85,8530,2330,1,35,1,10.0,8,8.0,1
20240209,2,7711909,1,1,1500000.0,1500000.0,50,21,2100,3341,1,36,2,10.0,8,8.0,1
20240209,2,7711910,1,1,4300000.0,4300000.0,47,82,8220,4222,1,44,2,10.0,8,8.0,1
20240209,2,7711910,1,2,4000000.0,4000000.0,60,56,5611,1411,1,46,1,5.0,8,8.0,1
20240209,2,7711913,1,1,450000.0,450000.0,20,85,8552,3422,1,25,1,10.0,8,8.0,1
20240209,2,7711913,1,2,1800000.0,1800000.0,48,64,6499,2411,1,25,2,10.0,8,8.0,1
20240209,2,7711914,1,1,1800000.0,1800000.0,60,45,4520,1439,1,31,1,5.0,8,8.0,1
20240209,2,7711914,1,2,1300000.0,1300000.0,48,18,1811,7321,1,27,2,5.0,8,8.0,1
20240209,2,7711915,1,1,1300000.0,1300000.0,50,47,4711,5223,1,39,1,10.0,8,8.0,1
20240209,2,7711915,1,2,1300000.0,1300000.0,40,47,4711,5223,1,42,2,5.0,8,8.0,1
20240209,2,7711921,1,3,1300000.0,1300000.0,72,68,6820,5414,1,41,1,9.0,8,8.0,1
20240209,2,7711923,1,1,6500000.0,6500000.0,48,77,7730,7231,1,57,1,8.0,8,8.0,1
20240209,2,7711923,1,3,1500000.0,1500000.0,48,46,4631,8332,1,33,1,10.0,8,8.0,1
20240209,2,7711924,1,1,1300000.0,1300000.0,80,49,4921,8331,1,46,1,4.0,8,8.0,1
20240209,2,7711926,1,1,1460000.0,1460000.0,48,45,4512,5414,1,59,1,4.0,8,8.0,1
20240209,2,7711928,1,1,1300000.0,1300000.0,48,23,2310,3122,1,37,1,5.0,8,8.0,1
20240209,2,7711929,1,1,1500000.0,1500000.0,48,46,4649,5223,1,59,1,5.0,8,8.0,1
20240209,2,7711930,1,4,700000.0,700000.0,47,69,6920,2411,1,22,1,10.0,8,8.0,1
20240209,2,7711934,1,1,1600000.0,1600000.0,48,86,8621,4132,1,43,1,8.0,8,8.0,1
20240209,2,7711934,1,2,1500000.0,1500000.0,48,46,4652,3322,1,28,1,8.0,8,8.0,1
20240209,2,7711934,1,3,1300000.0,1300000.0,48,47,4772,3322,1,24,2,10.0,8,8.0,1
20240209,2,7711936,1,3,1300000.0,1300000.0,48,82,8220,4222,1,24,2,10.0,8,8.0,1
20240209,2,7711937,1,1,3000000.0,3000000.0,80,86,8610,2221,1,35,2,10.0,8,8.0,1
20240209,2,7711939,1,1,2000000.0,2000000.0,48,82,8220,4222,1,52,2,10.0,8,8.0,1
20240209,2,7711939,1,2,3000000.0,3000000.0,48,33,3320,2141,1,22,1,10.0,8,8.0,1
20240209,2,7711939,1,3,3500000.0,3500000.0,48,46,4632,2511,1,22,1,10.0,8,8.0,1
20240209,2,7711940,1,1,900000.0,900000.0,48,95,9522,7412,1,73,1,5.0,8,8.0,1
20240209,2,7711940,1,4,1500000.0,1500000.0,48,64,6499,4213,1,22,1,5.0,8,8.0,1
20240209,2,7711944,1,2,1300000.0,1300000.0,48,82,8230,7411,1,35,1,9.0,8,8.0,1
20240209,2,7711944,1,3,760000.0,600000.0,40,47,4773,4311,1,26,2,9.0,8,8.0,1
20240209,2,7711946,1,1,2000000.0,2000000.0,48,82,8220,4222,1,30,2,10.0,8,8.0,1
20240208,2,7713501,1,2,1300000.0,1300000.0,48,86,8692,2352,1,33,2,10.0,8,8.0,1
20240310,3,7713814,1,1,1830000.0,1830000.0,48,82,8220,4222,1,27,2,9.0,8,8.0,1
20240310,3,7713815,1,3,4000000.0,4000000.0,48,47,4773,3341,1,45,1,10.0,8,8.0,1
20240310,3,7714528,1,3,6000000.0,6000000.0,48,35,3520,2511,1,30,1,10.0,8,8.0,1
20240310,3,7714528,1,4,2500000.0,2500000.0,48,85,8530,1212,1,27,1,10.0,8,8.0,1
20240310,3,7714529,1,2,1465000.0,1465000.0,48,14,1410,4311,1,22,1,10.0,8,8.0,1
20240310,3,7714530,1,1,1600000.0,1300000.0,48,20,2011,4321,1,45,1,9.0,8,8.0,1
20240310,3,7714532,1,1,5200000.0,5200000.0,48,46,4663,2411,1,61,2,10.0,8,8.0,1
20240310,3,7714535,1,3,1200000.0,1200000.0,48,41,4111,7112,1,48,1,3.0,8,8.0,1
20240310,3,7714535,1,8,600000.0,600000.0,48,92,9200,9520,1,28,1,3.0,8,8.0,1
20240310,3,7714535,1,9,500000.0,500000.0,48,43,4330,7123,1,26,1,1.0,8,8.0,1
20240310,3,7714535,1,12,600000.0,600000.0,48,43,4330,7121,1,44,1,1.0,8,8.0,1
20240310,3,7714535,1,14,640000.0,640000.0,40,52,5210,9333,1,21,1,5.0,8,8.0,1
20240310,3,7714537,1,2,250000.0,250000.0,48,92,9200,5223,1,37,2,1.0,8,8.0,1
20240310,3,7714538,1,2,1300000.0,1300000.0,48,46,4645,4132,1,28,2,8.0,8,8.0,1
20240310,3,7714539,1,1,1300000.0,1300000.0,48,81,8129,9112,1,26,1,5.0,8,8.0,1
20240310,3,7714544,1,1,1300000.0,1300000.0,48,17,1709,5223,1,36,1,8.0,8,8.0,1
20240310,3,7714545,1,2,700000.0,700000.0,48,56,5619,1412,1,49,2,9.0,8,8.0,1
20240310,3,7714545,1,4,1300000.0,1300000.0,34,82,8220,4222,1,26,1,8.0,8,8.0,1
20240310,3,7716429,1,1,3550000.0,550000.0,20,68,6820,1439,1,51,1,5.0,8,8.0,1
20240310,3,7716429,1,3,1600000.0,1600000.0,48,47,4775,1420,1,26,1,10.0,8,8.0,1
20240310,3,7716429,1,4,1460000.0,1460000.0,48,47,4775,5230,1,23,2,5.0,8,8.0,1
20240310,3,7716431,1,1,2100000.0,2100000.0,48,71,7120,3117,1,27,1,10.0,8,8.0,1
20240310,3,7716431,1,2,2000000.0,2000000.0,48,10,1090,2634,1,25,2,10.0,8,8.0,1
20240310,3,7716435,1,2,7000000.0,7000000.0,40,85,8552,3422,1,60,1,10.0,8,8.0,1
20240310,3,7716436,1,1,5200000.0,5200000.0,48,82,8220,4222,1,30,2,10.0,8,8.0,1
20240310,3,7716438,1,1,5500000.0,5500000.0,58,86,8610,2211,1,69,1,10.0,8,8.0,1
20240310,3,7716440,1,1,3600000.0,3600000.0,48,47,4752,1420,1,45,1,5.0,8,8.0,1
20240310,3,7716441,1,2,1000000.0,1000000.0,40,49,4921,5311,1,52,2,8.0,8,8.0,1
20240310,3,7716441,1,3,2600000.0,2600000.0,48,23,2393,7233,1,22,1,5.0,8,8.0,1
20240310,3,7716441,1,4,600000.0,600000.0,25,49,4921,8331,1,19,2,5.0,8,8.0,1
20240310,3,7716447,1,1,1600000.0,1600000.0,48,86,8610,3344,1,37,2,8.0,8,8.0,1
20240310,3,7716448,1,3,6000000.0,6000000.0,40,62,6202,1221,1,30,2,10.0,8,8.0,1
20240310,3,7716449,1,1,4000000.0,4000000.0,48,43,4321,3341,1,31,2,12.0,8,8.0,1
20240310,3,7716453,1,1,5500000.0,5500000.0,44,86,8610,2131,1,50,1,10.0,8,8.0,1
20240310,3,7716456,1,1,5000000.0,5000000.0,48,21,2100,1221,1,44,2,10.0,8,8.0,1
20240310,3,7716459,1,1,4000000.0,4000000.0,48,46,4663,3341,1,48,1,10.0,8,8.0,1
20240310,3,7716461,1,2,4000000.0,4000000.0,40,86,8610,2511,1,59,1,10.0,8,8.0,1
20240310,3,7716462,1,1,4000000.0,4000000.0,30,85,8544,2310,1,35,2,11.0,8,8.0,1
20240310,3,7716463,1,1,1800000.0,1800000.0,47,46,4663,1212,1,32,2,10.0,8,8.0,1
20240310,3,7716465,1,1,,,40,41,4111,2411,1,47,2,10.0,8,8.0,1
20240310,3,7716468,1,2,1500000.0,1300000.0,48,32,3240,9321,1,58,1,3.0,8,8.0,1
20240310,3,7716468,1,3,1500000.0,1300000.0,48,32,3240,9321,1,62,1,3.0,8,8.0,1
20240310,3,7716468,1,4,800000.0,700000.0,40,56,5619,5120,1,56,2,5.0,8,8.0,1
20240310,3,7716477,1,6,300000.0,300000.0,40,47,4752,9321,1,17,1,3.0,8,8.0,1
20240310,3,7716478,1,1,720000.0,720000.0,54,56,5611,9412,1,48,2,8.0,8,8.0,1
20240310,3,7716478,1,3,1300000.0,1300000.0,48,49,4923,8332,1,48,1,5.0,8,8.0,1
20240310,3,7716479,1,6,2000000.0,2000000.0,60,95,9511,3511,1,32,1,5.0,8,8.0,1
20240310,3,7716482,1,2,1600000.0,1600000.0,50,86,8610,5321,1,30,2,9.0,8,8.0,1
20240310,3,7716484,1,1,1420000.0,1300000.0,48,20,2023,8131,1,38,1,8.0,8,8.0,1
20240310,3,7716486,1,1,1200000.0,1200000.0,60,14,1410,9112,1,56,2,3.0,8,8.0,1
20240310,3,7716486,1,2,1300000.0,1300000.0,48,47,4771,5223,1,35,2,5.0,8,8.0,1
20240310,3,7716487,1,2,1400000.0,1400000.0,60,10,1081,7512,1,37,1,4.0,8,8.0,1
20240310,3,7716488,1,2,1560000.0,1300000.0,50,56,5611,9412,1,45,2,3.0,8,8.0,1
20240310,3,7716488,1,7,1300000.0,1300000.0,48,41,4111,7131,1,37,1,5.0,8,8.0,1
20240310,3,7716490,1,6,1300000.0,1300000.0,48,31,3110,7115,1,25,1,5.0,8,8.0,1
20240310,3,7716492,1,2,1200000.0,1200000.0,70,42,4290,5414,1,30,1,8.0,8,8.0,1
20240310,3,7716493,1,2,300000.0,300000.0,40,47,4791,5244,1,35,2,10.0,8,8.0,1
20240310,3,7716494,1,4,1200000.0,1200000.0,60,56,5611,9621,1,46,1,5.0,8,8.0,1
20240310,3,7716495,1,5,960000.0,720000.0,48,31,3110,7534,1,62,1,3.0,8,8.0,1
20240310,3,7716497,1,1,1300000.0,1300000.0,48,71,7120,3115,1,25,1,8.0,8,8.0,1
20240310,3,7716499,1,2,1300000.0,1300000.0,48,45,4520,7231,1,60,1,8.0,8,8.0,1
20240310,3,7716501,1,2,900000.0,900000.0,50,11,1104,9112,1,54,1,4.0,8,8.0,1
20240310,3,7716505,1,1,2100000.0,1050000.0,56,56,5611,5120,1,19,1,5.0,8,8.0,1
20240310,3,7716506,1,2,950000.0,950000.0,46,31,3110,7522,1,39,1,3.0,8,8.0,1
20240310,3,7716507,1,3,1400000.0,1400000.0,48,45,4530,5223,1,34,1,6.0,8,8.0,1
20240310,3,7716509,1,1,2600000.0,2600000.0,48,42,4290,2161,1,45,1,10.0,8,8.0,1
20240310,3,7716510,1,1,1500000.0,1500000.0,50,49,4923,8332,1,49,1,5.0,8,8.0,1
20240310,3,7716512,1,3,800000.0,800000.0,48,45,4520,7231,1,42,1,5.0,8,8.0,1
20240310,3,7716514,1,2,1300000.0,1300000.0,48,71,7112,2611,1,39,2,10.0,8,8.0,1
20240310,3,7716515,1,2,1300000.0,1300000.0,48,88,8891,5311,1,45,2,5.0,8,8.0,1
20240310,3,7716516,1,2,1300000.0,1300000.0,48,13,1392,8153,1,26,1,5.0,8,8.0,1
20240310,3,7716517,1,2,1500000.0,1500000.0,48,47,4773,5329,1,26,2,8.0,8,8.0,1
20240310,3,7716520,1,1,1900000.0,1900000.0,48,32,3240,7522,1,41,1,8.0,8,8.0,1
20240310,3,7716520,1,4,1300000.0,1300000.0,48,80,8010,5414,1,58,2,5.0,8,8.0,1
20240310,3,7716524,1,1,720000.0,720000.0,42,52,5221,5414,1,69,1,4.0,8,8.0,1
20240310,3,7716526,1,1,1300000.0,1300000.0,60,46,4663,4321,1,42,1,5.0,8,8.0,1
20240310,3,7716527,1,1,1000000.0,1000000.0,50,52,5221,5414,1,42,1,4.0,8,8.0,1
20240310,3,7716529,1,1,600000.0,600000.0,50,80,8020,7222,1,53,1,4.0,8,8.0,1
20240310,3,7716530,1,1,1300000.0,1300000.0,60,41,4111,8332,1,56,1,5.0,8,8.0,1
20240310,3,7716531,1,2,1300000.0,1300000.0,50,82,8230,8332,1,57,1,5.0,8,8.0,1
20240310,3,7716537,1,1,1600000.0,1600000.0,48,47,4711,7512,1,51,1,8.0,8,8.0,1
20240310,3,7716541,1,2,1300000.0,1300000.0,48,23,2310,7351,1,23,1,5.0,8,8.0,1
20240310,3,7716542,1,1,1300000.0,1300000.0,47,27,2720,9112,1,48,1,5.0,8,8.0,1
20240310,3,7716544,1,1,1300000.0,1300000.0,48,22,2229,7411,1,45,1,8.0,8,8.0,1
20240310,3,7716544,1,4,750000.0,750000.0,30,56,5611,5223,1,19,1,5.0,8,8.0,1
20240310,3,7716547,1,1,1460000.0,1460000.0,48,26,2620,3322,1,37,2,8.0,8,8.0,1
20240310,3,7716552,1,1,1300000.0,1300000.0,52,56,5630,5131,1,38,2,5.0,8,8.0,1
20240310,3,7716553,1,1,1800000.0,1800000.0,48,32,3210,7411,1,45,1,8.0,8,8.0,1
20240310,3,7716556,1,2,1300000.0,1300000.0,48,85,8544,5414,1,29,1,5.0,8,8.0,1
20240310,3,7716559,1,4,1465000.0,1465000.0,48,86,8691,9621,1,47,1,5.0,8,8.0,1
20240310,3,7716561,1,4,800000.0,800000.0,48,14,1410,9121,1,50,2,4.0,8,8.0,1
20240310,3,7716562,1,1,600000.0,600000.0,50,14,1410,7531,1,32,2,5.0,8,8.0,1
20240310,3,7716562,1,2,600000.0,600000.0,50,14,1410,8153,1,47,1,5.0,8,8.0,1
20240310,3,7716564,1,1,1300000.0,1050000.0,54,56,5611,5131,1,33,2,5.0,8,8.0,1
20240310,3,7716566,1,1,1840000.0,1600000.0,48,41,4111,3123,1,31,1,3.0,8,8.0,1
20240310,3,7716577,1,1,1900000.0,1900000.0,48,86,8699,5321,1,28,1,5.0,8,8.0,1
20240310,3,7716577,1,2,1500000.0,1500000.0,48,47,4773,5329,1,29,2,5.0,8,8.0,1
20240310,3,7716578,1,2,1400000.0,1400000.0,48,42,4210,9112,1,26,1,5.0,8,8.0,1
20240310,3,7716580,1,1,1500000.0,1500000.0,48,41,4111,5414,1,58,1,5.0,8,8.0,1
20240310,3,7716582,1,3,1300000.0,1300000.0,60,82,8220,4222,1,19,2,8.0,8,8.0,1
20240310,3,7716582,1,4,1400000.0,1400000.0,60,82,8220,4222,1,32,2,5.0,8,8.0,1
20240310,3,7716582,1,8,1400000.0,1400000.0,50,46,4661,4321,1,29,1,5.0,8,8.0,1
20240310,3,7716583,1,1,1300000.0,1300000.0,70,47,4711,5223,1,42,1,3.0,8,8.0,1
20240310,3,7716586,1,1,1400000.0,1400000.0,48,86,8610,4120,1,35,2,8.0,8,8.0,1
20240310,3,7716588,1,1,800000.0,800000.0,48,14,1410,7531,1,34,2,5.0,8,8.0,1
20240310,3,7716589,1,1,600000.0,600000.0,48,96,9602,5141,1,28,1,10.0,8,8.0,1
20240310,3,7716589,1,2,800000.0,800000.0,48,96,9602,1420,1,25,2,8.0,8,8.0,1
20240311,3,7719727,1,1,18000000.0,18000000.0,40,85,8559,2359,1,35,2,12.0,8,8.0,1
20240311,3,7719727,1,2,18000000.0,18000000.0,40,46,4690,2421,1,39,1,10.0,8,8.0,1
20240311,3,7720909,1,3,2000000.0,2000000.0,42,86,8621,2411,1,26,2,11.0,8,8.0,1
20240311,3,7720910,1,1,7500000.0,7500000.0,48,47,4754,1420,1,27,1,9.0,8,8.0,1
20240311,3,7720911,1,1,17000000.0,17000000.0,48,64,6412,1346,1,48,1,12.0,8,8.0,1
20240311,3,7720911,1,2,5500000.0,5500000.0,40,35,3514,2411,1,48,2,12.0,8,8.0,1
20240311,3,7720912,1,1,17000000.0,17000000.0,48,61,6120,2421,1,51,1,11.0,8,8.0,1
20240311,3,7720912,1,2,6000000.0,6000000.0,48,81,8121,3341,1,48,2,11.0,8,8.0,1
20240311,3,7720913,1,2,1090000.0,850000.0,54,56,5611,9621,1,22,1,5.0,8,8.0,1
20240311,3,7720914,1,2,1300000.0,1300000.0,48,85,8544,9112,1,63,2,6.0,8,8.0,1
20240311,3,7720915,1,2,400000.0,320000.0,20,56,5611,5131,1,38,1,10.0,8,8.0,1
20240311,3,7720915,1,3,320000.0,240000.0,18,56,5611,3434,1,36,1,10.0,8,8.0,1
20240311,3,7720916,1,1,3300000.0,3300000.0,48,49,4923,1324,1,39,1,10.0,8,8.0,1
20240311,3,7720916,1,3,2400000.0,2400000.0,48,82,8220,3341,1,36,1,10.0,8,8.0,1
20240311,3,7720918,1,1,400000.0,400000.0,16,85,8551,9112,1,70,2,3.0,8,8.0,1
20240311,3,7720919,1,1,1300000.0,1300000.0,72,22,2229,8142,1,52,1,5.0,8,8.0,1
20240311,3,7720921,1,1,600000.0,600000.0,50,56,5611,5131,1,26,2,5.0,8,8.0,1
20240311,3,7720921,1,2,900000.0,900000.0,40,56,5619,5131,1,27,2,10.0,8,8.0,1
20240311,3,7720922,1,1,1000000.0,1000000.0,50,41,4112,9313,1,35,1,3.0,8,8.0,1
20240311,3,7720924,1,1,1280000.0,1280000.0,48,56,5630,2659,1,47,1,4.0,8,8.0,1
20240311,3,7720926,1,3,1480000.0,1300000.0,48,56,5619,5230,1,23,2,8.0,8,8.0,1
20240311,3,7720926,1,5,1300000.0,1300000.0,60,96,9602,5141,1,23,2,9.0,8,8.0,1
20240311,3,7720926,1,6,1300000.0,1300000.0,48,47,4752,8332,1,25,1,5.0,8,8.0,1
20240311,3,7720929,1,1,1300000.0,1300000.0,42,62,6201,3512,1,30,1,8.0,8,8.0,1
20240311,3,7720930,1,1,1700000.0,1700000.0,48,36,3600,7126,1,51,1,10.0,8,8.0,1
20240311,3,7723288,1,2,200000.0,200000.0,30,56,5619,9411,1,63,1,5.0,8,8.0,1
20240311,3,7723292,1,1,15000000.0,15000000.0,48,80,8010,1120,1,43,1,12.0,8,8.0,1
20240311,3,7723292,1,2,8000000.0,8000000.0,48,80,8010,1120,1,32,2,12.0,8,8.0,1
20240311,3,7723293,1,2,7000000.0,7000000.0,48,49,4921,2411,1,31,2,10.0,8,8.0,1
20240311,3,7723295,1,1,8000000.0,8000000.0,48,94,9499,3341,1,32,1,10.0,8,8.0,1
20240311,3,7723295,1,2,7800000.0,7800000.0,48,94,9499,1344,1,32,2,11.0,8,8.0,1
20240311,3,7723297,1,3,2200000.0,2200000.0,48,74,7410,3432,1,23,2,10.0,8,8.0,1
20240311,3,7723299,1,1,5000000.0,5000000.0,40,42,4210,3341,1,36,1,10.0,8,8.0,1
20240311,3,7723300,1,3,3000000.0,3000000.0,48,82,8220,4222,1,32,1,10.0,8,8.0,1
20240311,3,7723302,1,2,1300000.0,1300000.0,44,73,7310,4213,1,52,2,10.0,8,8.0,1
20240311,3,7723302,1,3,2500000.0,2500000.0,44,86,8610,3344,1,28,1,10.0,8,8.0,1
20240311,3,7723302,1,4,4000000.0,4000000.0,40,77,7730,1324,1,27,1,11.0,8,8.0,1
20240311,3,7723308,1,1,1700000.0,1700000.0,48,92,9200,3341,1,62,1,5.0,8,8.0,1
20240311,3,7723308,1,2,1300000.0,1300000.0,48,84,8412,9112,1,56,2,5.0,8,8.0,1
20240311,3,7723308,1,3,950000.0,700000.0,24,56,5611,9412,1,24,2,5.0,8,8.0,1
20240311,3,7723309,1,2,2600000.0,2600000.0,48,69,6910,2611,1,27,1,10.0,8,8.0,1
20240311,3,7723310,1,2,1000000.0,1000000.0,50,56,5611,5131,1,57,2,9.0,8,8.0,1
20240311,3,7723310,1,3,1700000.0,1700000.0,48,68,6820,3334,1,55,1,5.0,8,8.0,1
20240311,3,7723312,1,1,1600000.0,1600000.0,48,35,3511,4120,1,53,2,8.0,8,8.0,1
20240311,3,7723312,1,2,2000000.0,2000000.0,48,86,8610,1212,1,52,1,5.0,8,8.0,1
20240311,3,7723312,1,3,1600000.0,1600000.0,40,33,3311,4110,1,29,2,8.0,8,8.0,1
20240311,3,7723313,1,1,1800000.0,1800000.0,48,21,2100,3111,1,31,1,10.0,8,8.0,1
20240311,3,7723314,1,1,3000000.0,3000000.0,60,84,8423,5412,1,34,1,5.0,8,8.0,1
20240311,3,7723315,1,3,2400000.0,2400000.0,48,22,2219,3122,1,53,2,10.0,8,8.0,1
20240311,3,7723317,1,1,1300000.0,1300000.0,48,47,4773,4222,1,54,2,8.0,8,8.0,1
20240311,3,7723317,1,2,1500000.0,1500000.0,48,86,8610,5321,1,25,2,8.0,8,8.0,1
20240311,3,7723318,1,1,880000.0,650000.0,30,47,4711,9621,1,72,1,4.0,8,8.0,1
20240311,3,7723318,1,2,1500000.0,1500000.0,48,45,4530,5223,1,39,1,5.0,8,8.0,1
20240311,3,7723320,1,1,5500000.0,4000000.0,47,14,1410,1212,1,53,2,10.0,8,8.0,1
20240311,3,7723321,1,1,1500000.0,1500000.0,48,22,2229,4321,1,35,1,9.0,8,8.0,1
20240311,3,7723322,1,2,1500000.0,1500000.0,48,86,8621,4415,1,60,2,5.0,8,8.0,1
20240311,3,7723322,1,3,2200000.0,2200000.0,48,78,7810,2411,1,24,1,10.0,8,8.0,1
20240311,3,7723323,1,1,1300000.0,1300000.0,60,38,3830,5414,1,61,1,5.0,8,8.0,1
20240311,3,7723325,1,2,1300000.0,1300000.0,44,46,4663,8332,1,49,1,4.0,8,8.0,1
20240311,3,7723326,1,4,1460000.0,1460000.0,48,85,8544,4110,1,24,2,10.0,8,8.0,1
20240311,3,7723329,1,2,2500000.0,2500000.0,48,46,4642,2411,1,29,2,10.0,8,8.0,1
20240311,3,7723330,1,3,1460000.0,1460000.0,48,22,2229,8143,1,42,1,5.0,8,8.0,1
20240311,3,7723332,2,1,1460000.0,1460000.0,48,86,8610,9112,1,39,1,5.0,8,8.0,1
20240311,3,7723333,1,2,1600000.0,1600000.0,48,49,4923,8332,1,31,1,5.0,8,8.0,1
20240311,3,7723336,1,1,1600000.0,1600000.0,48,33,3312,9629,1,47,1,5.0,8,8.0,1
20240311,3,7723336,1,2,800000.0,600000.0,24,56,5611,9412,1,26,2,8.0,8,8.0,1
20240311,3,7723337,1,2,1300000.0,1300000.0,48,14,1410,3313,1,42,2,8.0,8,8.0,1
20240311,3,7723341,1,3,1300000.0,1300000.0,48,33,3320,4321,1,23,1,8.0,8,8.0,1
20240311,3,7723344,1,2,800000.0,800000.0,40,87,8730,9412,1,24,2,5.0,8,8.0,1
20240311,3,7723344,1,3,1300000.0,1300000.0,48,49,4923,9112,1,28,1,5.0,8,8.0,1
20240311,3,7723347,1,1,500000.0,500000.0,50,47,4711,5223,1,60,2,3.0,8,8.0,1
20240311,3,7723352,1,3,1800000.0,1800000.0,47,47,4773,3343,1,28,2,10.0,8,8.0,1
20240311,3,7723355,1,2,1300000.0,1300000.0,70,10,1040,8332,1,31,1,5.0,8,8.0,1
20240311,3,7723356,1,1,960000.0,960000.0,48,47,4721,9321,1,41,2,5.0,8,8.0,1
20240311,3,7723359,1,1,1500000.0,1200000.0,48,56,5611,5120,1,43,2,5.0,8,8.0,1
20240311,3,7723359,1,2,1300000.0,1300000.0,48,61,6110,4222,1,18,2,5.0,8,8.0,1
20240311,3,7723359,1,5,2000000.0,2000000.0,48,86,8621,2211,1,37,2,10.0,8,8.0,1
20240311,3,7723359,1,6,1300000.0,1300000.0,48,61,6110,4222,1,22,2,10.0,8,8.0,1
20240311,3,7723360,1,1,700000.0,700000.0,40,41,4111,7112,1,53,1,4.0,8,8.0,1
20240311,3,7723365,1,1,1300000.0,1300000.0,48,10,1051,8160,1,50,1,5.0,8,8.0,1
20240311,3,7723365,1,3,1600000.0,1600000.0,48,47,4754,5223,1,24,2,9.0,8,8.0,1
20240311,3,7723366,1,3,1300000.0,1300000.0,50,47,4771,5223,1,26,2,8.0,8,8.0,1
20240311,3,7723366,1,5,1400000.0,1400000.0,60,47,4711,5223,1,35,2,5.0,8,8.0,1
20240311,3,7723366,1,8,1300000.0,1300000.0,60,47,4752,8143,1,34,1,5.0,8,8.0,1
20240311,3,7723368,1,2,1300000.0,1300000.0,40,79,7911,4221,1,44,2,8.0,8,8.0,1
20240311,3,7723371,1,2,1300000.0,1300000.0,48,20,2021,8131,1,42,1,5.0,8,8.0,1
20240311,3,7723372,1,1,1300000.0,1300000.0,48,20,2023,8131,1,42,1,8.0,8,8.0,1
20240311,3,7723372,1,2,1300000.0,1300000.0,25,85,8530,2342,1,44,2,8.0,8,8.0,1
20240311,3,7723374,1,2,2400000.0,2400000.0,48,52,5210,7231,1,31,1,9.0,8,8.0,1
20240311,3,7723374,1,3,2200000.0,2200000.0,48,65,6511,1212,1,28,2,10.0,8,8.0,1
20240311,3,7723376,1,4,1300000.0,1300000.0,48,25,2511,7211,1,22,1,5.0,8,8.0,1
20240311,3,7723377,1,1,1500000.0,1500000.0,56,38,3811,3341,1,33,1,10.0,8,8.0,1
20240311,3,7723377,1,2,1300000.0,1300000.0,30,69,6920,2411,1,40,2,10.0,8,8.0,1
20240311,3,7723379,1,1,1300000.0,1300000.0,47,35,3512,8323,1,47,1,10.0,8,8.0,1
20240311,3,7723380,1,3,1300000.0,1300000.0,48,35,3520,8332,1,41,1,5.0,8,8.0,1
20240311,3,7723381,1,1,300000.0,300000.0,40,41,4111,9313,1,60,1,5.0,8,8.0,1
20240311,3,7723382,1,2,1200000.0,1200000.0,48,41,4111,7111,1,39,1,4.0,8,8.0,1
20240311,3,7723385,1,2,600000.0,600000.0,48,47,4711,5221,1,26,1,4.0,8,8.0,1
20240311,3,7723386,1,1,1500000.0,1500000.0,60,10,1089,4321,1,38,1,5.0,8,8.0,1
20240311,3,7723386,1,2,1500000.0,1500000.0,40,65,6511,4110,1,38,2,8.0,8,8.0,1
20240311,3,7723390,1,1,5000000.0,5000000.0,40,85,8544,1345,1,50,1,12.0,8,8.0,1
20240311,3,7723391,1,1,1600000.0,1600000.0,40,86,8610,1342,1,32,2,8.0,8,8.0,1
20240311,3,7723392,1,2,1465000.0,1465000.0,47,42,4210,4120,1,42,2,10.0,8,8.0,1
20240311,3,7723393,1,1,1900000.0,1900000.0,48,68,6820,5414,1,44,2,8.0,8,8.0,1
20240311,3,7723393,1,2,2600000.0,2600000.0,48,80,8010,5414,1,44,1,5.0,8,8.0,1
20240311,3,7723394,1,2,1600000.0,1600000.0,48,65,6521,4110,1,49,1,10.0,8,8.0,1
20240311,3,7723394,1,3,1500000.0,1500000.0,60,47,4771,1420,1,43,2,8.0,8,8.0,1
20240311,3,7723394,1,6,1460000.0,1460000.0,48,52,5223,4415,1,44,2,8.0,8,8.0,1
20240311,3,7723395,1,2,1460000.0,1460000.0,42,10,1089,5221,1,50,2,8.0,8,8.0,1
20240311,3,7723396,1,2,1500000.0,1500000.0,48,69,6910,3411,1,39,2,10.0,8,8.0,1
20240311,3,7723398,1,1,1300000.0,1300000.0,48,49,4921,5230,1,43,1,8.0,8,8.0,1
20240311,3,7723398,1,2,1700000.0,1700000.0,48,86,8610,2240,1,42,2,10.0,8,8.0,1
20240311,3,7723400,1,1,2800000.0,2800000.0,48,43,4390,7119,1,48,1,4.0,8,8.0,1
20240311,3,7723401,1,3,800000.0,800000.0,72,56,5630,5414,1,45,2,5.0,8,8.0,1
20240311,3,7723402,1,1,3000000.0,3000000.0,48,49,4923,2351,1,57,1,5.0,8,8.0,1
20240311,3,7723406,1,1,1300000.0,1300000.0,48,55,5511,4224,1,34,1,6.0,8,8.0,1
20240311,3,7723406,1,2,1300000.0,1300000.0,48,80,8010,5414,1,28,2,10.0,8,8.0,1
20240311,3,7723409,1,2,550000.0,550000.0,22,85,8512,2342,1,41,2,8.0,8,8.0,1
20240311,3,7723410,1,1,4900000.0,2600000.0,46,85,8544,2310,1,41,1,12.0,8,8.0,1
20240311,3,7723410,1,2,4100000.0,4100000.0,46,85,8544,2310,1,37,2,12.0,8,8.0,1
20240311,3,7723411,1,1,1400000.0,1400000.0,48,47,4773,4321,1,52,1,8.0,8,8.0,1
20240311,3,7723411,1,2,1300000.0,1300000.0,48,14,1410,5223,1,53,2,5.0,8,8.0,1
20240311,3,7723411,1,3,1300000.0,1300000.0,48,65,6511,2511,1,24,1,10.0,8,8.0,1
20240311,3,7723413,1,1,1300000.0,1300000.0,30,41,4111,9313,1,26,1,8.0,8,8.0,1
20240311,3,7723414,2,1,1300000.0,1300000.0,47,64,6499,3322,1,40,2,8.0,8,8.0,1
20240311,3,7723414,2,2,1300000.0,1300000.0,47,47,4711,7511,1,39,1,5.0,8,8.0,1
20240311,3,7723414,3,1,1300000.0,1300000.0,47,56,5611,5131,1,30,1,8.0,8,8.0,1
20240311,3,7723415,1,1,1000000.0,1000000.0,48,49,4921,8323,1,54,1,5.0,8,8.0,1
20240311,3,7723416,1,2,950000.0,950000.0,60,22,2229,4321,1,30,1,5.0,8,8.0,1
20240311,3,7723416,1,5,950000.0,950000.0,60,22,2229,9321,1,19,1,5.0,8,8.0,1
20240311,3,7723418,1,4,3000000.0,3000000.0,48,78,7810,2512,1,37,1,10.0,8,8.0,1
20240311,3,7723419,1,3,1500000.0,1500000.0,48,47,4711,8332,1,27,1,5.0,8,8.0,1
20240311,3,7723419,1,5,1300000.0,1300000.0,70,95,9512,3114,1,35,1,8.0,8,8.0,1
20240311,3,7723420,1,2,680000.0,500000.0,28,56,5611,5131,1,35,2,5.0,8,8.0,1
20240311,3,7723421,1,1,1460000.0,1460000.0,48,77,7710,9122,1,22,1,5.0,8,8.0,1
20240311,3,7723425,1,5,2750000.0,2600000.0,48,23,2310,3122,1,44,1,10.0,8,8.0,1
20240311,3,7723426,1,1,1300000.0,1300000.0,48,46,4659,7233,1,26,1,8.0,8,8.0,1
20240311,3,7723427,1,1,1300000.0,1300000.0,48,46,4631,5243,1,34,2,8.0,8,8.0,1
20240311,3,7723429,1,1,1600000.0,1300000.0,54,47,4711,5223,1,44,1,8.0,8,8.0,1
20240311,3,7723429,1,2,1250000.0,1000000.0,50,47,4711,5223,1,38,2,5.0,8,8.0,1
20240311,3,7723431,1,1,1670000.0,1600000.0,47,33,3312,7233,1,35,1,10.0,8,8.0,1
20240311,3,7723431,1,2,1500000.0,1500000.0,47,20,2022,3343,1,27,2,10.0,8,8.0,1
20240311,3,7723441,1,1,6000000.0,6000000.0,40,85,8544,2310,1,45,1,12.0,8,8.0,1
20240311,3,7723444,1,1,1400000.0,1400000.0,48,46,4631,5223,1,39,2,10.0,8,8.0,1
20240311,3,7723444,1,4,1300000.0,1300000.0,48,46,4631,4132,1,34,2,10.0,8,8.0,1
20240311,3,7723445,1,1,4000000.0,4000000.0,48,86,8610,2211,1,42,1,10.0,8,8.0,1
20240311,3,7723446,1,1,2000000.0,2000000.0,47,46,4645,2411,1,35,1,10.0,8,8.0,1
20240311,3,7723446,1,2,2000000.0,2000000.0,47,64,6412,1211,1,35,2,10.0,8,8.0,1
20240311,3,7729078,1,1,900000.0,900000.0,40,55,5511,9112,1,32,2,5.0,8,8.0,1
20240311,3,7729078,1,2,1300000.0,1300000.0,50,43,4330,7131,1,34,1,5.0,8,8.0,1
20240312,3,7729079,1,2,1000000.0,1000000.0,25,47,4759,5223,1,62,1,5.0,8,8.0,1
20240312,3,7729081,1,2,1800000.0,1800000.0,48,47,4775,5223,1,49,1,10.0,8,8.0,1
20240312,3,7729082,1,2,1300000.0,1300000.0,40,47,4771,5223,1,41,2,9.0,8,8.0,1
20240312,3,7729084,1,1,2500000.0,2500000.0,40,64,6412,4214,1,57,1,10.0,8,8.0,1
20240312,3,7729093,1,2,1300000.0,1300000.0,48,42,4210,7123,1,34,1,5.0,8,8.0,1
20240312,3,7729095,1,4,1300000.0,1300000.0,48,41,4111,7111,1,35,1,1.0,8,8.0,1
20240312,3,7729097,1,2,600000.0,600000.0,70,47,4711,9621,1,33,1,4.0,8,8.0,1
20240312,3,7729099,1,1,1300000.0,1300000.0,48,80,8010,5414,1,43,1,8.0,8,8.0,1
20240312,3,7729099,1,2,1465000.0,1465000.0,47,47,4771,5223,1,44,2,8.0,8,8.0,1
20240312,3,7729100,1,1,2500000.0,2500000.0,48,46,4649,5222,1,50,1,4.0,8,8.0,1
20240312,3,7729101,1,1,1420000.0,1300000.0,48,52,5222,8344,1,40,1,8.0,8,8.0,1
20240312,3,7729102,1,2,1300000.0,1300000.0,48,41,4112,7112,1,56,1,4.0,8,8.0,1
20240312,3,7729105,1,1,1300000.0,1300000.0,48,47,4711,4321,1,56,1,4.0,8,8.0,1
20240312,3,7729105,1,3,1300000.0,1300000.0,48,47,4771,5230,1,22,2,5.0,8,8.0,1
20240312,3,7729107,1,1,3800000.0,3800000.0,48,86,8621,2261,1,46,1,11.0,8,8.0,1
20240312,3,7729112,1,1,4000000.0,4000000.0,50,71,7111,2161,1,52,1,10.0,8,8.0,1
20240312,3,7729112,1,2,4000000.0,4000000.0,40,71,7111,4311,1,48,2,10.0,8,8.0,1
20240312,3,7729115,1,1,1300000.0,1300000.0,48,10,1081,5120,1,50,2,5.0,8,8.0,1
20240312,3,7729117,1,1,1300000.0,1300000.0,48,68,6820,5414,1,46,1,8.0,8,8.0,1
20240312,3,7729120,1,2,1600000.0,1600000.0,48,80,8010,5414,1,48,1,8.0,8,8.0,1
20240312,3,7729121,1,1,1800000.0,1800000.0,48,47,4711,4311,1,62,1,9.0,8,8.0,1
20240312,3,7729121,1,3,2600000.0,2600000.0,48,35,3514,2151,1,32,1,10.0,8,8.0,1
20240312,3,7729122,1,1,1300000.0,1300000.0,72,47,4719,5223,1,39,2,5.0,8,8.0,1
20240312,3,7729123,1,1,1465000.0,1465000.0,48,47,4773,5329,1,25,2,8.0,8,8.0,1
20240312,3,7729123,1,2,1465000.0,1465000.0,48,42,4210,7112,1,40,1,5.0,8,8.0,1
20240312,3,7729124,1,1,1300000.0,1300000.0,47,42,4290,7113,1,31,1,5.0,8,8.0,1
20240312,3,7729125,1,2,1465000.0,1465000.0,48,80,8010,5414,1,39,1,5.0,8,8.0,1
20240312,3,7729126,1,1,2150000.0,2150000.0,48,41,4111,4321,1,45,1,5.0,8,8.0,1
20240312,3,7729127,1,1,1800000.0,1800000.0,48,47,4771,5223,1,23,2,10.0,8,8.0,1
20240312,3,7729127,1,3,1900000.0,1900000.0,48,47,4771,5223,1,31,2,8.0,8,8.0,1
20240312,3,7729129,1,1,2200000.0,2200000.0,48,46,4631,5222,1,29,1,5.0,8,8.0,1
20240312,3,7729129,1,2,1300000.0,1300000.0,48,14,1410,5230,1,27,2,6.0,8,8.0,1
20240312,3,7729129,1,5,1850000.0,1600000.0,48,56,5611,5120,1,52,2,5.0,8,8.0,1
20240312,3,7729130,1,3,2600000.0,2600000.0,40,85,8530,2330,1,30,2,10.0,8,8.0,1
20240312,3,7729130,1,4,2600000.0,2600000.0,48,62,6209,4222,1,28,1,10.0,8,8.0,1
20240312,3,7729131,1,2,1000000.0,1000000.0,60,47,4711,9334,1,56,1,5.0,8,8.0,1
20240312,3,7729131,1,5,150000.0,150000.0,50,1,113,9211,1,68,1,1.0,8,8.0,1
20240312,3,7729133,1,1,1460000.0,1460000.0,58,86,8610,5321,1,36,1,9.0,8,8.0,1
20240312,3,7729134,1,1,3900000.0,3900000.0,48,60,6010,4416,1,26,1,10.0,8,8.0,1
20240312,3,7729134,1,2,1460000.0,1460000.0,48,38,3811,4120,1,26,2,8.0,8,8.0,1
20240312,3,7729135,1,1,1600000.0,1600000.0,72,82,8220,5414,1,47,1,5.0,8,8.0,1
20240312,3,7729135,1,2,1460000.0,1460000.0,48,81,8121,9112,1,50,2,8.0,8,8.0,1
20240312,3,7729135,1,3,1460000.0,1460000.0,48,10,1084,7512,1,23,1,8.0,8,8.0,1
20240312,3,7729136,1,1,1460000.0,1460000.0,48,85,8559,5165,1,55,1,10.0,8,8.0,1
20240312,3,7729139,1,1,4000000.0,4000000.0,48,62,6201,2513,1,46,1,10.0,8,8.0,1
20240312,3,7729139,1,3,5000000.0,5000000.0,48,68,6820,3341,1,34,2,11.0,8,8.0,1
20240312,3,7729140,1,1,1480000.0,1300000.0,56,56,5619,9411,1,29,1,5.0,8,8.0,1
20240312,3,7729140,1,2,800000.0,800000.0,40,56,5619,9411,1,26,2,4.0,8,8.0,1
20240312,3,7729140,1,4,600000.0,600000.0,40,56,5619,5246,1,47,2,5.0,8,8.0,1
20240312,3,7729143,1,3,3500000.0,3500000.0,48,49,4923,1212,1,26,2,10.0,8,8.0,1
20240312,3,7729145,1,1,1300000.0,1300000.0,48,43,4322,7127,1,45,1,8.0,8,8.0,1
20240312,3,7729151,1,1,1400000.0,1400000.0,48,41,4111,7111,1,37,1,4.0,8,8.0,1
20240312,3,7729151,1,2,1030000.0,900000.0,48,56,5611,5120,1,38,2,5.0,8,8.0,1
20240312,3,7729152,1,1,1300000.0,1300000.0,47,80,8010,5414,1,37,1,8.0,8,8.0,1
20240312,3,7729153,1,2,1600000.0,1600000.0,48,95,9511,3511,1,45,1,8.0,8,8.0,1
20240312,3,7729154,1,1,1600000.0,1600000.0,42,85,8530,2341,1,35,1,10.0,8,8.0,1
20240312,3,7729154,1,2,1300000.0,1300000.0,72,47,4719,1420,1,39,2,5.0,8,8.0,1
20240312,3,7729155,1,2,1460000.0,1460000.0,48,20,2023,9112,1,45,2,5.0,8,8.0,1
20240312,3,7729155,1,3,720000.0,720000.0,35,47,4771,3322,1,23,1,5.0,8,8.0,1
20240312,3,7729156,1,1,580000.0,500000.0,20,85,8530,2342,1,24,2,8.0,8,8.0,1
20240312,3,7729156,1,2,1500000.0,1500000.0,48,52,5223,3211,1,23,1,5.0,8,8.0,1
20240312,3,7729156,1,3,1600000.0,1600000.0,45,85,8530,2341,1,24,1,10.0,8,8.0,1
20240312,3,7729158,1,2,1000000.0,720000.0,60,56,5611,5120,1,31,1,5.0,8,8.0,1
20240312,3,7729159,1,2,450000.0,450000.0,24,56,5611,5131,1,22,2,1.0,8,8.0,1
20240312,3,7729160,1,1,1300000.0,1300000.0,48,21,2100,5223,1,40,1,5.0,8,8.0,1
20240312,3,7729160,1,2,1300000.0,1300000.0,48,47,4752,4226,1,38,2,8.0,8,8.0,1
20240312,3,7729163,1,3,1800000.0,1800000.0,60,82,8220,4222,1,28,2,10.0,8,8.0,1
20240312,3,7729165,1,1,1600000.0,1600000.0,48,86,8621,3341,1,44,1,9.0,8,8.0,1
20240312,3,7729165,1,5,1300000.0,1300000.0,48,58,5811,5221,1,50,2,5.0,8,8.0,1
20240312,3,7729167,1,1,4000000.0,4000000.0,48,21,2100,2144,1,37,1,10.0,8,8.0,1
20240312,3,7729168,1,1,1300000.0,1300000.0,48,55,5511,2411,1,28,1,10.0,8,8.0,1
20240312,3,7729168,1,2,1300000.0,1300000.0,48,49,4923,1219,1,26,2,10.0,8,8.0,1
20240312,3,7729176,1,1,3200000.0,3200000.0,48,82,8220,4222,1,34,1,10.0,8,8.0,1
20240312,3,7729182,1,3,1300000.0,1300000.0,60,56,5611,9621,1,29,1,10.0,8,8.0,1
20240312,3,7729184,1,1,4500000.0,4500000.0,47,21,2100,2211,1,42,2,10.0,8,8.0,1
20240312,3,7729185,1,1,10000000.0,10000000.0,48,86,8691,2263,1,53,1,10.0,8,8.0,1
20240312,3,7729186,1,1,20000000.0,20000000.0,48,50,5022,1120,1,54,1,12.0,8,8.0,1
20240312,3,7729186,1,2,6000000.0,6000000.0,48,68,6810,1221,1,51,2,10.0,8,8.0,1
20240312,3,7729187,1,1,8000000.0,8000000.0,48,1,112,2411,1,52,2,11.0,8,8.0,1
20240312,3,7729187,1,2,7000000.0,7000000.0,48,79,7911,2421,1,25,1,10.0,8,8.0,1
20240312,3,7729188,1,1,20000000.0,20000000.0,48,33,3312,3341,1,50,1,10.0,8,8.0,1
20240312,3,7729189,1,1,,,50,10,1081,5222,1,44,2,10.0,8,8.0,1
20240312,3,7729190,1,1,8000000.0,8000000.0,48,85,8544,2611,1,46,1,10.0,8,8.0,1
20240312,3,7729191,1,1,10000000.0,10000000.0,48,68,6810,1212,1,44,1,10.0,8,8.0,1
20240312,3,7729192,1,1,10000000.0,10000000.0,48,94,9411,2412,1,45,1,10.0,8,8.0,1
20240312,3,7729199,1,1,2500000.0,2500000.0,48,82,8220,4222,1,23,2,10.0,8,8.0,1
20240312,3,7729200,1,1,1500000.0,1500000.0,60,80,8020,7222,1,39,1,5.0,8,8.0,1
20240312,3,7729201,1,1,120000.0,120000.0,70,47,4775,5223,1,65,1,4.0,8,8.0,1
20240312,3,7729202,1,2,1300000.0,1300000.0,48,47,4752,9112,1,43,2,5.0,8,8.0,1
20240312,3,7729202,1,3,13000000.0,13000000.0,48,86,8610,5321,1,22,2,8.0,8,8.0,1
20240312,3,7729205,1,1,1000000.0,1000000.0,16,90,9007,2659,1,42,1,5.0,8,8.0,1
20240312,3,7729211,1,3,1300000.0,1300000.0,40,53,5320,9333,1,52,1,5.0,8,8.0,1
20240312,3,7729211,1,4,680000.0,680000.0,20,16,1610,7351,1,25,2,8.0,8,8.0,1
20240312,3,7729212,1,1,1460000.0,1460000.0,48,56,5611,9412,1,29,1,8.0,8,8.0,1
20240312,3,7729212,1,2,1460000.0,1460000.0,48,82,8220,4222,1,27,2,9.0,8,8.0,1
20240312,3,7729214,1,2,1460000.0,1460000.0,48,86,8610,9112,1,30,1,9.0,8,8.0,1
20240312,3,7729215,1,1,1600000.0,1600000.0,48,86,8610,5321,1,38,2,8.0,8,8.0,1
20240312,3,7729215,1,2,1460000.0,1460000.0,48,47,4752,5223,1,33,1,5.0,8,8.0,1
20240312,3,7729216,1,1,2600000.0,2600000.0,48,20,2029,9333,1,60,1,8.0,8,8.0,1
20240312,3,7729216,1,3,2600000.0,2600000.0,48,20,2029,2113,1,38,1,10.0,8,8.0,1
20240312,3,7729218,1,2,1300000.0,1300000.0,48,10,1082,3341,1,39,2,9.0,8,8.0,1
20240312,3,7729221,1,1,1300000.0,1300000.0,60,14,1410,5223,1,28,1,5.0,8,8.0,1
20240312,3,7729221,1,2,1300000.0,1300000.0,48,69,6910,4120,1,24,2,10.0,8,8.0,1
20240312,3,7729224,1,1,1600000.0,1600000.0,60,47,4711,5230,1,37,1,5.0,8,8.0,1
20240312,3,7729226,1,1,800000.0,800000.0,40,56,5611,5120,1,46,2,5.0,8,8.0,1
20240312,3,7729228,1,2,800000.0,800000.0,50,47,4721,5223,1,65,1,5.0,8,8.0,1
20240312,3,7729236,1,2,1500000.0,1500000.0,48,64,6499,4311,1,24,2,10.0,8,8.0,1
20240312,3,7729236,1,4,1500000.0,1500000.0,48,94,9499,3351,1,25,2,10.0,8,8.0,1
20240312,3,7729240,1,2,1300000.0,1300000.0,50,73,7310,7322,1,33,1,5.0,8,8.0,1
20240312,3,7729240,1,3,1000000.0,1000000.0,48,46,4643,5223,1,21,1,5.0,8,8.0,1
20240312,3,7729243,1,1,1700000.0,1700000.0,48,43,4321,3341,1,22,2,9.0,8,8.0,1
20240312,3,7729245,1,2,1300000.0,1300000.0,48,35,3513,9613,1,48,1,8.0,8,8.0,1
20240312,3,7729246,1,1,6500000.0,6500000.0,48,66,6630,2412,1,39,1,10.0,8,8.0,1
20240312,3,7729248,1,1,6000000.0,6000000.0,48,45,4530,1420,1,34,2,10.0,8,8.0,1
20240312,3,7729249,1,1,6700000.0,6700000.0,48,47,4759,1420,1,39,2,11.0,8,8.0,1
20240312,3,7729251,1,1,3600000.0,3600000.0,48,63,6391,2642,1,30,2,11.0,8,8.0,1
20240312,3,7729252,1,2,2640000.0,2600000.0,48,71,7112,7412,1,36,1,10.0,8,8.0,1
20240312,3,7729254,1,1,3900000.0,3900000.0,48,86,8621,2634,1,28,2,11.0,8,8.0,1
20240312,3,7729255,1,1,2600000.0,2600000.0,48,25,2511,1212,1,36,1,11.0,8,8.0,1
20240312,3,7729257,1,2,1800000.0,1800000.0,48,82,8220,4222,1,22,2,5.0,8,8.0,1
20240311,3,7736388,1,1,1600000.0,1600000.0,47,85,8530,5414,1,53,1,5.0,8,8.0,1
20240311,3,7736388,1,5,1000000.0,700000.0,60,56,5611,5120,1,19,2,5.0,8,8.0,1
20240311,3,7736389,1,2,600000.0,600000.0,24,56,5611,5414,1,45,1,5.0,8,8.0,1
20240312,3,7736390,1,2,1900000.0,1900000.0,48,80,8010,5414,1,56,1,5.0,8,8.0,1
20240312,3,7736391,1,2,1300000.0,1300000.0,50,41,4111,7111,1,60,1,5.0,8,8.0,1
20240312,3,7736391,1,4,1300000.0,1300000.0,50,31,3110,7111,1,36,1,5.0,8,8.0,1
20240313,3,7736392,1,2,5000000.0,5000000.0,48,61,6110,3341,1,37,1,12.0,8,8.0,1
20240313,3,7736395,1,1,6500000.0,6500000.0,48,6,610,2141,1,42,1,10.0,8,8.0,1
20240313,3,7736397,1,1,6000000.0,6000000.0,48,5,510,7223,1,43,1,5.0,8,8.0,1
20240313,3,7736398,1,1,1300000.0,1300000.0,48,65,6511,1212,1,57,1,10.0,8,8.0,1
20240313,3,7736398,1,2,1300000.0,1300000.0,48,55,5530,1411,1,47,2,5.0,8,8.0,1
20240313,3,7736401,1,3,2600000.0,2600000.0,48,42,4290,2142,1,24,2,11.0,8,8.0,1
20240313,3,7736403,1,1,3900000.0,3900000.0,48,21,2100,9329,1,31,1,10.0,8,8.0,1
20240313,3,7736403,1,2,2600000.0,2600000.0,48,21,2100,2141,1,27,2,12.0,8,8.0,1
20240313,3,7736407,1,3,1300000.0,1300000.0,48,92,9200,9112,1,30,1,5.0,8,8.0,1
20240313,3,7739074,1,1,3000000.0,3000000.0,48,82,8220,4222,1,50,1,11.0,8,8.0,1
20240313,3,7739074,1,2,4300000.0,4300000.0,48,68,6820,1120,1,51,2,11.0,8,8.0,1
20240313,3,7739075,1,1,3500000.0,3500000.0,48,14,1410,3122,1,39,1,5.0,8,8.0,1
20240313,3,7739075,1,2,1300000.0,1300000.0,48,14,1410,4225,1,37,2,5.0,8,8.0,1
20240313,3,7739076,1,1,2500000.0,2500000.0,48,45,4512,3322,1,37,1,10.0,8,8.0,1
20240313,3,7739076,1,2,3300000.0,3300000.0,48,64,6412,3312,1,37,2,10.0,8,8.0,1
20240313,3,7739078,1,1,2060000.0,1460000.0,48,64,6412,5414,1,46,1,5.0,8,8.0,1
20240313,3,7739078,1,2,1860000.0,1460000.0,48,64,6412,9112,1,30,1,5.0,8,8.0,1
20240313,3,7739080,1,2,7000000.0,7000000.0,48,85,8544,2310,1,63,2,10.0,8,8.0,1
20240313,3,7739082,1,4,1800000.0,1800000.0,47,86,8621,4416,1,44,1,10.0,8,8.0,1
20240313,3,7739082,1,8,4000000.0,4000000.0,47,86,8621,2211,1,28,2,10.0,8,8.0,1
20240313,3,7739084,1,2,1500000.0,1500000.0,48,49,4921,8331,1,62,1,3.0,8,8.0,1
20240313,3,7739084,1,3,2800000.0,2800000.0,48,64,6412,2412,1,29,2,11.0,8,8.0,1
20240313,3,7739085,1,1,1500000.0,1500000.0,48,68,6820,5414,1,45,1,8.0,8,8.0,1
20240313,3,7739085,2,1,1300000.0,1300000.0,40,25,2592,1321,1,42,1,10.0,8,8.0,1
20240313,3,7739085,2,2,1300000.0,1300000.0,44,41,4111,3334,1,41,2,10.0,8,8.0,1
20240313,3,7739088,1,3,3100000.0,3100000.0,48,86,8621,2211,1,40,1,10.0,8,8.0,1
20240313,3,7739092,1,1,10000000.0,10000000.0,40,85,8544,4416,1,54,1,10.0,8,8.0,1
20240313,3,7739095,1,4,800000.0,800000.0,50,41,4111,9313,1,63,1,4.0,8,8.0,1
20240313,3,7739099,1,2,1000000.0,1000000.0,48,45,4530,7231,1,69,1,8.0,8,8.0,1
20240313,3,7739099,1,5,1300000.0,1300000.0,40,18,1811,2166,1,39,1,8.0,8,8.0,1
20240313,3,7739100,1,1,2000000.0,2000000.0,40,84,8412,4110,1,59,1,10.0,8,8.0,1
20240313,3,7739103,1,2,1300000.0,1300000.0,48,60,6010,5223,1,52,1,10.0,8,8.0,1
20240313,3,7739109,1,1,1800000.0,1800000.0,48,81,8121,1212,1,35,2,8.0,8,8.0,1
20240313,3,7739111,1,2,1460000.0,1460000.0,48,49,4923,4321,1,27,1,5.0,8,8.0,1
20240313,3,7739112,1,1,1300000.0,1300000.0,47,85,8541,9112,1,30,2,8.0,8,8.0,1
20240313,3,7739113,1,1,600000.0,600000.0,48,52,5224,9333,1,67,1,3.0,8,8.0,1
20240313,3,7739113,1,3,900000.0,900000.0,48,41,4112,9313,1,44,1,3.0,8,8.0,1
20240313,3,7739113,1,4,1200000.0,1200000.0,48,56,5630,2652,1,43,1,5.0,8,8.0,1
20240313,3,7739119,1,2,1300000.0,1300000.0,30,56,5611,3434,1,49,2,5.0,8,8.0,1
20240313,3,7739120,1,4,1300000.0,1300000.0,44,56,5611,5131,1,20,2,9.0,8,8.0,1
20240313,3,7739121,1,1,1300000.0,1300000.0,48,86,8610,9112,1,47,2,5.0,8,8.0,1
20240313,3,7739123,1,1,1465000.0,1465000.0,48,36,3600,5414,1,27,2,8.0,8,8.0,1
20240313,3,7739127,1,1,1400000.0,1400000.0,48,64,6499,1212,1,28,2,8.0,8,8.0,1
20240313,3,7739129,1,2,1680000.0,1500000.0,48,36,3600,9412,1,56,1,3.0,8,8.0,1
20240313,3,7739130,1,1,1300000.0,1300000.0,50,86,8621,9112,1,41,1,8.0,8,8.0,1
20240313,3,7739131,1,2,1200000.0,1200000.0,40,55,5511,5120,1,47,2,8.0,8,8.0,1
20240313,3,7739133,1,2,800000.0,800000.0,24,47,4771,5223,1,23,2,10.0,8,8.0,1
20240313,3,7739133,1,3,1460000.0,1460000.0,48,86,8691,4226,1,25,2,9.0,8,8.0,1
20240313,3,7739133,1,4,1460000.0,1460000.0,48,52,5229,8321,1,26,1,10.0,8,8.0,1
20240313,3,7739134,1,1,1300000.0,1300000.0,48,42,4290,7212,1,51,1,5.0,8,8.0,1
20240313,3,7739135,1,2,1300000.0,1300000.0,48,60,6010,4222,1,30,2,8.0,8,8.0,1
20240313,3,7739140,1,1,1300000.0,1300000.0,48,47,4759,4120,1,33,2,8.0,8,8.0,1
20240313,3,7739141,1,1,1300000.0,1300000.0,48,49,4921,8331,1,48,1,5.0,8,8.0,1
20240313,3,7739141,1,2,1300000.0,1300000.0,48,46,4645,4311,1,31,2,10.0,8,8.0,1
20240313,3,7739142,1,3,1300000.0,1300000.0,48,85,8544,5414,1,54,1,5.0,8,8.0,1
20240313,3,7739145,1,3,1230000.0,1000000.0,48,56,5611,5131,1,21,1,5.0,8,8.0,1
20240313,3,7739150,1,3,300000.0,300000.0,60,31,3110,7534,1,20,1,4.0,8,8.0,1
20240313,3,7739152,1,1,1460000.0,1460000.0,48,18,1811,7322,1,44,1,4.0,8,8.0,1
20240313,3,7739153,1,1,1800000.0,1800000.0,48,70,7020,4311,1,24,2,10.0,8,8.0,1
20240313,3,7739153,1,2,1400000.0,1400000.0,48,68,6820,5414,1,25,1,5.0,8,8.0,1
20240313,3,7739154,1,2,900000.0,900000.0,48,47,4719,5223,1,57,2,5.0,8,8.0,1
20240313,3,7739154,1,3,1300000.0,1300000.0,40,88,8891,5311,1,44,2,8.0,8,8.0,1
20240313,3,7739154,1,5,1300000.0,1300000.0,48,61,6110,4222,1,25,2,5.0,8,8.0,1
20240313,3,7739154,1,6,1300000.0,1300000.0,48,47,4773,5223,1,25,1,8.0,8,8.0,1
20240313,3,7739154,1,8,900000.0,900000.0,48,96,9602,5141,1,19,1,5.0,8,8.0,1
20240313,3,7739154,1,9,1000000.0,1000000.0,48,18,1811,8154,1,22,2,5.0,8,8.0,1
20240313,3,7739156,1,3,1300000.0,1300000.0,46,86,8621,5321,1,33,2,5.0,8,8.0,1
20240313,3,7739157,1,1,1800000.0,1800000.0,72,80,8010,5414,1,47,1,5.0,8,8.0,1
20240313,3,7739157,1,2,1700000.0,1700000.0,48,73,7320,4227,1,44,2,8.0,8,8.0,1
20240313,3,7739158,1,3,1600000.0,1600000.0,48,47,4731,5245,1,28,1,6.0,8,8.0,1
20240313,3,7739159,1,5,1300000.0,1300000.0,48,82,8220,4222,1,33,2,5.0,8,8.0,1
20240313,3,7739159,1,6,600000.0,600000.0,48,64,6499,4214,1,35,1,4.0,8,8.0,1
20240313,3,7739160,1,3,650000.0,650000.0,23,86,8622,2261,1,31,2,10.0,8,8.0,1
20240313,3,7739161,1,2,1200000.0,1200000.0,48,47,4772,9621,1,32,1,5.0,8,8.0,1
20240313,3,7739161,1,4,900000.0,900000.0,48,95,9522,7412,1,65,1,5.0,8,8.0,1
20240313,3,7739166,1,1,1300000.0,1300000.0,48,29,2930,7412,1,34,1,10.0,8,8.0,1
20240313,3,7739167,1,1,1300000.0,1300000.0,56,47,4721,5223,1,44,1,3.0,8,8.0,1
20240313,3,7739168,1,2,900000.0,900000.0,40,10,1081,7512,1,60,1,4.0,8,8.0,1
20240313,3,7739168,1,3,1800000.0,1800000.0,48,47,4773,5223,1,27,1,10.0,8,8.0,1
20240313,3,7739168,1,4,1300000.0,1300000.0,48,47,4773,5223,1,18,1,8.0,8,8.0,1
20240313,3,7739169,1,2,1300000.0,1300000.0,48,61,6110,8332,1,30,1,5.0,8,8.0,1
20240313,3,7739169,1,3,1300000.0,1300000.0,48,86,8699,5321,1,32,2,8.0,8,8.0,1
20240313,3,7739170,1,2,1300000.0,1300000.0,48,82,8220,4222,1,27,2,5.0,8,8.0,1
20240313,3,7739172,1,2,1800000.0,1800000.0,48,47,4754,3322,1,56,2,8.0,8,8.0,1
20240313,3,7739172,1,4,1300000.0,1300000.0,47,47,4774,3322,1,32,2,10.0,8,8.0,1
20240313,3,7739172,1,6,800000.0,800000.0,40,47,4754,9621,1,26,1,9.0,8,8.0,1
20240313,3,7739173,1,1,2500000.0,2500000.0,48,21,2100,8183,1,34,1,8.0,8,8.0,1
20240313,3,7739173,1,2,1300000.0,1300000.0,48,64,6499,4214,1,33,2,5.0,8,8.0,1
20240313,3,7739174,1,1,960000.0,960000.0,60,47,4771,5221,1,45,2,10.0,8,8.0,1
20240313,3,7739174,1,3,1300000.0,1300000.0,48,47,4731,5245,1,19,2,5.0,8,8.0,1
20240313,3,7739177,1,1,1600000.0,1600000.0,60,86,8610,5321,1,33,2,10.0,8,8.0,1
20240313,3,7739177,1,2,2500000.0,2500000.0,40,49,4921,2411,1,45,1,10.0,8,8.0,1
20240313,3,7739179,1,1,1400000.0,1400000.0,60,46,4631,7511,1,55,1,5.0,8,8.0,1
20240313,3,7739180,1,1,1800000.0,1800000.0,40,85,8530,2341,1,43,1,10.0,8,8.0,1
20240313,3,7739180,1,2,1500000.0,1500000.0,48,46,4644,4110,1,38,2,8.0,8,8.0,1
20240313,3,7739181,1,1,1800000.0,1800000.0,48,82,8220,1211,1,25,1,5.0,8,8.0,1
20240313,3,7739183,1,1,1800000.0,1800000.0,40,49,4923,8332,1,62,1,5.0,8,8.0,1
20240313,3,7739184,1,2,1465000.0,1465000.0,48,47,4769,5230,1,36,2,10.0,8,8.0,1
20240313,3,7739184,1,3,1400000.0,1400000.0,48,47,4773,5223,1,35,1,8.0,8,8.0,1
20240313,3,7739186,1,3,1300000.0,1300000.0,48,86,8621,4311,1,40,2,5.0,8,8.0,1
20240313,3,7739187,1,3,1460000.0,1460000.0,42,82,8220,4222,1,23,2,10.0,8,8.0,1
20240313,3,7739188,1,2,2700000.0,2700000.0,47,36,3600,4110,1,36,2,10.0,8,8.0,1
20240313,3,7739193,1,2,1300000.0,1300000.0,48,49,4923,9621,1,46,1,5.0,8,8.0,1
20240313,3,7739194,1,3,1700000.0,1700000.0,47,84,8412,5414,1,47,1,5.0,8,8.0,1
20240313,3,7739195,1,3,1600000.0,1600000.0,48,52,5222,5414,1,40,1,8.0,8,8.0,1
20240313,3,7739196,1,2,800000.0,800000.0,48,41,4111,7112,1,49,1,3.0,8,8.0,1
20240313,3,7739196,1,9,700000.0,700000.0,48,49,4923,9333,1,33,1,5.0,8,8.0,1
20240313,3,7739199,1,1,2300000.0,2300000.0,38,85,8530,2330,1,40,1,10.0,8,8.0,1
20240313,3,7739200,1,1,2000000.0,2000000.0,48,85,8530,5151,1,45,1,8.0,8,8.0,1
20240313,3,7739202,1,1,1300000.0,1300000.0,48,47,4754,3322,1,39,1,8.0,8,8.0,1
20240313,3,7739202,1,3,1300000.0,1300000.0,48,47,4789,3322,1,21,1,10.0,8,8.0,1
20240313,3,7739204,1,3,1300000.0,1300000.0,48,33,3312,7233,1,48,1,5.0,8,8.0,1
20240313,3,7739207,1,1,1200000.0,1200000.0,40,96,9602,5230,1,45,2,10.0,8,8.0,1
20240313,3,7739207,1,2,600000.0,600000.0,40,56,5611,5131,1,18,1,8.0,8,8.0,1
20240313,3,7739207,1,3,1500000.0,1500000.0,48,56,5619,5230,1,30,2,10.0,8,8.0,1
20240313,3,7739208,1,2,1300000.0,1300000.0,48,88,8891,5311,1,34,2,5.0,8,8.0,1
20240313,3,7739210,1,1,1500000.0,1500000.0,47,47,4754,5223,1,36,2,5.0,8,8.0,1
20240313,3,7739210,1,2,1500000.0,1500000.0,47,86,8610,4110,1,29,2,8.0,8,8.0,1
20240313,3,7739216,1,3,1800000.0,1800000.0,48,86,8610,2221,1,45,2,10.0,8,8.0,1
20240313,3,7739217,1,1,1400000.0,1400000.0,48,27,2740,7315,1,45,2,5.0,8,8.0,1
20240313,3,7739217,1,2,1300000.0,1300000.0,48,41,4111,9311,1,44,1,5.0,8,8.0,1
20240313,3,7739217,1,4,1600000.0,1600000.0,48,47,4771,5223,1,25,2,8.0,8,8.0,1
20240313,3,7739222,1,1,1300000.0,1300000.0,48,68,6820,2411,1,28,1,10.0,8,8.0,1
20240313,3,7739225,1,1,3000000.0,3000000.0,48,70,7020,2511,1,36,2,11.0,8,8.0,1
20240313,3,7739226,1,1,1300000.0,1300000.0,48,47,4751,5223,1,45,2,5.0,8,8.0,1
20240313,3,7739228,1,3,1450000.0,1300000.0,48,24,2410,8121,1,36,1,5.0,8,8.0,1
20240313,3,7742046,1,3,3600000.0,3600000.0,48,25,2511,1324,1,26,2,10.0,8,8.0,1
20240313,3,7742047,1,1,1300000.0,1300000.0,48,85,8530,7212,1,41,1,8.0,8,8.0,1
20240414,4,7742253,1,1,1500000.0,1500000.0,47,74,7410,8143,1,48,1,5.0,8,8.0,1
20240414,4,7742253,1,2,2300000.0,2300000.0,47,46,4659,2141,1,45,2,10.0,8,8.0,1
20240414,4,7742257,1,1,2500000.0,2500000.0,48,62,6201,2166,1,45,1,8.0,8,8.0,1
20240414,4,7742261,1,1,2000000.0,2000000.0,48,46,4663,5243,1,40,1,8.0,8,8.0,1
20240414,4,7742261,1,2,1500000.0,1500000.0,40,64,6412,4312,1,39,2,10.0,8,8.0,1
20240414,4,7742262,1,1,5200000.0,5200000.0,48,25,2511,5223,1,42,1,11.0,8,8.0,1
20240414,4,7742263,1,1,3650000.0,3500000.0,48,33,3311,1212,1,35,1,10.0,8,8.0,1
20240414,4,7742263,1,2,700000.0,700000.0,25,85,8512,2341,1,32,2,10.0,8,8.0,1
20240414,4,7742265,1,1,3000000.0,3000000.0,48,71,7112,2512,1,27,1,10.0,8,8.0,1
20240414,4,7742267,1,1,3000000.0,3000000.0,47,61,6120,3322,1,32,1,5.0,8,8.0,1
20240414,4,7742268,1,1,750000.0,600000.0,28,56,5611,9412,1,32,2,5.0,8,8.0,1
20240414,4,7742270,1,8,1420000.0,1300000.0,48,46,4665,9329,1,20,1,4.0,8,8.0,1
20240414,4,7742272,1,1,1050000.0,900000.0,84,56,5619,9412,1,39,2,3.0,8,8.0,1
20240414,4,7742277,1,1,600000.0,600000.0,40,47,4773,3213,1,39,2,10.0,8,8.0,1
20240414,4,7742278,1,1,1300000.0,1300000.0,48,92,9200,4212,1,24,2,5.0,8,8.0,1
20240414,4,7742278,1,2,900000.0,900000.0,60,47,4711,5223,1,33,1,5.0,8,8.0,1
20240414,4,7742280,1,1,1300000.0,1300000.0,48,53,5310,9621,1,36,1,5.0,8,8.0,1
20240414,4,7742280,1,2,1500000.0,1500000.0,48,64,6412,3312,1,36,2,8.0,8,8.0,1
20240414,4,7742281,1,1,1300000.0,1300000.0,48,45,4541,5223,1,32,2,10.0,8,8.0,1
20240414,4,7742281,1,2,1000000.0,1000000.0,60,41,4111,9313,1,32,1,5.0,8,8.0,1
20240414,4,7742284,1,1,360000.0,360000.0,15,86,8621,5329,1,21,2,8.0,8,8.0,1
20240414,4,7742285,1,1,1300000.0,1300000.0,48,21,2100,5242,1,42,2,8.0,8,8.0,1
20240414,4,7742286,1,1,1450000.0,1300000.0,48,53,5320,9621,1,36,2,5.0,8,8.0,1
20240414,4,7742288,1,1,1460000.0,1460000.0,40,68,6820,7112,1,46,1,5.0,8,8.0,1
20240414,4,7744820,1,2,2600000.0,2600000.0,54,69,6910,2611,1,27,2,11.0,8,8.0,1
20240414,4,7744820,1,3,,,48,61,6120,1420,1,36,2,12.0,8,8.0,1
20240414,4,7744821,1,1,1400000.0,1400000.0,47,46,4645,2433,1,44,2,9.0,8,8.0,1
20240414,4,7744821,1,2,1300000.0,1300000.0,47,82,8220,4222,1,20,1,8.0,8,8.0,1
20240414,4,7744822,1,1,4000000.0,4000000.0,47,49,4923,4223,1,64,1,10.0,8,8.0,1
20240414,4,7744825,1,1,2500000.0,2500000.0,48,82,8220,3341,1,26,2,8.0,8,8.0,1
20240414,4,7744825,1,2,2500000.0,2500000.0,42,82,8220,4222,1,22,1,11.0,8,8.0,1
20240414,4,7744825,1,3,2500000.0,2500000.0,40,82,8220,4222,1,24,2,9.0,8,8.0,1
20240414,4,7744827,1,2,2200000.0,2200000.0,48,82,8220,4222,1,27,2,10.0,8,8.0,1
20240414,4,7744828,1,2,2300000.0,2300000.0,48,47,4711,3323,1,35,2,10.0,8,8.0,1
20240414,4,7744828,1,3,2100000.0,2100000.0,48,85,8551,1345,1,35,2,10.0,8,8.0,1
20240414,4,7744829,1,1,2400000.0,2400000.0,48,45,4520,3313,1,51,2,10.0,8,8.0,1
20240414,4,7744831,1,1,8000000.0,8000000.0,50,86,8621,2221,1,41,1,11.0,8,8.0,1
20240414,4,7744836,1,2,900000.0,800000.0,40,55,5511,9412,1,43,2,8.0,8,8.0,1
20240414,4,7744838,1,2,2000000.0,2000000.0,48,86,8610,2240,1,44,1,10.0,8,8.0,1
20240414,4,7744839,1,1,2400000.0,2400000.0,48,35,3511,9333,1,38,1,5.0,8,8.0,1
20240414,4,7744840,1,1,750000.0,750000.0,24,88,8891,5311,1,48,2,8.0,8,8.0,1
20240414,4,7744845,1,1,2800000.0,2800000.0,48,65,6523,1212,1,35,1,10.0,8,8.0,1
20240414,4,7744845,1,2,2500000.0,2500000.0,48,42,4210,2142,1,35,2,10.0,8,8.0,1
20240414,4,7744848,1,1,4500000.0,4500000.0,44,1,145,1221,1,58,1,10.0,8,8.0,1
20240414,4,7744848,1,3,1500000.0,1500000.0,40,94,9499,1344,1,28,2,10.0,8,8.0,1
20240414,4,7744852,1,3,1300000.0,1300000.0,48,60,6010,2656,1,49,1,10.0,8,8.0,1
20240414,4,7744857,1,1,650000.0,200000.0,60,47,4711,5221,1,47,1,10.0,8,8.0,1
20240414,4,7744860,1,3,1460000.0,1460000.0,48,26,2630,7422,1,28,1,9.0,8,8.0,1
20240414,4,7744861,1,2,1300000.0,1300000.0,50,42,4210,3113,1,26,1,9.0,8,8.0,1
20240414,4,7744862,1,1,1300000.0,1300000.0,44,84,8412,9112,1,36,2,5.0,8,8.0,1
20240414,4,7744865,1,1,1300000.0,1300000.0,47,68,6820,9112,1,47,2,5.0,8,8.0,1
20240414,4,7744866,1,3,800000.0,800000.0,48,41,4112,9313,1,44,1,5.0,8,8.0,1
20240414,4,7744866,1,4,1300000.0,1300000.0,48,47,4719,5223,1,38,1,5.0,8,8.0,1
20240414,4,7744868,1,4,1500000.0,1500000.0,48,47,4711,5230,1,34,2,5.0,8,8.0,1
20240414,4,7744871,1,2,1200000.0,1200000.0,48,31,3110,7115,1,49,1,5.0,8,8.0,1
20240414,4,7744871,1,3,1300000.0,1300000.0,48,58,5820,4110,1,35,2,5.0,8,8.0,1
20240414,4,7744872,1,3,1650000.0,1650000.0,48,21,2100,4415,1,28,2,8.0,8,8.0,1
20240414,4,7744874,1,3,800000.0,800000.0,50,64,6499,4214,1,23,1,5.0,8,8.0,1
20240414,4,7744875,1,3,300000.0,300000.0,24,14,1410,8153,1,31,2,8.0,8,8.0,1
20240414,4,7744878,1,1,1500000.0,1500000.0,48,56,5611,9411,1,59,2,3.0,8,8.0,1
20240414,4,7744878,1,2,900000.0,900000.0,48,52,5221,9122,1,33,1,5.0,8,8.0,1
20240414,4,7744881,1,1,1300000.0,1300000.0,48,68,6820,4110,1,39,2,8.0,8,8.0,1
20240414,4,7744883,1,1,1000000.0,1000000.0,42,45,4520,7132,1,60,1,3.0,8,8.0,1
20240414,4,7744883,1,2,1200000.0,1200000.0,48,88,8899,5311,1,59,2,8.0,8,8.0,1
20240414,4,7744885,1,1,1860000.0,1860000.0,48,20,2023,1221,1,40,1,9.0,8,8.0,1
20240414,4,7744885,1,2,1800000.0,1800000.0,48,46,4669,5223,1,33,2,10.0,8,8.0,1
20240414,4,7744889,1,5,2000000.0,2000000.0,47,35,3514,2151,1,23,1,10.0,8,8.0,1
20240414,4,7744889,1,6,1500000.0,800000.0,84,47,4711,9334,1,20,1,5.0,8,8.0,1
20240414,4,7744891,1,1,1300000.0,1300000.0,48,43,4321,7126,1,32,1,5.0,8,8.0,1
20240414,4,7744892,1,1,2600000.0,2600000.0,40,47,4755,3341,1,52,1,10.0,8,8.0,1
20240414,4,7744892,1,2,3000000.0,3000000.0,40,64,6412,3312,1,25,2,11.0,8,8.0,1
20240414,4,7744893,1,2,1300000.0,1300000.0,48,64,6412,3322,1,28,1,9.0,8,8.0,1
20240414,4,7744894,1,2,1300000.0,1300000.0,48,86,8610,5321,1,33,1,8.0,8,8.0,1
20240414,4,7744901,1,2,1300000.0,1300000.0,47,82,8220,4222,1,20,2,10.0,8,8.0,1
20240414,4,7744902,1,1,1100000.0,1100000.0,50,41,4112,9313,1,31,1,3.0,8,8.0,1
20240414,4,7744903,1,2,1200000.0,1200000.0,47,75,7500,2250,1,31,2,10.0,8,8.0,1
20240414,4,7744904,1,2,710000.0,600000.0,49,56,5611,5131,1,33,2,8.0,8,8.0,1
20240414,4,7744911,1,3,1465000.0,1465000.0,47,85,8511,5311,1,44,2,10.0,8,8.0,1
20240414,4,7744911,1,7,1800000.0,1800000.0,48,41,4111,2142,1,37,2,8.0,8,8.0,1
20240414,4,7744911,1,8,1300000.0,1300000.0,40,68,6820,9112,1,45,1,8.0,8,8.0,1
20240414,4,7744912,1,1,1300000.0,1300000.0,60,86,8610,9112,1,43,2,4.0,8,8.0,1
20240414,4,7744912,1,3,1200000.0,1200000.0,48,74,7410,5223,1,21,2,8.0,8,8.0,1
20240414,4,7744915,1,1,1260000.0,900000.0,56,47,4711,5223,1,75,1,5.0,8,8.0,1
20240414,4,7744916,1,1,320000.0,320000.0,10,93,9312,3422,1,22,1,10.0,8,8.0,1
20240414,4,7744917,1,1,1500000.0,1500000.0,48,49,4923,8332,1,50,1,5.0,8,8.0,1
20240414,4,7744919,1,1,2000000.0,2000000.0,60,25,2511,7212,1,53,1,8.0,8,8.0,1
20240414,4,7744919,1,3,800000.0,800000.0,40,68,6810,4110,1,22,1,10.0,8,8.0,1
20240414,4,7744922,1,2,1900000.0,1400000.0,48,71,7112,4110,1,39,2,8.0,8,8.0,1
20240414,4,7744923,1,1,1300000.0,1300000.0,60,93,9311,9112,1,38,1,5.0,8,8.0,1
20240414,4,7744923,1,2,1900000.0,1300000.0,40,85,8530,2341,1,25,2,9.0,8,8.0,1
20240414,4,7744924,1,1,1300000.0,1300000.0,48,43,4321,7411,1,29,1,5.0,8,8.0,1
20240414,4,7744926,1,1,1300000.0,1300000.0,48,86,8622,2261,1,29,2,10.0,8,8.0,1
20240414,4,7744926,1,2,1300000.0,1300000.0,48,45,4530,5223,1,34,1,10.0,8,8.0,1
20240414,4,7744928,1,1,4600000.0,4600000.0,48,52,5222,4323,1,43,1,8.0,8,8.0,1
20240414,4,7744928,1,2,1460000.0,1460000.0,47,45,4530,4311,1,41,2,8.0,8,8.0,1
20240414,4,7744929,1,1,2000000.0,2000000.0,48,47,4759,5223,1,37,2,5.0,8,8.0,1
20240414,4,7744930,1,1,1300000.0,1300000.0,48,86,8610,2264,1,36,2,10.0,8,8.0,1
20240414,4,7744934,1,1,1600000.0,1600000.0,48,46,4644,4321,1,28,1,10.0,8,8.0,1
20240414,4,7744937,1,2,1300000.0,1000000.0,40,56,5611,5120,1,48,2,5.0,8,8.0,1
20240414,4,7744939,1,1,,,40,14,1410,7531,1,40,1,5.0,8,8.0,1
20240414,4,7744940,1,2,400000.0,400000.0,70,47,4711,5223,1,33,2,8.0,8,8.0,1
20240414,4,7744941,1,1,1400000.0,1400000.0,48,46,4664,2263,1,40,2,9.0,8,8.0,1
20240414,4,7744943,1,1,6600000.0,5400000.0,35,85,8544,2310,1,34,1,12.0,8,8.0,1
20240414,4,7744943,1,2,3200000.0,3200000.0,35,85,8544,2310,1,32,2,12.0,8,8.0,1
20240414,4,7744948,1,2,300000.0,300000.0,48,85,8530,9112,1,32,1,10.0,8,8.0,1
20240414,4,7744955,1,1,500000.0,500000.0,24,93,9319,3422,1,55,1,5.0,8,8.0,1
20240414,4,7744956,1,3,1300000.0,1300000.0,47,68,6820,5414,1,50,1,10.0,8,8.0,1
20240414,4,7744957,1,1,1300000.0,1300000.0,47,1,145,7511,1,57,1,8.0,8,8.0,1
20240414,4,7744957,1,3,1300000.0,1300000.0,47,47,4775,5249,1,29,1,8.0,8,8.0,1
20240414,4,7744959,1,2,1600000.0,1600000.0,52,49,4921,8323,1,37,1,3.0,8,8.0,1
20240414,4,7744961,1,1,1780000.0,1500000.0,54,10,1081,7512,1,36,1,5.0,8,8.0,1
20240414,4,7744962,1,3,1450000.0,1450000.0,60,80,8010,5414,1,23,1,4.0,8,8.0,1
20240414,4,7744967,1,2,870000.0,870000.0,42,47,4752,9333,1,25,1,3.0,8,8.0,1
20240414,4,7744968,1,1,1300000.0,1300000.0,48,45,4520,7231,1,34,1,4.0,8,8.0,1
20240414,4,7744970,1,1,1800000.0,1800000.0,48,49,4923,7531,1,41,1,3.0,8,8.0,1
20240414,4,7744970,1,3,1300000.0,1300000.0,48,49,4923,2411,1,27,2,10.0,8,8.0,1
20240414,4,7744971,1,1,2500000.0,2500000.0,48,23,2310,4110,1,34,2,10.0,8,8.0,1
20240415,4,7749853,1,2,2000000.0,2000000.0,48,86,8621,2211,1,40,2,10.0,8,8.0,1
20240415,4,7749855,1,1,3100000.0,3100000.0,40,82,8220,4222,1,25,2,5.0,8,8.0,1
20240415,4,7749855,1,2,4500000.0,4500000.0,48,82,8220,1212,1,33,2,10.0,8,8.0,1
20240415,4,7749858,1,2,1700000.0,1300000.0,40,49,4921,5112,1,57,2,8.0,8,8.0,1
20240415,4,7749858,1,3,2400000.0,2400000.0,48,82,8220,4222,1,29,1,10.0,8,8.0,1
20240415,4,7749860,1,1,3800000.0,3800000.0,48,42,4290,3123,1,33,2,10.0,8,8.0,1
20240415,4,7749861,1,4,1000000.0,1000000.0,48,45,4520,4110,1,27,2,8.0,8,8.0,1
20240415,4,7749862,1,1,4900000.0,4900000.0,48,99,9900,8323,1,42,1,5.0,8,8.0,1
20240415,4,7749864,1,4,1300000.0,1300000.0,48,64,6494,3312,1,33,2,10.0,8,8.0,1
20240415,4,7749864,1,5,1400000.0,1400000.0,24,85,8544,2634,1,39,1,10.0,8,8.0,1
20240415,4,7749865,1,1,1300000.0,1300000.0,90,10,1089,8332,1,42,1,5.0,8,8.0,1
20240415,4,7749869,1,2,5200000.0,5200000.0,48,52,5229,3341,1,30,1,10.0,8,8.0,1
20240415,4,7749873,1,1,6000000.0,6000000.0,40,20,2023,3122,1,51,1,10.0,8,8.0,1
20240415,4,7749873,1,2,6000000.0,6000000.0,40,20,2023,3122,1,40,1,8.0,8,8.0,1
20240415,4,7749875,1,3,2300000.0,2300000.0,48,82,8220,4222,1,22,2,8.0,8,8.0,1
20240415,4,7749876,1,2,1460000.0,1460000.0,60,47,4773,5243,1,46,2,10.0,8,8.0,1
20240415,4,7749878,1,3,2100000.0,2100000.0,48,47,4773,5223,1,55,2,9.0,8,8.0,1
20240415,4,7749880,1,2,6960000.0,6960000.0,45,68,6820,2512,1,27,1,10.0,8,8.0,1
20240415,4,7749880,1,3,1300000.0,1300000.0,47,82,8299,5223,1,26,1,10.0,8,8.0,1
20240415,4,7749882,1,1,1465000.0,1465000.0,48,86,8610,4416,1,38,2,10.0,8,8.0,1
20240415,4,7749885,1,2,1600000.0,1600000.0,48,52,5222,8332,1,60,1,4.0,8,8.0,1
20240415,4,7749885,1,4,1500000.0,1500000.0,48,59,5914,3341,1,37,2,8.0,8,8.0,1
20240415,4,7749886,1,1,3900000.0,3900000.0,47,59,5911,2511,1,26,1,10.0,8,8.0,1
20240415,4,7749888,1,1,3500000.0,3500000.0,47,71,7112,2144,1,33,1,10.0,8,8.0,1
20240415,4,7749888,1,2,3500000.0,3500000.0,47,21,2100,2113,1,30,2,10.0,8,8.0,1
20240415,4,7749891,1,3,1000000.0,1000000.0,60,41,4111,9313,1,41,1,4.0,8,8.0,1
20240415,4,7749891,1,4,1400000.0,1400000.0,48,86,8610,9112,1,39,2,5.0,8,8.0,1
20240415,4,7749891,1,5,1500000.0,1500000.0,60,86,8610,7127,1,37,1,5.0,8,8.0,1
20240415,4,7749892,1,1,1300000.0,1300000.0,60,47,4771,5223,1,28,2,4.0,8,8.0,1
20240415,4,7749893,1,1,1300000.0,1300000.0,48,47,4723,7511,1,43,1,5.0,8,8.0,1
20240415,4,7749893,1,6,800000.0,800000.0,48,47,4771,5223,1,26,1,5.0,8,8.0,1
20240415,4,7749893,1,8,600000.0,600000.0,60,10,1081,7512,1,21,1,4.0,8,8.0,1
20240415,4,7749895,1,2,1300000.0,1300000.0,60,41,4111,7111,1,44,1,5.0,8,8.0,1
20240415,4,7749896,1,1,1400000.0,1400000.0,60,68,6820,5414,1,45,1,5.0,8,8.0,1
20240415,4,7749897,1,1,1200000.0,1200000.0,56,41,4112,7123,1,29,1,3.0,8,8.0,1
20240415,4,7749898,1,1,800000.0,800000.0,50,41,4111,9313,1,40,1,3.0,8,8.0,1
20240415,4,7749898,1,3,1450000.0,1450000.0,50,41,4111,9313,1,25,1,5.0,8,8.0,1
20240415,4,7749900,1,2,1300000.0,1300000.0,48,36,3600,9613,1,35,1,5.0,8,8.0,1
20240415,4,7749903,1,1,800000.0,800000.0,48,31,3110,9333,1,49,1,3.0,8,8.0,1
20240415,4,7749906,1,3,1700000.0,1700000.0,48,61,6120,7422,1,25,1,8.0,8,8.0,1
20240415,4,7749908,1,2,3000000.0,3000000.0,48,47,4741,3341,1,34,1,6.0,8,8.0,1
20240415,4,7749909,1,2,3100000.0,3100000.0,112,49,4921,8331,1,54,1,4.0,8,8.0,1
20240415,4,7749909,1,3,1300000.0,1300000.0,48,10,1040,9621,1,19,1,5.0,8,8.0,1
20240415,4,7749910,1,3,1300000.0,1300000.0,48,41,4111,9313,1,25,1,5.0,8,8.0,1
20240415,4,7749915,1,1,800000.0,800000.0,48,45,4530,7231,1,61,1,8.0,8,8.0,1
20240415,4,7749915,1,4,1600000.0,1600000.0,47,86,8610,5321,1,37,2,9.0,8,8.0,1
20240415,4,7749915,1,5,1300000.0,1300000.0,47,69,6910,5230,1,38,1,8.0,8,8.0,1
20240415,4,7749916,1,3,1300000.0,1300000.0,47,71,7112,3257,1,25,2,8.0,8,8.0,1
20240415,4,7749917,1,4,880000.0,880000.0,40,47,4724,5223,1,22,2,8.0,8,8.0,1
20240415,4,7749918,1,1,1300000.0,1300000.0,48,68,6820,5414,1,37,1,5.0,8,8.0,1
20240415,4,7749919,1,4,1300000.0,1300000.0,44,41,4111,7212,1,23,1,4.0,8,8.0,1
20240415,4,7749919,1,7,1300000.0,1300000.0,44,47,4711,4110,1,53,1,5.0,8,8.0,1
20240415,4,7749920,1,4,1800000.0,1800000.0,48,25,2592,2144,1,51,1,10.0,8,8.0,1
20240415,4,7749922,1,3,40000.0,40000.0,30,56,5630,5131,1,20,2,4.0,8,8.0,1
20240415,4,7749923,1,2,1300000.0,1300000.0,48,88,8899,5311,1,43,2,5.0,8,8.0,1
20240415,4,7749923,1,3,1300000.0,1300000.0,48,46,4631,9333,1,48,1,3.0,8,8.0,1
20240415,4,7749924,1,1,1500000.0,1500000.0,48,47,4774,3322,1,32,2,10.0,8,8.0,1
20240415,4,7749930,1,1,1350000.0,750000.0,84,47,4759,5223,1,55,2,8.0,8,8.0,1
20240415,4,7749931,1,2,300000.0,120000.0,24,31,3110,9112,1,46,1,8.0,8,8.0,1
20240415,4,7749934,1,3,1200000.0,1200000.0,48,49,4923,9333,1,49,1,3.0,8,8.0,1
20240415,4,7749938,1,2,1440000.0,960000.0,48,56,5611,5131,1,20,1,5.0,8,8.0,1
20240415,4,7749939,1,1,700000.0,700000.0,45,41,4111,9313,1,55,1,4.0,8,8.0,1
20240415,4,7749939,1,2,750000.0,600000.0,45,56,5611,9412,1,49,2,3.0,8,8.0,1
20240415,4,7749940,1,3,1650000.0,1650000.0,48,41,4111,9313,1,40,1,3.0,8,8.0,1
20240415,4,7749941,1,1,1300000.0,1300000.0,40,61,6120,3322,1,29,1,5.0,8,8.0,1
20240415,4,7749943,1,2,1300000.0,1300000.0,48,10,1081,5223,1,57,1,5.0,8,8.0,1
20240415,4,7749943,1,3,1300000.0,1300000.0,48,10,1081,5223,1,22,1,8.0,8,8.0,1
20240415,4,7749944,1,2,1300000.0,1300000.0,48,56,5611,5230,1,24,2,8.0,8,8.0,1
20240415,4,7749946,1,1,1300000.0,1300000.0,48,96,9603,4311,1,26,2,9.0,8,8.0,1
20240415,4,7749946,1,2,1300000.0,1300000.0,48,47,4719,4321,1,32,1,8.0,8,8.0,1
20240415,4,7749947,1,1,348000.0,300000.0,16,56,5611,5131,1,30,2,5.0,8,8.0,1
20240415,4,7749949,1,1,1800000.0,1800000.0,48,82,8220,4222,1,27,2,8.0,8,8.0,1
20240415,4,7749950,1,2,1520000.0,1300000.0,50,56,5611,9412,1,35,2,3.0,8,8.0,1
20240415,4,7749950,1,3,1600000.0,1600000.0,48,20,2011,8131,1,38,1,5.0,8,8.0,1
20240415,4,7749950,1,8,810000.0,680000.0,46,56,5611,9412,1,55,2,3.0,8,8.0,1
20240415,4,7749950,1,9,1100000.0,750000.0,48,56,5611,5131,1,56,1,5.0,8,8.0,1
20240415,4,7749950,1,10,1400000.0,1400000.0,48,85,8530,2330,1,26,2,10.0,8,8.0,1
20240415,4,7749953,1,1,3000000.0,3000000.0,48,52,5229,1324,1,32,2,10.0,8,8.0,1
20240415,4,7749954,1,2,780000.0,780000.0,24,56,5629,9412,1,62,2,5.0,8,8.0,1
20240415,4,7749957,1,3,3400000.0,3400000.0,48,86,8610,1342,1,32,2,10.0,8,8.0,1
20240415,4,7749960,1,2,1300000.0,1300000.0,48,86,8610,5321,1,42,2,8.0,8,8.0,1
20240415,4,7749960,1,3,2000000.0,2000000.0,48,20,2023,2511,1,38,1,10.0,8,8.0,1
20240415,4,7749960,1,4,1300000.0,1300000.0,48,46,4645,4120,1,22,2,10.0,8,8.0,1
20240415,4,7749962,1,2,1500000.0,1500000.0,48,46,4631,2521,1,43,2,10.0,8,8.0,1
20240415,4,7749969,1,1,3000000.0,3000000.0,40,47,4755,7312,1,37,1,10.0,8,8.0,1
20240415,4,7749971,1,1,10000000.0,10000000.0,40,86,8610,2211,1,42,1,11.0,8,8.0,1
20240415,4,7749972,1,1,3000000.0,3000000.0,40,47,4719,3341,1,33,2,10.0,8,8.0,1
20240415,4,7749972,1,2,15000000.0,15000000.0,40,85,8544,1345,1,37,1,11.0,8,8.0,1
20240415,4,7749973,1,1,3500000.0,3500000.0,40,69,6920,2611,1,50,1,11.0,8,8.0,1
20240415,4,7749974,1,1,6000000.0,6000000.0,40,41,4112,2511,1,47,1,12.0,8,8.0,1
20240415,4,7749979,1,1,4200000.0,4200000.0,48,85,8530,5312,1,33,1,10.0,8,8.0,1
20240415,4,7749979,1,2,4000000.0,4000000.0,48,85,8530,5312,1,25,2,10.0,8,8.0,1
20240415,4,7749982,1,1,4500000.0,4500000.0,48,47,4752,5223,1,61,1,10.0,8,8.0,1
20240415,4,7749982,1,3,1800000.0,1800000.0,48,25,2592,4110,1,24,2,10.0,8,8.0,1
20240415,4,7749985,1,10,1300000.0,1300000.0,44,71,7120,4110,1,24,1,8.0,8,8.0,1
20240415,4,7749985,1,11,1500000.0,1500000.0,40,47,4711,4110,1,19,2,10.0,8,8.0,1
20240415,4,7749986,1,1,1300000.0,1300000.0,48,68,6820,5414,1,60,1,5.0,8,8.0,1
20240415,4,7749986,1,3,1300000.0,1300000.0,44,52,5210,4321,1,31,1,8.0,8,8.0,1
20240415,4,7749991,1,2,2600000.0,2600000.0,48,78,7820,2634,1,30,2,10.0,8,8.0,1
20240415,4,7749992,1,1,2800000.0,2800000.0,48,21,2100,3322,1,44,2,8.0,8,8.0,1
20240415,4,7749992,1,2,1200000.0,1200000.0,40,56,5619,5131,1,25,1,8.0,8,8.0,1
20240415,4,7749994,1,3,1800000.0,1800000.0,48,41,4111,7212,1,36,1,5.0,8,8.0,1
20240415,4,7749994,1,4,1300000.0,1300000.0,47,68,6820,5153,1,34,1,5.0,8,8.0,1
20240415,4,7749995,1,2,1300000.0,1300000.0,47,64,6495,5414,1,52,1,3.0,8,8.0,1
20240415,4,7749998,1,1,1300000.0,1300000.0,47,86,8691,9111,1,65,2,5.0,8,8.0,1
20240415,4,7749999,1,2,2500000.0,2500000.0,47,85,8544,1212,1,40,2,10.0,8,8.0,1
20240415,4,7750001,1,1,1400000.0,1400000.0,48,35,3520,7126,1,43,1,5.0,8,8.0,1
20240415,4,7750001,1,2,1300000.0,1300000.0,48,68,6820,9112,1,38,2,5.0,8,8.0,1
20240415,4,7750004,1,1,240000.0,160000.0,70,56,5619,5212,1,66,2,3.0,8,8.0,1
20240415,4,7750004,1,4,160000.0,160000.0,25,56,5611,9412,1,46,2,5.0,8,8.0,1
20240415,4,7750004,1,5,100000.0,100000.0,40,85,8552,9629,1,20,1,5.0,8,8.0,1
20240415,4,7750005,1,1,950000.0,950000.0,40,53,5320,8321,1,63,1,5.0,8,8.0,1
20240415,4,7750007,1,1,900000.0,900000.0,40,47,4729,5223,1,24,1,4.0,8,8.0,1
20240415,4,7750007,1,2,950000.0,950000.0,48,47,4729,5223,1,33,1,4.0,8,8.0,1
20240415,4,7750009,1,3,1000000.0,1000000.0,40,95,9512,7422,1,22,1,4.0,8,8.0,1
20240415,4,7750013,1,2,750000.0,750000.0,30,85,8530,5246,1,42,2,8.0,8,8.0,1
20240415,4,7750014,1,2,1300000.0,1300000.0,48,49,4921,8331,1,60,1,3.0,8,8.0,1
20240415,4,7750020,1,1,5000000.0,5000000.0,48,64,6494,2511,1,30,1,10.0,8,8.0,1
20240415,4,7750021,1,1,1200000.0,1200000.0,48,47,4773,5223,1,35,1,10.0,8,8.0,1
20240415,4,7750023,1,2,1300000.0,1300000.0,47,53,5320,4110,1,33,2,8.0,8,8.0,1
20240415,4,7750031,1,3,1300000.0,1300000.0,48,32,3290,5221,1,24,1,5.0,8,8.0,1
20240415,4,7750034,1,3,1300000.0,1300000.0,48,82,8220,4222,1,27,2,8.0,8,8.0,1
20240415,4,7756333,1,1,1460000.0,1460000.0,48,41,4111,5414,1,71,1,3.0,8,8.0,1
20240415,4,7756333,1,4,2300000.0,2300000.0,48,84,8412,7411,1,32,1,5.0,8,8.0,1
20240415,4,7756333,1,10,1600000.0,1600000.0,48,82,8220,4222,1,23,1,5.0,8,8.0,1
20240416,4,7756337,1,2,3900000.0,3900000.0,48,86,8621,2264,1,62,2,11.0,8,8.0,1
20240416,4,7756337,1,3,2600000.0,2600000.0,48,86,8621,1342,1,31,2,10.0,8,8.0,1
20240416,4,7756338,1,1,2000000.0,1200000.0,30,85,8530,2341,1,36,1,10.0,8,8.0,1
20240416,4,7756339,1,1,12000000.0,12000000.0,48,10,1089,1120,1,42,1,11.0,8,8.0,1
20240416,4,7756339,1,2,12000000.0,12000000.0,48,86,8691,1120,1,33,2,12.0,8,8.0,1
20240416,4,7756341,1,1,800000.0,800000.0,36,86,8622,9112,1,36,2,5.0,8,8.0,1
20240416,4,7756341,1,3,120000.0,120000.0,40,86,8622,9112,1,17,2,5.0,8,8.0,1
20240416,4,7756341,1,4,160000.0,160000.0,10,10,1081,9333,1,15,1,4.0,8,8.0,1
20240416,4,7756342,1,1,2600000.0,2600000.0,48,86,8610,5321,1,45,2,10.0,8,8.0,1
20240416,4,7756344,1,2,1500000.0,1500000.0,48,41,4111,2411,1,31,1,10.0,8,8.0,1
20240416,4,7756345,1,1,2600000.0,2600000.0,47,21,2100,2113,1,36,2,10.0,8,8.0,1
20240416,4,7756347,1,1,1300000.0,1300000.0,48,47,4711,3322,1,29,1,5.0,8,8.0,1
20240416,4,7756353,1,3,1000000.0,1000000.0,52,95,9522,7412,1,37,1,4.0,8,8.0,1
20240416,4,7756354,1,1,1300000.0,1300000.0,48,46,4665,4321,1,30,1,9.0,8,8.0,1
20240416,4,7759180,1,1,42000000.0,42000000.0,45,85,8544,1345,1,87,2,10.0,8,8.0,1
20240416,4,7759181,1,1,1500000.0,1500000.0,48,46,4631,5223,1,42,1,5.0,8,8.0,1
20240416,4,7759183,1,4,2500000.0,2500000.0,48,47,4772,1221,1,54,1,10.0,8,8.0,1
20240416,4,7759185,1,1,1300000.0,1300000.0,48,47,4711,9334,1,44,1,3.0,8,8.0,1
20240416,4,7759186,1,1,956000.0,956000.0,24,35,3520,7126,1,45,1,10.0,8,8.0,1
20240416,4,7759186,1,2,1200000.0,1200000.0,36,45,4520,4110,1,41,2,8.0,8,8.0,1
20240416,4,7759187,1,1,1300000.0,1300000.0,44,95,9522,7412,1,33,1,8.0,8,8.0,1
20240416,4,7759187,1,2,1300000.0,1300000.0,60,86,8610,4321,1,28,2,8.0,8,8.0,1
20240416,4,7759188,1,2,1300000.0,1300000.0,48,85,8530,2330,1,25,2,10.0,8,8.0,1
20240416,4,7759189,1,1,1600000.0,1600000.0,48,23,2392,7543,1,28,1,5.0,8,8.0,1
20240416,4,7759190,1,1,500000.0,500000.0,40,93,9312,3423,1,44,1,10.0,8,8.0,1
20240416,4,7759190,1,2,1300000.0,1300000.0,48,47,4711,5230,1,46,2,5.0,8,8.0,1
20240416,4,7759190,1,3,1300000.0,1300000.0,40,86,8610,2266,1,27,2,10.0,8,8.0,1
20240416,4,7759192,1,2,5400000.0,5400000.0,48,85,8544,2353,1,54,2,10.0,8,8.0,1
20240416,4,7759192,1,3,3000000.0,3000000.0,48,82,8220,4222,1,24,1,10.0,8,8.0,1
20240416,4,7759195,1,1,5000000.0,5000000.0,48,10,1090,2144,1,45,1,11.0,8,8.0,1
20240416,4,7759198,1,1,7000000.0,7000000.0,40,45,4511,3339,1,33,2,5.0,8,8.0,1
20240416,4,7759200,1,2,3000000.0,3000000.0,40,69,6910,2611,1,36,1,10.0,8,8.0,1
20240416,4,7759200,1,3,2200000.0,2200000.0,40,80,8010,1212,1,33,2,10.0,8,8.0,1
20240416,4,7759201,1,3,1500000.0,1500000.0,48,13,1392,9321,1,38,1,5.0,8,8.0,1
20240416,4,7759204,1,1,45000000.0,45000000.0,48,86,8621,1120,1,67,1,11.0,8,8.0,1
20240416,4,7759204,1,2,29000000.0,17000000.0,60,86,8621,1219,1,51,2,11.0,8,8.0,1
20240416,4,7759207,1,1,1460000.0,1460000.0,48,15,1513,7331,1,54,1,5.0,8,8.0,1
20240416,4,7759210,1,1,1900000.0,800000.0,48,47,4711,5223,1,33,1,10.0,8,8.0,1
20240416,4,7759210,1,3,1600000.0,600000.0,70,47,4711,9621,1,16,1,4.0,8,8.0,1
20240416,4,7759211,1,1,5000000.0,5000000.0,48,62,6201,2512,1,43,1,10.0,8,8.0,1
20240416,4,7759213,1,1,2600000.0,2600000.0,48,56,5611,1412,1,29,2,9.0,8,8.0,1
20240416,4,7759215,1,3,1600000.0,1600000.0,48,14,1410,8153,1,46,2,4.0,8,8.0,1
20240416,4,7759216,1,3,1300000.0,1300000.0,42,56,5611,5131,1,24,1,5.0,8,8.0,1
20240416,4,7759216,1,4,1460000.0,1460000.0,48,86,8621,4311,1,22,1,9.0,8,8.0,1
20240416,4,7759217,1,1,1500000.0,1500000.0,48,68,6820,5414,1,46,1,10.0,8,8.0,1
20240416,4,7759221,1,1,4000000.0,4000000.0,40,51,5111,7232,1,61,1,8.0,8,8.0,1
20240416,4,7759221,1,3,3500000.0,3500000.0,48,82,8220,4222,1,30,1,10.0,8,8.0,1
20240416,4,7759221,1,4,1800000.0,1800000.0,48,47,4731,4321,1,39,1,5.0,8,8.0,1
20240416,4,7759223,1,1,1460000.0,1460000.0,40,88,8891,5311,1,40,2,10.0,8,8.0,1
20240416,4,7759223,1,2,1700000.0,1700000.0,60,49,4923,8323,1,42,1,4.0,8,8.0,1
20240416,4,7759226,1,1,1000000.0,1000000.0,60,31,3110,7522,1,62,1,1.0,8,8.0,1
20240416,4,7759226,1,2,1300000.0,1300000.0,48,86,8610,9112,1,53,2,5.0,8,8.0,1
20240416,4,7759227,1,1,1460000.0,1460000.0,48,46,4663,4321,1,27,1,5.0,8,8.0,1
20240416,4,7759228,1,3,1400000.0,1400000.0,60,47,4773,5329,1,34,1,5.0,8,8.0,1
20240416,4,7759230,1,5,1300000.0,1300000.0,60,41,4112,9333,1,23,1,5.0,8,8.0,1
20240416,4,7759231,1,2,1400000.0,1400000.0,40,86,8610,5321,1,32,2,8.0,8,8.0,1
20240416,4,7759231,1,3,800000.0,800000.0,50,10,1081,7512,1,22,1,5.0,8,8.0,1
20240416,4,7759232,1,2,800000.0,520000.0,16,14,1410,2411,1,37,2,10.0,8,8.0,1
20240416,4,7759233,1,1,800000.0,800000.0,60,15,1522,7536,1,52,1,3.0,8,8.0,1
20240416,4,7759233,1,3,800000.0,800000.0,30,56,5630,2652,1,33,1,3.0,8,8.0,1
20240416,4,7759238,1,1,1200000.0,1200000.0,48,14,1410,8153,1,56,1,4.0,8,8.0,1
20240416,4,7759240,1,2,1400000.0,1400000.0,48,49,4923,8332,1,40,1,6.0,8,8.0,1
20240416,4,7759241,1,1,1300000.0,1300000.0,60,45,4520,7132,1,55,1,3.0,8,8.0,1
20240416,4,7759246,1,3,1300000.0,1300000.0,44,46,4665,8342,1,22,1,5.0,8,8.0,1
20240416,4,7759250,1,1,1350000.0,1350000.0,48,41,4111,9313,1,31,1,5.0,8,8.0,1
20240416,4,7759257,1,1,1500000.0,1500000.0,48,38,3811,8332,1,46,1,9.0,8,8.0,1
20240416,4,7759257,1,5,1300000.0,1300000.0,48,38,3811,9612,1,40,1,4.0,8,8.0,1
20240416,4,7759258,1,1,800000.0,800000.0,50,31,3110,7515,1,35,1,3.0,8,8.0,1
20240416,4,7759261,1,1,1000000.0,1000000.0,56,56,5630,5131,1,31,2,5.0,8,8.0,1
20240416,4,7759262,1,1,1300000.0,1300000.0,60,47,4711,7512,1,45,1,5.0,8,8.0,1
20240416,4,7759264,1,1,1700000.0,1700000.0,48,45,4541,5223,1,21,1,8.0,8,8.0,1
20240416,4,7759266,1,1,1000000.0,1000000.0,48,45,4512,5414,1,21,1,5.0,8,8.0,1
20240416,4,7759267,1,5,100000.0,100000.0,48,49,4923,9333,1,23,1,5.0,8,8.0,1
20240416,4,7759271,1,1,1900000.0,1900000.0,47,41,4111,2411,1,38,1,10.0,8,8.0,1
20240416,4,7759271,1,2,1460000.0,1460000.0,48,64,6412,4120,1,35,2,8.0,8,8.0,1
20240416,4,7759272,1,1,1800000.0,1800000.0,47,64,6412,3312,1,42,2,9.0,8,8.0,1
20240416,4,7759274,1,1,1200000.0,1200000.0,60,56,5619,5212,1,30,1,5.0,8,8.0,1
20240416,4,7759275,1,1,1300000.0,1300000.0,48,68,6820,5414,1,51,1,5.0,8,8.0,1
20240416,4,7759279,1,1,1800000.0,1800000.0,48,85,8544,4120,1,42,2,5.0,8,8.0,1
20240416,4,7759284,1,1,1460000.0,1460000.0,48,47,4773,5223,1,42,2,5.0,8,8.0,1
20240416,4,7759286,1,2,1200000.0,1200000.0,60,41,4111,9313,1,49,1,4.0,8,8.0,1
20240416,4,7759286,1,3,500000.0,500000.0,40,56,5630,5230,1,29,1,5.0,8,8.0,1
20240416,4,7759288,1,3,900000.0,900000.0,47,47,4752,9333,1,33,1,3.0,8,8.0,1
20240416,4,7759288,1,4,1600000.0,1600000.0,48,10,1040,5221,1,26,2,5.0,8,8.0,1
20240416,4,7759290,1,1,1300000.0,1300000.0,48,64,6422,4222,1,33,2,9.0,8,8.0,1
20240416,4,7759292,1,1,1300000.0,1300000.0,36,47,4719,5223,1,57,2,5.0,8,8.0,1
20240416,4,7759293,1,1,1300000.0,1300000.0,48,10,1089,8160,1,48,2,4.0,8,8.0,1
20240416,4,7759294,1,2,1500000.0,1500000.0,48,42,4210,8342,1,40,1,5.0,8,8.0,1
20240416,4,7759294,1,3,750000.0,750000.0,30,56,5611,9412,1,19,1,5.0,8,8.0,1
20240416,4,7759298,1,1,3900000.0,3900000.0,48,33,3315,2143,1,26,2,10.0,8,8.0,1
20240416,4,7759298,1,2,5200000.0,5200000.0,48,94,9411,2143,1,30,1,10.0,8,8.0,1
20240416,4,7759299,1,2,1300000.0,1300000.0,48,47,4774,3322,1,47,1,5.0,8,8.0,1
20240416,4,7759299,1,3,1600000.0,1600000.0,48,47,4759,3322,1,53,1,5.0,8,8.0,1
20240416,4,7759299,1,4,3000000.0,3000000.0,48,85,8544,1345,1,30,1,9.0,8,8.0,1
20240416,4,7759300,1,1,7000000.0,7000000.0,40,20,2012,3122,1,40,1,11.0,8,8.0,1
20240416,4,7759301,1,1,4800000.0,4800000.0,48,65,6515,2141,1,45,2,11.0,8,8.0,1
20240416,4,7759302,1,3,2000000.0,2000000.0,44,33,3312,2151,1,32,2,11.0,8,8.0,1
20240416,4,7759310,1,2,650000.0,650000.0,24,86,8610,5321,1,57,2,8.0,8,8.0,1
20240416,4,7759310,1,6,400000.0,400000.0,48,33,3311,7212,1,23,1,8.0,8,8.0,1
20240416,4,7759310,1,8,1300000.0,1300000.0,48,68,6810,3257,1,25,2,8.0,8,8.0,1
20240416,4,7759310,1,9,1300000.0,1300000.0,48,45,4520,2411,1,27,1,10.0,8,8.0,1
20240416,4,7759312,1,1,1300000.0,1300000.0,48,10,1081,9321,1,31,1,5.0,8,8.0,1
20240416,4,7759318,1,1,3000000.0,3000000.0,60,49,4922,3115,1,56,1,8.0,8,8.0,1
20240416,4,7759318,1,2,1300000.0,1300000.0,40,56,5613,5131,1,47,2,5.0,8,8.0,1
20240416,4,7759319,1,1,1400000.0,1400000.0,56,47,4724,8323,1,43,1,5.0,8,8.0,1
20240416,4,7759320,1,1,480000.0,400000.0,16,56,5611,9412,1,36,2,5.0,8,8.0,1
20240416,4,7759320,1,2,1465000.0,1465000.0,48,47,4711,9334,1,36,1,5.0,8,8.0,1
20240416,4,7759321,1,1,1615000.0,1465000.0,48,20,2012,7212,1,43,1,8.0,8,8.0,1
20240416,4,7759327,1,1,1500000.0,1500000.0,40,41,4111,7111,1,38,1,5.0,8,8.0,1
20240416,4,7759328,1,2,1300000.0,1300000.0,48,47,4771,5223,1,34,1,6.0,8,8.0,1
20240416,4,7759329,1,2,1850000.0,1600000.0,48,49,4921,8323,1,69,1,8.0,8,8.0,1
20240416,4,7759330,1,3,1600000.0,1600000.0,44,41,4111,1324,1,29,1,10.0,8,8.0,1
20240416,4,7759330,1,6,1700000.0,1700000.0,48,10,1089,7512,1,27,1,8.0,8,8.0,1
20240416,4,7759331,1,1,1300000.0,1300000.0,60,56,5611,5414,1,52,1,5.0,8,8.0,1
20240416,4,7759331,1,2,1300000.0,1300000.0,48,22,2219,9321,1,50,2,5.0,8,8.0,1
20240416,4,7759333,1,2,1450000.0,1450000.0,48,65,6515,3341,1,54,2,8.0,8,8.0,1
20240416,4,7759333,1,8,3600000.0,3000000.0,48,46,4645,2411,1,52,1,10.0,8,8.0,1
20240416,4,7759336,1,3,1300000.0,1300000.0,60,41,4111,5414,1,53,1,5.0,8,8.0,1
20240417,4,7763697,1,1,3900000.0,3900000.0,48,41,4112,2142,1,48,1,10.0,8,8.0,1
20240417,4,7763698,1,1,2600000.0,2600000.0,48,42,4290,1323,1,42,2,10.0,8,8.0,1
20240417,4,7763699,1,3,2000000.0,2000000.0,48,21,2100,2433,1,37,2,10.0,8,8.0,1
20240417,4,7763702,1,2,2600000.0,2600000.0,48,31,3110,1221,1,31,2,12.0,8,8.0,1
20240417,4,7763705,1,1,1300000.0,1300000.0,60,41,4111,9313,1,57,1,1.0,8,8.0,1
20240417,4,7763705,1,3,1000000.0,1000000.0,50,25,2511,7221,1,30,1,5.0,8,8.0,1
20240417,4,7763705,1,5,1200000.0,1200000.0,60,41,4111,9313,1,44,1,5.0,8,8.0,1
20240417,4,7763707,1,2,1300000.0,1300000.0,60,47,4711,5221,1,49,1,5.0,8,8.0,1
20240417,4,7763708,1,2,1200000.0,1200000.0,50,47,4711,5223,1,59,1,3.0,8,8.0,1
20240417,4,7763708,1,4,1200000.0,1200000.0,48,25,2511,7212,1,50,1,4.0,8,8.0,1
20240417,4,7763709,1,1,1460000.0,1460000.0,48,47,4711,9333,1,34,1,8.0,8,8.0,1
20240417,4,7763711,1,2,3500000.0,3500000.0,48,47,4731,1420,1,40,2,10.0,8,8.0,1
20240417,4,7767341,1,1,1800000.0,1800000.0,40,74,7410,2512,1,39,1,10.0,8,8.0,1
20240417,4,7767342,1,1,3000000.0,3000000.0,48,23,2310,2163,1,28,1,11.0,8,8.0,1
20240417,4,7767342,1,2,3300000.0,3300000.0,48,46,4659,4321,1,28,2,10.0,8,8.0,1
20240417,4,7767343,1,1,400000.0,400000.0,30,56,5611,5131,1,34,2,8.0,8,8.0,1
20240417,4,7767343,1,2,600000.0,600000.0,48,56,5611,9621,1,39,2,8.0,8,8.0,1
20240417,4,7767343,1,3,900000.0,900000.0,48,56,5611,5131,1,32,1,5.0,8,8.0,1
20240417,4,7767343,1,4,900000.0,900000.0,48,56,5611,5131,1,28,1,5.0,8,8.0,1
20240417,4,7767343,1,6,1000000.0,1000000.0,48,10,1084,7512,1,21,1,5.0,8,8.0,1
20240417,4,7767345,1,2,1800000.0,1800000.0,48,6,620,2144,1,56,1,10.0,8,8.0,1
20240417,4,7767345,1,3,1700000.0,1700000.0,48,82,8220,2512,1,27,1,10.0,8,8.0,1
20240417,4,7767346,1,2,3600000.0,3600000.0,48,46,4664,2421,1,44,2,10.0,8,8.0,1
20240417,4,7767348,1,1,1900000.0,1900000.0,48,27,2720,9621,1,59,1,5.0,8,8.0,1
20240417,4,7767349,1,3,1300000.0,1000000.0,90,47,4711,5223,1,20,1,5.0,8,8.0,1
20240417,4,7767350,1,2,600000.0,600000.0,48,47,4774,3432,1,41,2,5.0,8,8.0,1
20240417,4,7767351,1,1,2400000.0,2400000.0,48,86,8622,2411,1,30,2,10.0,8,8.0,1
20240417,4,7767351,1,2,2600000.0,2600000.0,48,80,8010,5414,1,33,1,10.0,8,8.0,1
20240417,4,7767352,1,2,600000.0,600000.0,48,47,4774,5223,1,46,2,8.0,8,8.0,1
20240417,4,7767353,1,1,1000000.0,1000000.0,70,45,4520,1420,1,19,1,10.0,8,8.0,1
20240417,4,7767355,1,1,2200000.0,2200000.0,47,22,2229,3119,1,28,1,10.0,8,8.0,1
20240417,4,7767357,1,1,3500000.0,3500000.0,48,86,8610,2212,1,63,1,11.0,8,8.0,1
20240417,4,7767358,1,1,4000000.0,4000000.0,48,86,8610,1342,1,35,2,10.0,8,8.0,1
20240417,4,7767359,1,1,2000000.0,2000000.0,44,82,8220,4222,1,22,2,10.0,8,8.0,1
20240417,4,7767361,1,1,5000000.0,5000000.0,48,68,6820,1439,1,41,1,10.0,8,8.0,1
20240417,4,7767362,1,1,6000000.0,6000000.0,48,85,8544,2511,1,40,1,12.0,8,8.0,1
20240417,4,7767362,1,2,6000000.0,6000000.0,40,62,6202,1120,1,41,2,11.0,8,8.0,1
20240417,4,7767364,1,3,2500000.0,2500000.0,40,10,1083,3122,1,26,2,10.0,8,8.0,1
20240417,4,7767372,1,1,1500000.0,1500000.0,46,86,8622,4110,1,38,2,10.0,8,8.0,1
20240417,4,7767372,1,2,1600000.0,1600000.0,48,86,8610,5414,1,35,1,5.0,8,8.0,1
20240417,4,7767374,1,1,1300000.0,1300000.0,48,85,8559,3322,1,22,2,10.0,8,8.0,1
20240417,4,7767375,1,1,1600000.0,1600000.0,48,84,8424,9621,1,48,1,5.0,8,8.0,1
20240417,4,7767378,1,2,1800000.0,1800000.0,48,73,7310,2166,1,23,1,10.0,8,8.0,1
20240417,4,7767378,1,3,1300000.0,1300000.0,48,82,8220,4222,1,20,1,10.0,8,8.0,1
20240417,4,7767379,1,2,3800000.0,3800000.0,48,52,5229,3343,1,54,2,8.0,8,8.0,1
20240417,4,7767380,1,1,2600000.0,2600000.0,48,35,3514,3341,1,51,1,10.0,8,8.0,1
20240417,4,7767380,1,2,5000000.0,5000000.0,48,80,8010,1221,1,52,2,10.0,8,8.0,1
20240417,4,7767380,1,3,1300000.0,1300000.0,48,47,4719,2423,1,24,2,10.0,8,8.0,1
20240417,4,7767381,1,1,1600000.0,1600000.0,60,56,5630,5131,1,28,2,5.0,8,8.0,1
20240417,4,7767382,1,1,2600000.0,2600000.0,47,18,1811,1212,1,24,2,10.0,8,8.0,1
20240417,4,7767383,1,2,3000000.0,3000000.0,30,42,4210,2411,1,49,2,10.0,8,8.0,1
20240417,4,7767386,1,1,2000000.0,2000000.0,48,96,9609,4110,1,56,2,8.0,8,8.0,1
20240417,4,7767386,1,2,3000000.0,3000000.0,48,82,8220,4110,1,26,2,10.0,8,8.0,1
20240417,4,7767387,1,2,5000000.0,5000000.0,48,64,6412,1211,1,54,2,10.0,8,8.0,1
20240417,4,7767387,1,3,3000000.0,3000000.0,48,82,8220,3341,1,28,1,10.0,8,8.0,1
20240417,4,7767387,1,4,2000000.0,2000000.0,45,82,8220,4222,1,23,1,10.0,8,8.0,1
20240417,4,7767390,1,1,1300000.0,1300000.0,48,42,4290,7131,1,46,1,3.0,8,8.0,1
20240417,4,7767391,1,1,50000.0,50000.0,20,56,5619,5223,1,59,2,3.0,8,8.0,1
20240417,4,7767391,1,2,600000.0,400000.0,48,41,4111,9313,1,32,1,3.0,8,8.0,1
20240417,4,7767392,1,2,1700000.0,1700000.0,48,46,4645,3322,1,34,2,5.0,8,8.0,1
20240417,4,7767393,1,3,1800000.0,1800000.0,48,47,4772,3313,1,29,2,10.0,8,8.0,1
20240417,4,7767394,1,3,1300000.0,1300000.0,48,23,2310,7315,1,34,1,5.0,8,8.0,1
20240417,4,7767394,1,4,1300000.0,1300000.0,60,47,4751,5223,1,27,2,5.0,8,8.0,1
20240417,4,7767395,1,1,700000.0,700000.0,48,41,4111,9313,1,61,1,3.0,8,8.0,1
20240417,4,7767396,1,2,1000000.0,1000000.0,40,45,4520,2166,1,23,1,10.0,8,8.0,1
20240417,4,7767397,1,1,600000.0,600000.0,40,85,8530,2341,1,28,2,8.0,8,8.0,1
20240417,4,7767402,1,1,1000000.0,1000000.0,40,31,3110,7522,1,24,1,4.0,8,8.0,1
20240417,4,7767404,1,3,1300000.0,1300000.0,48,86,8621,9621,1,26,1,9.0,8,8.0,1
20240417,4,7767405,1,3,960000.0,840000.0,50,10,1081,7512,1,35,1,3.0,8,8.0,1
20240417,4,7767408,1,1,1500000.0,1500000.0,42,14,1410,7532,1,39,2,8.0,8,8.0,1
20240417,4,7767411,1,1,1860000.0,1500000.0,58,47,4711,4225,1,58,2,5.0,8,8.0,1
20240417,4,7767411,1,2,1850000.0,1500000.0,60,47,4711,4321,1,65,1,3.0,8,8.0,1
20240417,4,7767414,1,1,1300000.0,1300000.0,48,36,3600,4225,1,37,1,8.0,8,8.0,1
20240417,4,7767416,1,2,800000.0,800000.0,60,56,5611,5131,1,23,1,5.0,8,8.0,1
20240417,4,7767417,1,2,1000000.0,1000000.0,70,49,4921,8331,1,66,1,4.0,8,8.0,1
20240417,4,7767418,1,1,1200000.0,1200000.0,70,56,5619,5120,1,30,1,5.0,8,8.0,1
20240417,4,7767419,1,1,800000.0,800000.0,70,23,2310,7315,1,43,1,5.0,8,8.0,1
20240417,4,7767425,1,1,840000.0,720000.0,48,56,5611,9412,1,40,2,5.0,8,8.0,1
20240417,4,7767428,1,1,5000000.0,5000000.0,48,47,4729,1420,1,64,1,3.0,8,8.0,1
20240417,4,7767428,1,3,1500000.0,1500000.0,48,47,4729,2411,1,35,2,10.0,8,8.0,1
20240417,4,7767432,1,2,1300000.0,1300000.0,47,10,1081,5242,1,25,2,5.0,8,8.0,1
20240417,4,7767433,1,4,1300000.0,1300000.0,48,10,1040,8160,1,40,1,8.0,8,8.0,1
20240417,4,7767433,1,5,1300000.0,1300000.0,48,47,4773,1420,1,37,2,8.0,8,8.0,1
20240417,4,7767433,1,7,650000.0,650000.0,24,86,8621,5329,1,37,2,9.0,8,8.0,1
20240417,4,7767438,1,1,1200000.0,1200000.0,60,85,8530,2341,1,40,2,7.0,8,8.0,1
20240417,4,7767439,1,4,1450000.0,1450000.0,47,64,6499,5223,1,27,1,10.0,8,8.0,1
20240417,4,7767441,1,3,1460000.0,1460000.0,48,47,4772,5223,1,20,2,8.0,8,8.0,1
20240417,4,7767443,1,1,2500000.0,2500000.0,56,43,4330,9329,1,62,1,3.0,8,8.0,1
20240417,4,7767443,1,2,1300000.0,1300000.0,48,55,5511,4224,1,52,2,8.0,8,8.0,1
20240417,4,7767449,1,1,600000.0,600000.0,48,47,4772,5223,1,51,2,5.0,8,8.0,1
20240417,4,7767449,1,2,400000.0,400000.0,40,46,4631,9333,1,21,1,5.0,8,8.0,1
20240417,4,7767456,1,1,1300000.0,1300000.0,44,58,5813,5222,1,44,1,9.0,8,8.0,1
20240417,4,7767456,1,2,1800000.0,1800000.0,44,22,2221,3341,1,41,2,10.0,8,8.0,1
20240417,4,7767458,1,4,1800000.0,1800000.0,48,80,8010,5414,1,42,1,5.0,8,8.0,1
20240417,4,7767460,1,1,1200000.0,1200000.0,48,93,9311,3423,1,39,1,5.0,8,8.0,1
20240417,4,7767463,1,2,1300000.0,1300000.0,48,47,4711,5221,1,20,1,5.0,8,8.0,1
20240417,4,7767464,1,2,1450000.0,1450000.0,48,47,4752,5223,1,35,2,5.0,8,8.0,1
20240417,4,7767467,1,1,1500000.0,1500000.0,48,61,6110,7422,1,33,1,5.0,8,8.0,1
20240417,4,7767468,1,1,1080000.0,840000.0,60,10,1081,5246,1,42,2,5.0,8,8.0,1
20240417,4,7767468,1,3,800000.0,800000.0,72,45,4520,9122,1,53,1,3.0,8,8.0,1
20240417,4,7767469,1,2,3900000.0,3900000.0,47,21,2100,2113,1,33,1,10.0,8,8.0,1
20240417,4,7767471,1,1,2600000.0,2600000.0,48,49,4921,2411,1,31,2,10.0,8,8.0,1
20240417,4,7767472,1,6,1800000.0,1800000.0,48,11,1104,8332,1,30,1,5.0,8,8.0,1
20240417,4,7767473,1,1,1300000.0,1300000.0,48,45,4530,5223,1,42,1,10.0,8,8.0,1
20240417,4,7767474,1,2,1300000.0,1300000.0,48,46,4651,4120,1,20,2,8.0,8,8.0,1
20240417,4,7767477,1,1,1800000.0,1800000.0,48,47,4719,5230,1,38,1,8.0,8,8.0,1
20240417,4,7767478,1,3,1300000.0,1300000.0,48,47,4773,5223,1,41,2,8.0,8,8.0,1
20240417,4,7767478,1,4,1300000.0,1300000.0,48,68,6820,5414,1,39,2,8.0,8,8.0,1
20240417,4,7767482,1,1,1740000.0,1460000.0,48,46,4631,4321,1,42,1,5.0,8,8.0,1
20240417,4,7767488,1,3,1300000.0,1300000.0,36,82,8220,4222,1,36,2,5.0,8,8.0,1
20240417,4,7767489,1,1,1300000.0,1300000.0,48,15,1522,5242,1,40,2,9.0,8,8.0,1
20240417,4,7767489,1,2,1300000.0,1300000.0,47,47,4774,5223,1,40,1,9.0,8,8.0,1
20240417,4,7767490,1,2,1300000.0,1300000.0,48,23,2394,5414,1,53,1,4.0,8,8.0,1
20240417,4,7767494,1,1,1300000.0,1300000.0,48,64,6499,4412,1,27,2,9.0,8,8.0,1
20240417,4,7767494,1,2,1300000.0,1300000.0,44,41,4111,9313,1,31,1,5.0,8,8.0,1
20240417,4,7767495,1,1,1300000.0,1300000.0,48,32,3290,5221,1,43,2,5.0,8,8.0,1
20240417,4,7767496,1,2,1300000.0,1300000.0,48,86,8621,5321,1,46,2,8.0,8,8.0,1
20240417,4,7767497,1,2,1300000.0,1300000.0,48,82,8220,4222,1,24,1,8.0,8,8.0,1
20240417,4,7767499,1,1,2000000.0,2000000.0,48,47,4711,5222,1,27,1,5.0,8,8.0,1
20240518,5,7770753,1,1,1300000.0,1300000.0,48,49,4921,8323,1,29,1,6.0,8,8.0,1
20240518,5,7770753,1,2,1300000.0,1300000.0,48,86,8691,5329,1,32,2,8.0,8,8.0,1
20240518,5,7770754,1,2,2000000.0,2000000.0,72,49,4923,8332,1,55,1,10.0,8,8.0,1
20240518,5,7770755,1,1,3500000.0,3500000.0,48,85,8559,2353,1,42,1,10.0,8,8.0,1
20240518,5,7770756,1,1,1800000.0,1800000.0,48,41,4111,7112,1,39,1,3.0,8,8.0,1
20240518,5,7770757,1,2,1300000.0,1300000.0,48,41,4111,7112,1,25,1,4.0,8,8.0,1
20240518,5,7770757,1,3,1300000.0,1300000.0,60,47,4723,5230,1,37,2,5.0,8,8.0,1
20240518,5,7770757,1,4,900000.0,900000.0,50,43,4321,7411,1,40,1,5.0,8,8.0,1
20240518,5,7770758,1,4,1300000.0,1300000.0,60,56,5611,5120,1,25,1,3.0,8,8.0,1
20240518,5,7773030,1,3,780000.0,600000.0,24,56,5611,5131,1,23,1,10.0,8,8.0,1
20240518,5,7773033,1,2,2600000.0,2600000.0,48,45,4511,1221,1,40,2,11.0,8,8.0,1
20240518,5,7773034,1,2,2500000.0,2500000.0,40,69,6910,2611,1,35,1,10.0,8,8.0,1
20240518,5,7773035,1,2,1500000.0,1500000.0,45,86,8610,5321,1,62,2,8.0,8,8.0,1
20240518,5,7773035,1,3,1800000.0,1800000.0,48,49,4921,1324,1,33,1,10.0,8,8.0,1
20240518,5,7773035,1,4,4500000.0,4500000.0,48,86,8610,5321,1,26,2,10.0,8,8.0,1
20240518,5,7773036,3,1,1700000.0,1460000.0,48,56,5619,5131,1,39,1,8.0,8,8.0,1
20240518,5,7773039,1,3,2600000.0,2600000.0,48,82,8220,4222,1,23,1,10.0,8,8.0,1
20240518,5,7773040,1,2,3000000.0,3000000.0,40,47,4754,5223,1,33,2,8.0,8,8.0,1
20240518,5,7773042,1,1,2600000.0,2600000.0,48,71,7120,2421,1,41,1,10.0,8,8.0,1
20240518,5,7773044,1,1,650000.0,650000.0,24,86,8622,5329,1,60,2,10.0,8,8.0,1
20240518,5,7773044,1,2,1300000.0,1300000.0,48,22,2229,3341,1,27,2,9.0,8,8.0,1
20240518,5,7773046,1,2,1300000.0,1300000.0,48,82,8220,4222,1,32,2,10.0,8,8.0,1
20240518,5,7773048,1,3,2600000.0,2600000.0,47,47,4732,5243,1,36,1,10.0,8,8.0,1
20240518,5,7773049,1,2,2600000.0,2600000.0,48,86,8610,2221,1,44,2,10.0,8,8.0,1
20240518,5,7773049,1,3,1300000.0,1300000.0,48,85,8544,5414,1,49,1,9.0,8,8.0,1
20240518,5,7773049,1,4,1800000.0,1800000.0,47,66,6619,2412,1,24,2,10.0,8,8.0,1
20240518,5,7773051,1,1,1300000.0,1300000.0,48,20,2023,4321,1,30,1,5.0,8,8.0,1
20240518,5,7773051,1,2,1300000.0,1300000.0,48,46,4645,5242,1,23,2,5.0,8,8.0,1
20240518,5,7773053,1,1,4100000.0,4100000.0,48,82,8220,2511,1,34,1,10.0,8,8.0,1
20240518,5,7773055,1,1,15000000.0,15000000.0,48,14,1410,1221,1,53,1,11.0,8,8.0,1
20240518,5,7773063,1,1,8000000.0,8000000.0,44,58,5813,1212,1,71,1,10.0,8,8.0,1
20240518,5,7773065,1,3,1300000.0,1300000.0,47,46,4632,5223,1,30,2,10.0,8,8.0,1
20240518,5,7773065,1,4,1300000.0,1300000.0,47,17,1702,4321,1,33,1,10.0,8,8.0,1
20240518,5,7773067,1,2,1400000.0,1400000.0,40,85,8559,3322,1,51,2,10.0,8,8.0,1
20240518,5,7773072,1,1,3000000.0,3000000.0,48,65,6523,2411,1,42,1,10.0,8,8.0,1
20240518,5,7773072,1,2,4000000.0,4000000.0,48,68,6820,1439,1,46,2,10.0,8,8.0,1
20240518,5,7773073,1,1,1500000.0,1500000.0,10,85,8530,2330,1,65,1,10.0,8,8.0,1
20240518,5,7773073,1,3,12000000.0,12000000.0,40,62,6201,2512,1,32,1,10.0,8,8.0,1
20240518,5,7773077,1,1,1350000.0,1350000.0,48,21,2100,8183,1,52,1,5.0,8,8.0,1
20240518,5,7773083,1,2,700000.0,700000.0,48,47,4722,8332,1,30,1,5.0,8,8.0,1
20240518,5,7773083,1,3,900000.0,900000.0,50,47,4711,5223,1,19,1,4.0,8,8.0,1
20240518,5,7773083,1,6,600000.0,600000.0,22,47,4721,5223,1,20,2,5.0,8,8.0,1
20240518,5,7773085,1,1,1300000.0,1300000.0,48,24,2410,5414,1,52,1,5.0,8,8.0,1
20240518,5,7773085,1,2,1200000.0,1200000.0,40,85,8530,2330,1,49,2,10.0,8,8.0,1
20240518,5,7773086,1,1,1300000.0,1300000.0,47,33,3314,9621,1,53,1,3.0,8,8.0,1
20240518,5,7773088,1,2,1200000.0,1200000.0,50,46,4644,4214,1,22,1,5.0,8,8.0,1
20240518,5,7773091,1,2,900000.0,900000.0,48,47,4721,5223,1,37,1,3.0,8,8.0,1
20240518,5,7773092,1,3,1500000.0,1500000.0,60,45,4520,9629,1,45,1,5.0,8,8.0,1
20240518,5,7773094,1,2,1700000.0,1700000.0,48,56,5611,9621,1,42,1,3.0,8,8.0,1
20240518,5,7773097,1,8,1300000.0,1300000.0,48,68,6820,5414,1,34,1,5.0,8,8.0,1
20240518,5,7773101,1,2,1300000.0,1300000.0,48,33,3314,7412,1,55,1,3.0,8,8.0,1
20240518,5,7773101,1,3,300000.0,300000.0,24,93,9311,3423,1,18,1,8.0,8,8.0,1
20240518,5,7773103,1,1,1200000.0,1200000.0,60,41,4111,9313,1,43,1,3.0,8,8.0,1
20240518,5,7773104,1,5,2000000.0,2000000.0,40,86,8621,2212,1,53,2,10.0,8,8.0,1
20240518,5,7773104,1,7,1300000.0,1300000.0,48,47,4751,5223,1,48,2,8.0,8,8.0,1
20240518,5,7773107,1,1,1660000.0,1660000.0,48,53,5320,4110,1,40,1,8.0,8,8.0,1
20240518,5,7773107,1,2,1460000.0,1460000.0,48,50,5012,4311,1,38,2,10.0,8,8.0,1
20240518,5,7773108,1,1,1300000.0,1300000.0,48,22,2229,9321,1,31,2,5.0,8,8.0,1
20240518,5,7773108,1,3,1300000.0,1300000.0,48,47,4754,3322,1,28,2,8.0,8,8.0,1
20240518,5,7773110,1,1,900000.0,900000.0,42,64,6499,4213,1,32,1,5.0,8,8.0,1
20240518,5,7773111,1,2,600000.0,600000.0,50,47,4711,9621,1,27,1,5.0,8,8.0,1
20240518,5,7773112,1,6,700000.0,600000.0,24,10,1081,5223,1,18,2,5.0,8,8.0,1
20240518,5,7773112,1,9,1460000.0,1460000.0,48,52,5224,9112,1,51,1,5.0,8,8.0,1
20240518,5,7773114,1,1,160000.0,160000.0,48,47,4719,4321,1,39,1,5.0,8,8.0,1
20240518,5,7773115,1,2,1800000.0,1800000.0,48,49,4921,8331,1,44,1,5.0,8,8.0,1
20240518,5,7773116,1,1,1600000.0,1600000.0,55,92,9200,4212,1,39,2,5.0,8,8.0,1
20240518,5,7773117,1,3,1460000.0,1460000.0,48,49,4923,4311,1,25,1,10.0,8,8.0,1
20240518,5,7773119,1,3,300000.0,300000.0,40,47,4723,5223,1,18,1,8.0,8,8.0,1
20240518,5,7773120,1,3,1300000.0,1300000.0,48,43,4330,2142,1,23,2,10.0,8,8.0,1
20240518,5,7773121,1,1,900000.0,900000.0,48,47,4761,5223,1,41,2,5.0,8,8.0,1
20240518,5,7773123,1,1,2200000.0,2200000.0,50,47,4792,1221,1,37,2,12.0,8,8.0,1
20240518,5,7773125,1,1,670000.0,670000.0,26,56,5611,8321,1,66,1,5.0,8,8.0,1
20240518,5,7773127,1,1,700000.0,700000.0,50,94,9491,5414,1,60,1,5.0,8,8.0,1
20240518,5,7773128,1,2,1300000.0,1300000.0,48,45,4520,4311,1,20,1,10.0,8,8.0,1
20240518,5,7773128,1,3,1300000.0,1300000.0,48,47,4773,5223,1,20,2,5.0,8,8.0,1
20240518,5,7773130,1,1,1000000.0,1000000.0,48,49,4923,8332,1,51,1,4.0,8,8.0,1
20240518,5,7773134,1,2,1300000.0,1300000.0,40,16,1630,7522,1,42,1,5.0,8,8.0,1
20240518,5,7773135,1,1,1300000.0,1300000.0,45,46,4663,9313,1,23,1,5.0,8,8.0,1
20240518,5,7773135,1,2,1300000.0,1300000.0,48,47,4772,7536,1,23,2,5.0,8,8.0,1
20240518,5,7773139,1,2,1300000.0,1300000.0,50,31,3110,7522,1,33,1,5.0,8,8.0,1
20240518,5,7773141,1,1,1300000.0,1300000.0,48,52,5224,9333,1,57,1,5.0,8,8.0,1
20240518,5,7773141,1,5,1300000.0,1300000.0,48,56,5611,5230,1,28,2,5.0,8,8.0,1
20240518,5,7773143,1,1,1316000.0,1316000.0,48,47,4773,5329,1,26,2,9.0,8,8.0,1
20240518,5,7773143,1,2,1320000.0,1320000.0,48,47,4711,4321,1,31,1,5.0,8,8.0,1
20240518,5,7773145,1,1,2600000.0,2000000.0,48,56,5619,9412,1,42,1,8.0,8,8.0,1
20240518,5,7773146,1,3,1300000.0,1300000.0,50,41,4111,7112,1,41,1,5.0,8,8.0,1
20240518,5,7773147,1,2,1400000.0,1400000.0,54,47,4711,5414,1,37,1,5.0,8,8.0,1
20240518,5,7773148,1,2,1500000.0,1500000.0,48,31,3110,7522,1,55,1,3.0,8,8.0,1
20240518,5,7773149,1,1,1500000.0,1300000.0,48,32,3250,7223,1,65,1,6.0,8,8.0,1
20240518,5,7773150,1,1,1460000.0,1460000.0,48,56,5619,5223,1,33,2,4.0,8,8.0,1
20240518,5,7773150,1,5,200000.0,200000.0,8,47,4773,5223,1,23,2,5.0,8,8.0,1
20240518,5,7773152,1,1,1500000.0,1500000.0,48,23,2310,7315,1,37,1,10.0,8,8.0,1
20240518,5,7773153,1,1,1500000.0,1500000.0,60,68,6820,5414,1,50,1,5.0,8,8.0,1
20240518,5,7773154,1,4,1400000.0,1400000.0,42,64,6499,4214,1,30,1,5.0,8,8.0,1
20240518,5,7773154,1,6,1300000.0,1300000.0,40,88,8891,5312,1,25,2,5.0,8,8.0,1
20240518,5,7773155,1,1,1600000.0,1600000.0,60,41,4111,9313,1,37,1,3.0,8,8.0,1
20240518,5,7773158,1,1,1300000.0,1300000.0,40,88,8891,5311,1,48,2,8.0,8,8.0,1
20240518,5,7773161,2,3,2400000.0,2400000.0,40,86,8692,2264,1,30,1,11.0,8,8.0,1
20240518,5,7773164,1,5,800000.0,800000.0,60,41,4111,7112,1,59,1,4.0,8,8.0,1
20240518,5,7773167,1,1,1000000.0,1000000.0,60,47,4771,5223,1,27,2,5.0,8,8.0,1
20240518,5,7773168,1,1,1300000.0,1300000.0,48,43,4322,7126,1,41,1,5.0,8,8.0,1
20240518,5,7773170,1,1,1500000.0,1500000.0,60,64,6499,4214,1,33,1,5.0,8,8.0,1
20240518,5,7773171,1,1,13600000.0,13000000.0,40,5,510,7233,1,52,1,8.0,8,8.0,1
20240518,5,7773173,1,1,1460000.0,1460000.0,48,13,1392,7532,1,49,1,10.0,8,8.0,1
20240518,5,7773175,1,1,2400000.0,2400000.0,60,82,8220,4222,1,38,1,10.0,8,8.0,1
20240519,5,7775291,1,3,2600000.0,2600000.0,72,86,8610,2211,1,25,1,10.0,8,8.0,1
20240519,5,7775292,1,1,1300000.0,1300000.0,40,59,5912,3521,1,33,1,8.0,8,8.0,1
20240519,5,7776909,1,2,1300000.0,1300000.0,72,86,8610,5321,1,34,2,8.0,8,8.0,1
20240518,5,7776910,1,1,200000.0,200000.0,40,13,1392,8153,1,48,2,4.0,8,8.0,1
20240518,5,7776910,1,2,900000.0,900000.0,48,45,4520,9122,1,30,1,5.0,8,8.0,1
20240518,5,7776910,1,7,900000.0,900000.0,48,45,4520,9122,1,31,1,3.0,8,8.0,1
20240518,5,7776910,1,10,900000.0,900000.0,48,45,4520,9122,1,25,1,4.0,8,8.0,1
20240518,5,7776910,1,15,900000.0,900000.0,48,56,5619,9411,1,46,1,3.0,8,8.0,1
20240518,5,7776910,1,17,900000.0,900000.0,48,41,4112,9313,1,45,1,3.0,8,8.0,1
20240519,5,7776916,1,4,1460000.0,1460000.0,48,52,5221,8323,1,44,1,5.0,8,8.0,1
20240519,5,7776917,1,1,800000.0,800000.0,48,56,5611,9412,1,30,2,5.0,8,8.0,1
20240519,5,7776917,1,2,800000.0,800000.0,48,56,5611,5120,1,28,1,5.0,8,8.0,1
20240519,5,7776917,1,6,800000.0,800000.0,48,56,5611,5131,1,26,1,5.0,8,8.0,1
20240519,5,7776918,1,3,1300000.0,1300000.0,48,43,4311,7413,1,38,1,8.0,8,8.0,1
20240519,5,7776920,1,1,1300000.0,1300000.0,48,86,8691,3212,1,36,2,9.0,8,8.0,1
20240519,5,7776920,1,2,700000.0,700000.0,60,47,4755,5223,1,53,1,9.0,8,8.0,1
20240519,5,7776921,1,5,1465000.0,1465000.0,48,86,8610,5321,1,38,2,8.0,8,8.0,1
20240519,5,7776926,1,1,1300000.0,1300000.0,74,47,4711,1420,1,31,1,10.0,8,8.0,1
20240519,5,7776927,1,2,3500000.0,3500000.0,40,52,5224,1212,1,36,2,10.0,8,8.0,1
20240519,5,7776930,1,1,4500000.0,4500000.0,40,85,8544,2310,1,41,1,11.0,8,8.0,1
20240519,5,7776932,1,1,3900000.0,3900000.0,48,86,8621,1219,1,55,2,10.0,8,8.0,1
20240519,5,7776934,1,1,1300000.0,1300000.0,48,47,4773,5223,1,38,1,10.0,8,8.0,1
20240519,5,7776934,1,2,1300000.0,1300000.0,48,86,8610,5321,1,31,2,9.0,8,8.0,1
20240519,5,7776936,1,1,1300000.0,1300000.0,48,85,8544,4110,1,68,1,10.0,8,8.0,1
20240519,5,7776938,1,1,1000000.0,1000000.0,48,52,5221,1439,1,59,1,5.0,8,8.0,1
20240519,5,7776940,1,2,600000.0,600000.0,20,69,6910,4110,1,48,2,8.0,8,8.0,1
20240519,5,7776941,1,3,1600000.0,1600000.0,72,49,4921,8331,1,60,1,3.0,8,8.0,1
20240519,5,7776941,1,4,700000.0,700000.0,42,10,1081,8321,1,19,1,5.0,8,8.0,1
20240519,5,7776945,1,2,2800000.0,2800000.0,44,85,8530,2341,1,27,2,12.0,8,8.0,1
20240519,5,7776946,1,3,3000000.0,3000000.0,48,82,8220,1212,1,27,2,10.0,8,8.0,1
20240519,5,7776947,1,1,1300000.0,1300000.0,44,46,4631,4110,1,38,2,10.0,8,8.0,1
20240519,5,7776948,1,2,1460000.0,1460000.0,40,52,5223,4225,1,48,2,5.0,8,8.0,1
20240519,5,7776949,1,1,9000000.0,9000000.0,48,42,4210,2142,1,43,2,11.0,8,8.0,1
20240519,5,7776950,1,1,4300000.0,2500000.0,48,86,8692,1212,1,36,2,10.0,8,8.0,1
20240519,5,7776952,1,1,8100000.0,6100000.0,48,10,1051,1321,1,39,1,11.0,8,8.0,1
20240519,5,7776954,1,1,2200000.0,2200000.0,48,86,8699,1342,1,40,2,11.0,8,8.0,1
20240519,5,7776958,1,1,1500000.0,1500000.0,48,23,2310,5414,1,52,1,5.0,8,8.0,1
20240519,5,7776960,1,1,2200000.0,2200000.0,48,68,6820,5414,1,49,1,8.0,8,8.0,1
20240519,5,7776966,1,1,1000000.0,1000000.0,48,41,4112,9313,1,40,1,4.0,8,8.0,1
20240519,5,7776967,1,3,1300000.0,1300000.0,48,46,4663,5223,1,25,1,8.0,8,8.0,1
20240519,5,7776968,1,2,1300000.0,1300000.0,48,52,5229,4321,1,46,1,5.0,8,8.0,1
20240519,5,7776968,1,3,1300000.0,1300000.0,48,52,5229,8183,1,22,1,8.0,8,8.0,1
20240519,5,7776971,1,1,690000.0,600000.0,40,56,5611,5120,1,37,2,5.0,8,8.0,1
20240519,5,7776972,1,3,1300000.0,1300000.0,48,47,4774,9621,1,21,1,5.0,8,8.0,1
20240519,5,7776973,1,1,650000.0,650000.0,23,85,8530,2342,1,22,2,10.0,8,8.0,1
20240519,5,7776973,1,2,1600000.0,1600000.0,48,13,1392,4321,1,25,1,5.0,8,8.0,1
20240519,5,7776974,1,5,1300000.0,1300000.0,48,10,1081,7512,1,24,1,4.0,8,8.0,1
20240519,5,7776975,1,2,1300000.0,1300000.0,50,25,2511,7212,1,24,1,5.0,8,8.0,1
20240519,5,7776975,1,7,1000000.0,1000000.0,50,14,1410,8153,1,26,2,5.0,8,8.0,1
20240519,5,7776977,1,2,700000.0,700000.0,40,93,9311,4226,1,29,2,9.0,8,8.0,1
20240519,5,7776985,1,2,1300000.0,1300000.0,60,45,4541,5223,1,40,1,5.0,8,8.0,1
20240519,5,7776988,1,4,1300000.0,1300000.0,48,36,3600,7126,1,39,1,5.0,8,8.0,1
20240519,5,7776989,1,3,1460000.0,1460000.0,48,25,2511,7212,1,25,1,5.0,8,8.0,1
20240519,5,7776991,1,3,1660000.0,1460000.0,45,96,9602,9112,1,50,2,3.0,8,8.0,1
20240519,5,7776994,1,2,1300000.0,1300000.0,40,20,2012,9112,1,47,1,5.0,8,8.0,1
20240519,5,7776996,1,2,1300000.0,1300000.0,48,82,8220,4222,1,22,1,9.0,8,8.0,1
20240519,5,7776996,1,3,1300000.0,1300000.0,48,46,4645,4321,1,21,1,10.0,8,8.0,1
20240519,5,7776998,1,3,1300000.0,750000.0,70,47,4711,9611,1,35,1,5.0,8,8.0,1
20240519,5,7776999,1,2,1200000.0,1200000.0,54,41,4111,8332,1,39,1,5.0,8,8.0,1
20240519,5,7776999,1,5,1200000.0,1200000.0,54,41,4111,7111,1,34,1,8.0,8,8.0,1
20240519,5,7777003,1,4,1900000.0,1900000.0,60,52,5222,5414,1,34,1,5.0,8,8.0,1
20240519,5,7777004,1,3,1300000.0,1300000.0,48,85,8544,5414,1,62,1,5.0,8,8.0,1
20240519,5,7777005,1,6,1300000.0,1300000.0,48,61,6120,3322,1,28,1,10.0,8,8.0,1
20240519,5,7777008,1,1,1300000.0,1300000.0,48,77,7730,9112,1,37,1,5.0,8,8.0,1
20240519,5,7777009,1,3,1700000.0,1700000.0,48,21,2100,5414,1,26,1,5.0,8,8.0,1
20240519,5,7777009,1,4,1300000.0,1300000.0,48,82,8220,3341,1,25,2,5.0,8,8.0,1
20240519,5,7777010,1,2,1300000.0,1300000.0,48,82,8220,4222,1,32,1,10.0,8,8.0,1
20240519,5,7777013,1,1,800000.0,800000.0,32,47,4719,5244,1,37,2,8.0,8,8.0,1
20240519,5,7777014,1,1,1200000.0,1200000.0,48,45,4520,7231,1,54,1,5.0,8,8.0,1
20240519,5,7777014,1,2,1300000.0,1300000.0,48,36,3600,8332,1,50,1,5.0,8,8.0,1
20240519,5,7777015,1,1,1300000.0,1300000.0,48,81,8121,9112,1,40,2,5.0,8,8.0,1
20240519,5,7777015,1,2,1300000.0,1300000.0,48,46,4663,9333,1,40,1,5.0,8,8.0,1
20240519,5,7777016,1,3,3000000.0,3000000.0,48,42,4210,2511,1,40,1,10.0,8,8.0,1
20240519,5,7777017,1,2,1500000.0,1500000.0,48,47,4772,5223,1,40,1,9.0,8,8.0,1
20240519,5,7777018,1,1,6000000.0,6000000.0,48,33,3315,2411,1,59,1,10.0,8,8.0,1
20240519,5,7777025,1,2,1300000.0,1300000.0,40,86,8621,3341,1,52,2,10.0,8,8.0,1
20240519,5,7777025,1,3,1600000.0,1600000.0,48,86,8621,2634,1,25,2,10.0,8,8.0,1
20240519,5,7777025,1,4,1600000.0,1600000.0,48,82,8220,4222,1,22,1,10.0,8,8.0,1
20240519,5,7777026,1,3,1300000.0,1300000.0,40,71,7112,2166,1,23,1,8.0,8,8.0,1
20240519,5,7777028,1,5,1300000.0,1300000.0,48,95,9522,4110,1,23,1,8.0,8,8.0,1
20240519,5,7777032,1,1,3000000.0,3000000.0,48,10,1030,2411,1,53,1,10.0,8,8.0,1
20240519,5,7777033,1,1,1600000.0,1600000.0,60,49,4921,8331,1,55,1,5.0,8,8.0,1
20240519,5,7777035,1,2,1300000.0,1300000.0,50,41,4111,9313,1,58,1,5.0,8,8.0,1
20240519,5,7777040,1,1,2600000.0,2600000.0,48,47,4754,1420,1,46,1,9.0,8,8.0,1
20240520,5,7780611,1,2,2500000.0,2500000.0,48,73,7310,2166,1,29,2,10.0,8,8.0,1
20240520,5,7780612,1,4,500000.0,500000.0,40,47,4729,9334,1,19,2,5.0,8,8.0,1
20240520,5,7781744,1,4,1540000.0,1300000.0,48,47,4771,5223,1,22,2,5.0,8,8.0,1
20240520,5,7781745,1,2,1300000.0,1300000.0,48,56,5619,9411,1,28,1,9.0,8,8.0,1
20240520,5,7781745,1,3,1300000.0,1300000.0,47,56,5619,4311,1,23,1,10.0,8,8.0,1
20240520,5,7781751,1,1,2500000.0,2500000.0,48,64,6412,5223,1,53,1,10.0,8,8.0,1
20240520,5,7781751,1,4,1400000.0,1400000.0,48,82,8220,4222,1,24,1,10.0,8,8.0,1
20240520,5,7781754,1,1,1300000.0,1300000.0,48,56,5629,3341,1,39,2,8.0,8,8.0,1
20240520,5,7784544,1,3,2600000.0,2600000.0,48,82,8220,4222,1,21,2,5.0,8,8.0,1
20240520,5,7784545,1,3,2600000.0,2600000.0,48,82,8220,4222,1,28,2,11.0,8,8.0,1
20240520,5,7784548,1,1,3500000.0,3500000.0,48,64,6412,3312,1,44,1,10.0,8,8.0,1
20240520,5,7784548,1,2,5400000.0,5400000.0,48,42,4290,2411,1,47,2,11.0,8,8.0,1
20240520,5,7784550,1,1,6500000.0,6500000.0,45,62,6201,2511,1,46,1,10.0,8,8.0,1
20240520,5,7784551,1,1,2500000.0,2500000.0,48,47,4754,5223,1,61,1,10.0,8,8.0,1
20240520,5,7784551,1,2,1800000.0,1800000.0,48,56,5611,1412,1,55,2,10.0,8,8.0,1
20240520,5,7784554,1,3,2400000.0,2400000.0,48,65,6531,4229,1,44,1,10.0,8,8.0,1
20240520,5,7784555,1,1,2400000.0,2400000.0,30,43,4321,3322,1,56,1,10.0,8,8.0,1
20240520,5,7784559,1,1,16000000.0,6500000.0,40,85,8551,1212,1,59,1,12.0,8,8.0,1
20240520,5,7784559,1,2,4600000.0,4600000.0,47,81,8121,1212,1,55,2,12.0,8,8.0,1
20240520,5,7784559,1,3,4600000.0,4600000.0,48,81,8121,2166,1,29,1,11.0,8,8.0,1
20240520,5,7784560,1,1,,,48,69,6920,2411,1,32,1,10.0,8,8.0,1
20240520,5,7784560,1,2,,,48,64,6499,4311,1,37,1,10.0,8,8.0,1
20240520,5,7784560,1,4,1300000.0,1300000.0,48,68,6820,9112,1,24,1,5.0,8,8.0,1
20240520,5,7784562,1,1,1800000.0,1300000.0,48,55,5511,5131,1,26,1,8.0,8,8.0,1
20240520,5,7784564,1,1,4500000.0,4500000.0,72,45,4530,3322,1,45,1,10.0,8,8.0,1
20240520,5,7784567,1,1,1500000.0,1500000.0,48,10,1011,7511,1,60,1,5.0,8,8.0,1
20240520,5,7784567,1,3,2300000.0,2300000.0,48,47,4711,1212,1,32,1,10.0,8,8.0,1
20240520,5,7784568,1,2,8000000.0,8000000.0,40,69,6910,2611,1,28,2,10.0,8,8.0,1
20240520,5,7784569,1,3,4000000.0,4000000.0,40,82,8220,4222,1,26,1,11.0,8,8.0,1
20240520,5,7784570,1,2,1200000.0,1200000.0,48,47,4771,5230,1,23,2,8.0,8,8.0,1
20240520,5,7784571,1,1,1360000.0,1360000.0,48,85,8544,9112,1,66,2,3.0,8,8.0,1
20240520,5,7784571,1,2,2900000.0,2900000.0,48,35,3520,3341,1,39,1,10.0,8,8.0,1
20240520,5,7784571,1,3,1500000.0,1500000.0,48,94,9499,4120,1,31,2,8.0,8,8.0,1
20240520,5,7784572,1,2,1400000.0,800000.0,110,47,4711,5223,1,26,1,4.0,8,8.0,1
20240520,5,7784577,1,1,3000000.0,3000000.0,48,45,4530,2411,1,38,1,10.0,8,8.0,1
20240520,5,7784581,1,1,1500000.0,1500000.0,48,47,4711,5242,1,42,2,5.0,8,8.0,1
20240520,5,7784581,1,2,1300000.0,1300000.0,48,94,9499,3341,1,26,2,8.0,8,8.0,1
20240520,5,7784581,1,5,1300000.0,1300000.0,48,20,2023,5223,1,25,2,8.0,8,8.0,1
20240520,5,7784581,1,6,2500000.0,2500000.0,50,49,4921,2411,1,53,1,10.0,8,8.0,1
20240520,5,7784582,1,1,1400000.0,1400000.0,48,46,4644,9621,1,45,1,5.0,8,8.0,1
20240520,5,7784582,1,2,1300000.0,1300000.0,48,46,4644,5230,1,49,2,10.0,8,8.0,1
20240520,5,7784583,1,2,1800000.0,1800000.0,48,41,4111,4110,1,29,2,10.0,8,8.0,1
20240520,5,7784585,1,1,8000000.0,8000000.0,52,46,4645,3322,1,54,1,12.0,8,8.0,1
20240520,5,7784585,1,2,8000000.0,8000000.0,52,46,4645,3322,1,52,2,10.0,8,8.0,1
20240520,5,7784586,1,1,7000000.0,7000000.0,48,86,8610,2212,1,55,1,11.0,8,8.0,1
20240520,5,7784586,1,2,6000000.0,6000000.0,40,86,8621,1120,1,56,2,11.0,8,8.0,1
20240520,5,7784588,1,1,10700000.0,10700000.0,40,61,6190,4110,1,51,1,11.0,8,8.0,1
20240520,5,7784588,1,2,4000000.0,4000000.0,40,85,8530,2266,1,46,2,12.0,8,8.0,1
20240520,5,7784588,1,3,1300000.0,1300000.0,40,82,8220,4222,1,22,2,10.0,8,8.0,1
20240520,5,7784592,1,2,1300000.0,1300000.0,48,47,4755,5223,1,34,2,5.0,8,8.0,1
20240520,5,7784598,1,3,1500000.0,1500000.0,48,82,8220,4222,1,25,2,9.0,8,8.0,1
20240520,5,7784600,1,1,2000000.0,2000000.0,60,64,6499,4214,1,44,1,5.0,8,8.0,1
20240520,5,7784603,1,3,1300000.0,1300000.0,48,91,9103,9629,1,27,2,10.0,8,8.0,1
20240520,5,7784603,1,4,2500000.0,2500000.0,44,86,8610,5321,1,24,2,10.0,8,8.0,1
20240520,5,7784604,1,3,1550000.0,1550000.0,48,47,4711,4321,1,23,1,5.0,8,8.0,1
20240520,5,7784605,1,3,600000.0,600000.0,50,41,4111,9313,1,31,1,5.0,8,8.0,1
20240520,5,7784608,1,4,1000000.0,1000000.0,48,14,1410,9329,1,43,2,3.0,8,8.0,1
20240520,5,7784609,1,2,520000.0,520000.0,20,45,4520,9333,1,23,1,4.0,8,8.0,1
20240520,5,7784610,1,1,1600000.0,1600000.0,48,85,8530,9112,1,53,1,4.0,8,8.0,1
20240520,5,7784610,1,3,1300000.0,1300000.0,48,81,8121,9112,1,28,1,5.0,8,8.0,1
20240520,5,7784615,1,2,1500000.0,1500000.0,50,47,4754,5223,1,29,1,8.0,8,8.0,1
20240520,5,7784616,1,1,1800000.0,1800000.0,52,86,8610,5321,1,43,1,8.0,8,8.0,1
20240520,5,7784616,1,2,1900000.0,1300000.0,52,86,8699,5321,1,38,2,8.0,8,8.0,1
20240520,5,7784617,1,1,1300000.0,1300000.0,40,47,4771,5223,1,28,2,5.0,8,8.0,1
20240520,5,7784617,1,2,1300000.0,1300000.0,48,80,8010,5414,1,26,1,5.0,8,8.0,1
20240520,5,7784617,1,5,1465000.0,1465000.0,48,10,1040,9112,1,44,1,5.0,8,8.0,1
20240520,5,7784617,1,6,800000.0,800000.0,60,41,4111,9313,1,40,1,5.0,8,8.0,1
20240520,5,7784618,1,2,1300000.0,1300000.0,48,25,2511,7223,1,40,1,5.0,8,8.0,1
20240520,5,7784620,1,3,1300000.0,1300000.0,47,81,8121,9112,1,42,2,6.0,8,8.0,1
20240520,5,7784620,1,5,560000.0,560000.0,40,47,4781,5211,1,21,1,8.0,8,8.0,1
20240520,5,7784620,1,8,350000.0,350000.0,24,85,8512,2342,1,20,2,8.0,8,8.0,1
20240520,5,7784621,1,2,600000.0,600000.0,50,47,4789,9520,1,34,1,4.0,8,8.0,1
20240520,5,7784623,1,2,1300000.0,1300000.0,48,53,5320,9621,1,45,1,5.0,8,8.0,1
20240520,5,7784624,1,2,1300000.0,1300000.0,48,85,8544,9112,1,56,2,3.0,8,8.0,1
20240520,5,7784627,1,1,1950000.0,1950000.0,48,52,5229,5414,1,27,1,5.0,8,8.0,1
20240520,5,7784627,1,2,1500000.0,1500000.0,48,86,8621,4110,1,25,2,5.0,8,8.0,1
20240520,5,7784628,1,2,2500000.0,2500000.0,48,64,6499,4110,1,24,1,10.0,8,8.0,1
20240520,5,7784631,1,1,3000000.0,3000000.0,48,33,3311,1212,1,32,1,11.0,8,8.0,1
20240520,5,7784633,1,1,1200000.0,1200000.0,48,47,4773,9621,1,29,1,3.0,8,8.0,1
20240520,5,7784637,1,2,1300000.0,1300000.0,48,68,6820,9112,1,42,1,5.0,8,8.0,1
20240520,5,7784639,1,1,1300000.0,1300000.0,48,86,8610,5329,1,32,2,8.0,8,8.0,1
20240520,5,7784641,1,1,1460000.0,1460000.0,48,17,1709,3123,1,50,1,8.0,8,8.0,1
20240520,5,7784641,1,3,2300000.0,2300000.0,48,22,2229,3341,1,26,2,10.0,8,8.0,1
20240520,5,7784642,1,4,1200000.0,1200000.0,48,33,3320,4110,1,23,1,10.0,8,8.0,1
20240520,5,7784645,1,2,1600000.0,1600000.0,48,78,7810,2423,1,35,2,10.0,8,8.0,1
20240520,5,7784646,1,1,1300000.0,1300000.0,48,46,4644,8131,1,25,1,8.0,8,8.0,1
20240520,5,7784646,1,2,1300000.0,1300000.0,48,47,4773,9334,1,27,2,9.0,8,8.0,1
20240520,5,7784647,1,1,1300000.0,1300000.0,48,47,4711,4321,1,41,1,8.0,8,8.0,1
20240520,5,7784647,1,2,1300000.0,1300000.0,48,87,8790,5321,1,35,2,8.0,8,8.0,1
20240520,5,7784652,1,3,600000.0,400000.0,48,85,8530,5120,1,48,2,3.0,8,8.0,1
20240520,5,7784652,1,6,1500000.0,1500000.0,48,69,6920,4311,1,30,2,10.0,8,8.0,1
20240520,5,7784655,1,2,1300000.0,1300000.0,48,25,2511,7212,1,53,1,8.0,8,8.0,1
20240520,5,7784655,1,4,2600000.0,2600000.0,48,86,8610,2264,1,25,1,10.0,8,8.0,1
20240520,5,7784657,1,2,1300000.0,1300000.0,48,33,3312,5223,1,40,1,8.0,8,8.0,1
20240520,5,7784660,1,1,1300000.0,1300000.0,48,45,4530,5223,1,57,1,5.0,8,8.0,1
20240520,5,7784660,1,3,1300000.0,1300000.0,48,10,1083,8160,1,22,1,5.0,8,8.0,1
20240520,5,7784660,1,5,1800000.0,1800000.0,48,22,2229,7543,1,39,1,6.0,8,8.0,1
20240520,5,7784663,1,2,300000.0,300000.0,48,56,5630,5131,1,20,1,5.0,8,8.0,1
20240520,5,7784664,1,1,2400000.0,2400000.0,48,23,2310,4321,1,60,1,8.0,8,8.0,1
20240520,5,7784664,1,2,1500000.0,1500000.0,48,13,1312,8153,1,55,2,5.0,8,8.0,1
20240520,5,7784664,1,3,600000.0,600000.0,20,85,8530,2330,1,30,2,10.0,8,8.0,1
20240520,5,7784665,1,1,480000.0,400000.0,16,56,5611,5131,1,53,2,5.0,8,8.0,1
20240520,5,7784665,1,2,1300000.0,1300000.0,48,86,8621,3511,1,34,1,9.0,8,8.0,1
20240521,5,7788966,1,1,1300000.0,1300000.0,48,80,8010,4110,1,34,2,8.0,8,8.0,1
20240521,5,7788966,1,2,1300000.0,1300000.0,48,82,8220,4222,1,26,2,5.0,8,8.0,1
20240521,5,7788967,1,1,16000000.0,16000000.0,40,85,8544,2310,1,40,1,11.0,8,8.0,1
20240521,5,7788967,1,2,20000000.0,20000000.0,40,85,8544,2310,1,39,2,11.0,8,8.0,1
20240521,5,7788968,1,2,500000.0,500000.0,30,47,4762,5223,1,43,2,10.0,8,8.0,1
20240521,5,7788971,1,3,2800000.0,2800000.0,48,62,6209,4222,1,28,1,10.0,8,8.0,1
20240521,5,7788972,1,3,1600000.0,1600000.0,48,10,1011,8160,1,45,1,5.0,8,8.0,1
20240521,5,7788973,1,1,1460000.0,1460000.0,48,47,4731,5245,1,46,1,5.0,8,8.0,1
20240521,5,7788978,1,1,3000000.0,2750000.0,60,52,5222,8323,1,46,1,8.0,8,8.0,1
20240521,5,7788978,1,3,2500000.0,2500000.0,48,62,6201,2512,1,22,2,10.0,8,8.0,1
20240521,5,7788979,1,1,1300000.0,1300000.0,47,56,5619,5246,1,25,2,5.0,8,8.0,1
20240521,5,7791433,1,3,280000.0,280000.0,63,52,5229,4110,1,40,2,5.0,8,8.0,1
20240521,5,7791434,1,2,1300000.0,1300000.0,48,96,9602,3341,1,27,2,9.0,8,8.0,1
20240521,5,7791436,1,1,1300000.0,1300000.0,48,68,6820,5414,1,37,1,5.0,8,8.0,1
20240521,5,7791437,1,7,1300000.0,1300000.0,48,87,8720,3313,1,41,2,8.0,8,8.0,1
20240521,5,7791437,1,8,1600000.0,1600000.0,48,58,5813,2431,1,31,1,10.0,8,8.0,1
20240521,5,7791437,1,9,1450000.0,1300000.0,48,1,145,8160,1,26,1,8.0,8,8.0,1
20240521,5,7791440,1,1,1300000.0,1300000.0,50,41,4111,7112,1,41,1,3.0,8,8.0,1
20240521,5,7791441,1,2,1000000.0,1000000.0,50,52,5224,4321,1,64,1,5.0,8,8.0,1
20240521,5,7791443,1,3,1300000.0,1300000.0,48,45,4530,4214,1,23,2,5.0,8,8.0,1
20240521,5,7791445,1,3,1200000.0,1200000.0,42,11,1102,9321,1,26,2,8.0,8,8.0,1
20240521,5,7791445,1,4,600000.0,600000.0,20,85,8530,2342,1,24,2,8.0,8,8.0,1
20240521,5,7791446,1,1,1800000.0,1800000.0,48,80,8010,5414,1,34,1,8.0,8,8.0,1
20240521,5,7791447,1,1,900000.0,900000.0,48,96,9602,9112,1,63,2,5.0,8,8.0,1
20240521,5,7791452,1,1,3900000.0,3900000.0,47,29,2910,1324,1,42,1,10.0,8,8.0,1
20240521,5,7791452,1,2,1300000.0,1300000.0,47,56,5611,9412,1,35,2,10.0,8,8.0,1
20240521,5,7791452,1,6,700000.0,700000.0,30,43,4321,7411,1,68,1,5.0,8,8.0,1
20240521,5,7791453,1,2,800000.0,800000.0,48,14,1410,8153,1,49,2,4.0,8,8.0,1
20240521,5,7791453,1,3,1300000.0,1300000.0,48,10,1081,9411,1,26,1,8.0,8,8.0,1
20240521,5,7791453,1,4,2500000.0,2500000.0,48,56,5619,1412,1,24,1,10.0,8,8.0,1
20240521,5,7791454,1,3,1850000.0,1500000.0,48,56,5611,9412,1,35,1,9.0,8,8.0,1
20240521,5,7791454,1,4,1720000.0,1400000.0,48,56,5611,9412,1,33,2,5.0,8,8.0,1
20240521,5,7791457,1,2,3000000.0,3000000.0,48,86,8610,1342,1,33,2,10.0,8,8.0,1
20240521,5,7791459,1,1,1280000.0,1280000.0,45,16,1630,5223,1,43,2,8.0,8,8.0,1
20240521,5,7791460,1,2,1000000.0,1000000.0,60,45,4520,7231,1,40,1,5.0,8,8.0,1
20240521,5,7791468,1,3,1300000.0,1300000.0,48,47,4773,2411,1,23,2,10.0,8,8.0,1
20240521,5,7791469,1,1,2900000.0,2900000.0,48,71,7112,1120,1,42,2,10.0,8,8.0,1
20240521,5,7791469,1,2,4000000.0,4000000.0,48,71,7112,1223,1,36,1,10.0,8,8.0,1
20240521,5,7791470,1,1,1400000.0,1400000.0,48,95,9511,7422,1,31,1,9.0,8,8.0,1
20240521,5,7791470,1,2,1300000.0,1300000.0,40,47,4754,4120,1,31,2,8.0,8,8.0,1
20240521,5,7791471,1,1,1300000.0,1300000.0,48,42,4210,9333,1,41,1,1.0,8,8.0,1
20240521,5,7791472,1,1,1300000.0,1300000.0,48,52,5229,8323,1,33,1,5.0,8,8.0,1
20240521,5,7791473,1,1,1300000.0,1300000.0,48,85,8511,2342,1,49,2,8.0,8,8.0,1
20240521,5,7791474,1,2,600000.0,600000.0,48,52,5224,9333,1,35,1,3.0,8,8.0,1
20240521,5,7791475,1,3,1400000.0,1200000.0,48,56,5611,5131,1,35,2,3.0,8,8.0,1
20240521,5,7791475,1,4,600000.0,600000.0,48,41,4111,7112,1,23,1,3.0,8,8.0,1
20240521,5,7791475,1,5,600000.0,600000.0,48,42,4290,5414,1,20,1,4.0,8,8.0,1
20240521,5,7791475,1,6,600000.0,600000.0,48,42,4290,5414,1,18,1,3.0,8,8.0,1
20240521,5,7791475,1,7,600000.0,600000.0,48,47,4711,5223,1,34,1,3.0,8,8.0,1
20240521,5,7791476,1,4,1300000.0,1300000.0,48,25,2511,7212,1,31,1,5.0,8,8.0,1
20240521,5,7791480,1,4,840000.0,840000.0,40,64,6499,4214,1,21,1,5.0,8,8.0,1
20240521,5,7791481,1,7,1300000.0,1300000.0,48,17,1702,5414,1,47,2,5.0,8,8.0,1
20240521,5,7791482,1,2,800000.0,800000.0,48,25,2511,7212,1,29,1,4.0,8,8.0,1
20240521,5,7791483,1,2,1700000.0,1500000.0,48,45,4530,5223,1,36,1,4.0,8,8.0,1
20240521,5,7791484,1,1,5000000.0,5000000.0,47,20,2021,1324,1,50,1,11.0,8,8.0,1
20240521,5,7791484,1,3,2000000.0,2000000.0,47,86,8610,2264,1,25,2,11.0,8,8.0,1
20240521,5,7791484,1,4,2000000.0,2000000.0,47,52,5229,4222,1,23,1,8.0,8,8.0,1
20240521,5,7791485,1,2,900000.0,900000.0,60,80,8010,5414,1,41,1,5.0,8,8.0,1
20240521,5,7791485,1,3,2400000.0,2400000.0,60,42,4210,3112,1,25,1,5.0,8,8.0,1
20240521,5,7791485,1,4,1200000.0,1200000.0,48,41,4111,9313,1,21,1,4.0,8,8.0,1
20240521,5,7791485,1,5,1000000.0,1000000.0,56,41,4111,7123,1,52,1,5.0,8,8.0,1
20240521,5,7791485,1,6,700000.0,700000.0,56,41,4111,7112,1,26,1,4.0,8,8.0,1
20240521,5,7791487,1,3,1300000.0,1300000.0,48,3,312,7512,1,53,1,5.0,8,8.0,1
20240521,5,7791488,1,2,1500000.0,1500000.0,60,43,4330,7131,1,41,1,3.0,8,8.0,1
20240521,5,7791489,1,4,580000.0,520000.0,42,56,5611,5131,1,26,2,5.0,8,8.0,1
20240521,5,7791490,1,10,1360000.0,1360000.0,48,25,2511,7212,1,21,1,8.0,8,8.0,1
20240521,5,7791494,1,3,1300000.0,1300000.0,48,85,8551,5414,1,31,1,5.0,8,8.0,1
20240521,5,7791494,1,11,1300000.0,1300000.0,48,13,1392,8142,1,28,1,5.0,8,8.0,1
20240521,5,7791500,1,2,1600000.0,1600000.0,48,33,3320,7233,1,67,1,5.0,8,8.0,1
20240521,5,7791500,1,3,2200000.0,2200000.0,48,85,8544,4120,1,28,2,10.0,8,8.0,1
20240521,5,7791501,1,2,1300000.0,1300000.0,48,82,8230,3332,1,29,2,8.0,8,8.0,1
20240521,5,7791506,1,2,1300000.0,1300000.0,48,46,4663,4321,1,39,1,5.0,8,8.0,1
20240521,5,7791507,1,2,1400000.0,1400000.0,48,43,4321,7422,1,45,1,5.0,8,8.0,1
20240521,5,7791510,1,1,1300000.0,1300000.0,50,47,4711,5230,1,42,1,5.0,8,8.0,1
20240521,5,7791511,1,4,1000000.0,800000.0,84,47,4711,5223,1,20,1,5.0,8,8.0,1
20240521,5,7791519,1,1,6000000.0,6000000.0,40,23,2394,3312,1,55,2,11.0,8,8.0,1
20240521,5,7791519,1,2,1460000.0,1460000.0,47,56,5611,5120,1,25,1,10.0,8,8.0,1
20240521,5,7791521,1,3,2600000.0,2600000.0,47,52,5229,3343,1,36,2,8.0,8,8.0,1
20240521,5,7791524,1,3,500000.0,500000.0,40,55,5511,9112,1,24,2,5.0,8,8.0,1
20240521,5,7791524,1,5,800000.0,800000.0,60,96,9602,4226,1,30,2,5.0,8,8.0,1
20240521,5,7791525,1,1,3900000.0,3900000.0,47,46,4631,2411,1,47,1,10.0,8,8.0,1
20240521,5,7791526,1,2,1300000.0,1300000.0,50,49,4923,8332,1,61,1,5.0,8,8.0,1
20240521,5,7791526,1,3,1300000.0,1300000.0,48,47,4711,5221,1,53,2,5.0,8,8.0,1
20240521,5,7791526,1,4,1800000.0,1800000.0,20,85,8544,2310,1,26,2,10.0,8,8.0,1
20240521,5,7791528,1,1,2200000.0,2200000.0,48,31,3110,1321,1,61,1,10.0,8,8.0,1
20240521,5,7791528,1,3,1700000.0,1700000.0,48,73,7310,2431,1,28,2,10.0,8,8.0,1
20240521,5,7791529,1,1,2400000.0,2400000.0,45,85,8551,2310,1,63,1,10.0,8,8.0,1
20240521,5,7791530,1,4,1000000.0,1000000.0,50,31,3110,7132,1,71,1,3.0,8,8.0,1
20240521,5,7791532,1,1,2300000.0,2300000.0,47,41,4111,8332,1,46,1,5.0,8,8.0,1
20240521,5,7791533,1,3,700000.0,700000.0,35,85,8530,2341,1,27,2,7.0,8,8.0,1
20240521,5,7791533,1,4,1680000.0,1500000.0,48,56,5611,9412,1,24,1,8.0,8,8.0,1
20240521,5,7791534,1,1,1400000.0,1400000.0,60,23,2310,8344,1,46,1,5.0,8,8.0,1
20240521,5,7791537,1,2,3000000.0,3000000.0,48,86,8610,2634,1,37,2,10.0,8,8.0,1
20240521,5,7791540,1,1,13500000.0,7000000.0,47,62,6202,2511,1,38,1,10.0,8,8.0,1
20240521,5,7791544,1,1,1300000.0,1300000.0,54,10,1081,7512,1,48,2,5.0,8,8.0,1
20240521,5,7791544,1,3,240000.0,240000.0,30,56,5619,9621,1,17,1,5.0,8,8.0,1
20240521,5,7791547,1,1,1700000.0,1700000.0,48,85,8544,5414,1,55,1,8.0,8,8.0,1
20240521,5,7791547,1,2,1460000.0,1460000.0,48,85,8544,9112,1,54,2,8.0,8,8.0,1
20240521,5,7791551,1,3,1300000.0,1300000.0,35,47,4711,5230,1,38,2,5.0,8,8.0,1
20240521,5,7791555,1,1,1465000.0,1465000.0,48,53,5320,3343,1,37,1,5.0,8,8.0,1
20240521,5,7791555,1,2,1465000.0,1465000.0,48,84,8412,4419,1,37,2,8.0,8,8.0,1
20240521,5,7791555,1,6,1465000.0,1465000.0,48,47,4774,5223,1,61,2,5.0,8,8.0,1
20240521,5,7791556,1,1,1460000.0,1460000.0,48,47,4723,5230,1,35,2,8.0,8,8.0,1
20240521,5,7791557,1,3,1800000.0,1800000.0,47,47,4711,4321,1,41,2,10.0,8,8.0,1
20240521,5,7791559,1,3,1090000.0,1090000.0,36,47,4711,5230,1,30,1,9.0,8,8.0,1
20240521,5,7791560,1,1,1500000.0,1500000.0,48,46,4645,4120,1,51,2,8.0,8,8.0,1
20240521,5,7791561,1,1,1050000.0,250000.0,50,94,9491,5414,1,57,1,5.0,8,8.0,1
20240522,5,7795940,1,1,1450000.0,1450000.0,47,15,1521,4311,1,24,2,10.0,8,8.0,1
20240522,5,7795941,1,3,5000000.0,5000000.0,47,85,8544,2142,1,33,2,10.0,8,8.0,1
20240522,5,7795942,1,1,2600000.0,2600000.0,47,95,9511,7422,1,32,1,10.0,8,8.0,1
20240522,5,7795945,1,1,1400000.0,1400000.0,72,45,4520,7231,1,29,1,4.0,8,8.0,1
20240522,5,7795945,1,2,800000.0,800000.0,32,55,5511,9112,1,28,2,5.0,8,8.0,1
20240522,5,7795947,1,2,2100000.0,2100000.0,60,45,4520,7231,1,24,1,8.0,8,8.0,1
20240522,5,7795949,1,1,2600000.0,2600000.0,48,78,7820,2634,1,26,2,10.0,8,8.0,1
20240522,5,7795949,1,2,4200000.0,4200000.0,48,82,8220,3341,1,29,1,10.0,8,8.0,1
20240522,5,7795953,1,1,2000000.0,2000000.0,50,88,8899,2634,1,40,1,10.0,8,8.0,1
20240522,5,7795955,1,1,1300000.0,1300000.0,48,49,4923,8342,1,52,1,5.0,8,8.0,1
20240522,5,7795956,1,1,600000.0,600000.0,40,47,4781,9520,1,23,1,6.0,8,8.0,1
20240522,5,7795960,1,1,1300000.0,1300000.0,60,45,4520,7231,1,25,1,10.0,8,8.0,1
20240522,5,7795960,1,2,700000.0,700000.0,70,45,4520,9122,1,45,1,3.0,8,8.0,1
20240522,5,7795962,1,1,4000000.0,4000000.0,48,69,6920,2411,1,52,1,10.0,8,8.0,1
20240522,5,7795962,1,3,3000000.0,3000000.0,48,65,6511,2511,1,23,1,10.0,8,8.0,1
20240522,5,7795963,1,1,1350000.0,1350000.0,52,47,4723,5230,1,24,2,6.0,8,8.0,1
20240522,5,7795963,1,2,2000000.0,2000000.0,48,82,8220,4222,1,29,1,10.0,8,8.0,1
20240522,5,7795966,1,1,3000000.0,3000000.0,40,69,6910,2611,1,35,1,10.0,8,8.0,1
20240522,5,7795966,1,2,1800000.0,1800000.0,40,86,8621,3252,1,33,2,9.0,8,8.0,1
20240522,5,7795967,1,2,2600000.0,2600000.0,48,86,8610,1342,1,36,2,11.0,8,8.0,1
20240522,5,7795968,1,1,1808000.0,1508000.0,47,46,4663,8344,1,41,1,9.0,8,8.0,1
20240522,5,7795969,1,1,900000.0,900000.0,50,85,8530,2342,1,41,2,8.0,8,8.0,1
20240522,5,7795969,1,3,900000.0,900000.0,50,85,8530,2342,1,21,2,5.0,8,8.0,1
20240522,5,7795972,1,1,1300000.0,1300000.0,47,92,9200,5414,1,43,1,5.0,8,8.0,1
20240522,5,7795972,1,2,1300000.0,1300000.0,60,65,6523,9412,1,38,2,8.0,8,8.0,1
20240522,5,7795974,1,2,1400000.0,1400000.0,48,85,8544,5414,1,25,1,5.0,8,8.0,1
20240522,5,7795975,1,1,1300000.0,1300000.0,48,46,4645,8323,1,46,1,5.0,8,8.0,1
20240522,5,7795980,1,1,1300000.0,1300000.0,48,42,4210,9313,1,33,1,3.0,8,8.0,1
20240522,5,7795982,1,2,1300000.0,1300000.0,60,47,4719,5223,1,52,2,5.0,8,8.0,1
20240522,5,7795982,1,3,1300000.0,1300000.0,48,47,4724,5242,1,28,2,5.0,8,8.0,1
20240522,5,7795982,1,4,1300000.0,1300000.0,60,46,4663,5223,1,42,2,5.0,8,8.0,1
20240522,5,7795984,1,1,4600000.0,4600000.0,48,94,9499,2141,1,49,1,12.0,8,8.0,1
20240522,5,7795985,1,2,1100000.0,1100000.0,52,47,4741,5223,1,23,2,5.0,8,8.0,1
20240522,5,7795987,1,1,1300000.0,1300000.0,48,49,4921,8331,1,54,1,5.0,8,8.0,1
20240522,5,7795987,1,3,1300000.0,1300000.0,48,47,4711,5230,1,26,2,8.0,8,8.0,1
20240522,5,7795988,1,1,1500000.0,1500000.0,48,33,3312,7543,1,26,1,10.0,8,8.0,1
20240522,5,7795990,1,2,1400000.0,1400000.0,48,32,3250,3214,1,33,2,5.0,8,8.0,1
20240522,5,7795993,1,6,1300000.0,1300000.0,47,55,5530,9112,1,22,2,8.0,8,8.0,1
20240522,5,7795994,1,2,1300000.0,1300000.0,48,41,4111,9313,1,42,1,3.0,8,8.0,1
20240522,5,7795994,1,5,550000.0,550000.0,50,52,5224,9333,1,29,1,3.0,8,8.0,1
20240522,5,7796001,1,2,1500000.0,1500000.0,52,86,8610,5321,1,53,2,8.0,8,8.0,1
20240522,5,7796004,1,1,900000.0,900000.0,48,47,4761,5230,1,26,2,10.0,8,8.0,1
20240522,5,7796006,1,1,600000.0,600000.0,48,41,4111,9313,1,52,1,3.0,8,8.0,1
20240522,5,7796007,1,2,1300000.0,1300000.0,48,47,4719,5230,1,27,2,8.0,8,8.0,1
20240522,5,7796009,1,1,1500000.0,1500000.0,48,56,5619,9412,1,49,2,4.0,8,8.0,1
20240522,5,7796009,1,4,2000000.0,2000000.0,48,68,6820,5414,1,26,1,5.0,8,8.0,1
20240522,5,7796010,1,1,1300000.0,1300000.0,48,10,1081,7512,1,48,1,4.0,8,8.0,1
20240522,5,7796011,1,2,1300000.0,1300000.0,48,61,6110,4110,1,39,2,5.0,8,8.0,1
20240522,5,7796012,1,1,1300000.0,1300000.0,48,25,2511,7221,1,28,1,3.0,8,8.0,1
20240522,5,7796013,1,1,1450000.0,1300000.0,60,56,5611,5131,1,31,2,4.0,8,8.0,1
20240522,5,7796013,1,5,400000.0,400000.0,40,31,3110,7522,1,29,1,4.0,8,8.0,1
20240522,5,7796015,1,1,1300000.0,1300000.0,48,14,1410,7531,1,41,2,5.0,8,8.0,1
20240522,5,7796016,1,3,1300000.0,1300000.0,56,56,5611,5131,1,41,2,5.0,8,8.0,1
20240522,5,7796017,1,2,1300000.0,1300000.0,47,86,8610,3344,1,30,2,8.0,8,8.0,1
20240522,5,7796022,1,3,2000000.0,2000000.0,48,96,9602,1420,1,43,2,5.0,8,8.0,1
20240522,5,7796025,1,1,3000000.0,3000000.0,47,10,1030,7233,1,60,1,8.0,8,8.0,1
20240522,5,7796025,1,4,2800000.0,2800000.0,45,82,8220,4222,1,22,2,10.0,8,8.0,1
20240522,5,7796027,1,1,3000000.0,3000000.0,47,11,1103,8160,1,44,1,10.0,8,8.0,1
20240522,5,7796032,1,2,1700000.0,1700000.0,48,82,8220,4222,1,28,2,8.0,8,8.0,1
20240522,5,7796033,1,2,2600000.0,2600000.0,72,86,8610,2264,1,47,2,10.0,8,8.0,1
20240522,5,7796033,1,3,2600000.0,2600000.0,48,86,8621,3341,1,49,1,10.0,8,8.0,1
20240522,5,7796033,1,6,3900000.0,3900000.0,48,10,1030,2145,1,46,1,10.0,8,8.0,1
20240522,5,7796034,1,2,1500000.0,1500000.0,48,86,8610,5321,1,57,2,8.0,8,8.0,1
20240522,5,7796035,1,2,1300000.0,1300000.0,60,47,4761,1420,1,36,2,8.0,8,8.0,1
20240522,5,7796036,1,7,1500000.0,1500000.0,48,86,8610,5321,1,40,2,8.0,8,8.0,1
20240522,5,7796036,1,9,1400000.0,1400000.0,48,47,4754,5223,1,35,2,8.0,8,8.0,1
20240522,5,7796039,1,1,1500000.0,1500000.0,48,47,4711,5223,1,35,2,5.0,8,8.0,1
20240522,5,7796040,1,2,1800000.0,1800000.0,50,86,8691,1342,1,35,2,8.0,8,8.0,1
20240522,5,7796042,1,2,1300000.0,1300000.0,72,68,6820,9112,1,47,1,9.0,8,8.0,1
20240522,5,7796044,1,1,1300000.0,1300000.0,60,41,4111,7112,1,57,1,5.0,8,8.0,1
20240522,5,7796045,1,3,1500000.0,1500000.0,47,82,8291,2611,1,30,2,10.0,8,8.0,1
20240522,5,7796046,1,1,2000000.0,2000000.0,47,21,2100,8183,1,26,1,5.0,8,8.0,1
20240522,5,7796048,1,1,2600000.0,2600000.0,48,21,2100,3115,1,50,1,8.0,8,8.0,1
20240522,5,7796049,1,1,4200000.0,4200000.0,40,85,8530,2341,1,44,1,10.0,8,8.0,1
20240522,5,7796050,1,1,23500000.0,23500000.0,48,42,4210,3112,1,66,1,10.0,8,8.0,1
20240522,5,7796051,1,1,15000000.0,15000000.0,48,59,5914,3339,1,75,1,5.0,8,8.0,1
20240522,5,7796052,1,1,3000000.0,3000000.0,48,47,4754,1120,1,45,1,10.0,8,8.0,1
20240522,5,7796052,1,2,5000000.0,5000000.0,48,93,9321,1120,1,37,2,10.0,8,8.0,1
20240522,5,7796053,1,1,4500000.0,4500000.0,40,82,8220,2634,1,26,2,10.0,8,8.0,1
20240522,5,7796054,1,1,1500000.0,1500000.0,40,59,5914,3343,1,49,2,10.0,8,8.0,1
20240522,5,7796055,1,1,5000000.0,5000000.0,44,65,6512,1221,1,35,2,10.0,8,8.0,1
20240522,5,7796055,1,2,10000000.0,10000000.0,40,21,2100,1321,1,38,1,12.0,8,8.0,1
20240522,5,7796060,1,2,1200000.0,1200000.0,60,96,9602,5142,1,31,2,5.0,8,8.0,1
20240522,5,7796062,1,1,1300000.0,1300000.0,48,41,4111,7233,1,42,1,5.0,8,8.0,1
20240522,5,7796063,1,1,1460000.0,1460000.0,48,68,6820,5414,1,57,1,5.0,8,8.0,1
20240522,5,7796064,1,1,1740000.0,1600000.0,72,10,1081,7512,1,40,1,4.0,8,8.0,1
20240522,5,7796067,1,1,1500000.0,1500000.0,48,82,8220,4222,1,22,1,6.0,8,8.0,1
20240522,5,7796068,1,2,1300000.0,1300000.0,48,47,4741,4311,1,28,1,11.0,8,8.0,1
20240522,5,7796068,1,5,1300000.0,1300000.0,48,69,6920,4311,1,25,2,10.0,8,8.0,1
20240522,5,7796069,1,1,1300000.0,1300000.0,48,45,4530,5223,1,30,1,5.0,8,8.0,1
20240522,5,7796071,1,2,1600000.0,1600000.0,48,86,8610,3341,1,29,2,8.0,8,8.0,1
20240522,5,7796074,1,1,1400000.0,1400000.0,60,41,4112,7112,1,58,1,3.0,8,8.0,1
20240522,5,7796075,1,1,650000.0,650000.0,47,43,4322,7127,1,48,1,4.0,8,8.0,1
20240522,5,7796076,1,1,600000.0,600000.0,35,14,1410,8153,1,26,1,9.0,8,8.0,1
20240522,5,7796076,1,2,1300000.0,1300000.0,47,47,4773,3213,1,24,2,5.0,8,8.0,1
20240623,6,7800278,1,1,5000000.0,2500000.0,48,68,6820,3341,1,64,1,10.0,8,8.0,1
20240623,6,7800280,1,1,900000.0,900000.0,30,56,5611,5131,1,35,2,10.0,8,8.0,1
20240623,6,7800280,1,3,600000.0,600000.0,50,41,4111,7212,1,75,1,5.0,8,8.0,1
20240623,6,7800282,1,1,1800000.0,1800000.0,47,42,4210,2635,1,55,2,10.0,8,8.0,1
20240623,6,7800284,1,1,800000.0,800000.0,50,43,4330,9329,1,41,1,5.0,8,8.0,1
20240623,6,7800290,1,1,4000000.0,4000000.0,48,69,6920,2411,1,44,2,10.0,8,8.0,1
20240623,6,7800291,1,3,3000000.0,3000000.0,48,62,6202,2512,1,33,1,10.0,8,8.0,1
20240623,6,7800292,1,3,1800000.0,1800000.0,48,61,6110,4222,1,20,2,8.0,8,8.0,1
20240623,6,7800293,1,2,4900000.0,3900000.0,48,42,4290,3341,1,32,1,11.0,8,8.0,1
20240623,6,7800294,1,2,1300000.0,1300000.0,75,47,4729,5230,1,51,2,5.0,8,8.0,1
20240623,6,7800294,1,3,1300000.0,1300000.0,75,47,4729,5223,1,29,1,9.0,8,8.0,1
20240623,6,7800295,1,3,3000000.0,3000000.0,60,86,8610,2211,1,38,1,10.0,8,8.0,1
20240623,6,7800296,1,3,2300000.0,2300000.0,47,25,2511,4321,1,24,2,10.0,8,8.0,1
20240623,6,7800296,1,4,5000000.0,5000000.0,47,25,2511,1321,1,28,1,10.0,8,8.0,1
20240623,6,7800298,1,3,1000000.0,1000000.0,48,56,5619,9621,1,27,1,5.0,8,8.0,1
20240623,6,7800303,1,1,5000000.0,5000000.0,40,84,8430,2131,1,38,2,10.0,8,8.0,1
20240623,6,7800307,1,1,5000000.0,5000000.0,48,47,4711,3341,1,34,1,10.0,8,8.0,1
20240623,6,7800308,1,3,1300000.0,1300000.0,35,86,8622,3344,1,43,2,8.0,8,8.0,1
20240623,6,7800309,1,1,5200000.0,5200000.0,48,5,510,4132,1,45,1,10.0,8,8.0,1
20240623,6,7800311,1,2,1000000.0,1000000.0,40,85,8512,2342,1,42,2,8.0,8,8.0,1
20240623,6,7800312,1,3,1460000.0,1460000.0,48,85,8530,9112,1,62,2,5.0,8,8.0,1
20240623,6,7800315,1,2,1400000.0,1400000.0,48,86,8621,4226,1,33,2,8.0,8,8.0,1
20240623,6,7800316,1,2,2000000.0,2000000.0,47,46,4652,2411,1,51,2,10.0,8,8.0,1
20240623,6,7800317,1,6,2500000.0,2500000.0,48,60,6020,2654,1,28,1,10.0,8,8.0,1
20240623,6,7800318,1,2,3000000.0,3000000.0,60,41,4111,2142,1,28,1,10.0,8,8.0,1
20240623,6,7800319,1,4,2600000.0,2600000.0,48,85,8530,4110,1,67,2,8.0,8,8.0,1
20240623,6,7800323,1,1,3900000.0,3900000.0,48,21,2100,3257,1,34,1,10.0,8,8.0,1
20240623,6,7800325,1,2,1460000.0,1460000.0,40,85,8530,2341,1,48,2,10.0,8,8.0,1
20240623,6,7800331,1,1,3000000.0,3000000.0,48,65,6511,3341,1,36,1,8.0,8,8.0,1
20240623,6,7800334,1,1,1500000.0,1500000.0,48,41,4111,9313,1,35,1,5.0,8,8.0,1
20240623,6,7800335,1,1,1300000.0,1300000.0,48,49,4923,8332,1,51,1,9.0,8,8.0,1
20240623,6,7800336,1,2,1300000.0,1300000.0,48,81,8130,6113,1,49,1,5.0,8,8.0,1
20240623,6,7800338,1,2,320000.0,320000.0,20,41,4111,9313,1,20,1,4.0,8,8.0,1
20240623,6,7800340,1,3,700000.0,700000.0,24,56,5630,5414,1,31,1,5.0,8,8.0,1
20240623,6,7800341,1,5,800000.0,800000.0,48,10,1081,9321,1,18,2,5.0,8,8.0,1
20240623,6,7800341,1,6,1300000.0,1300000.0,47,41,4111,4321,1,22,1,8.0,8,8.0,1
20240623,6,7800342,1,3,1470000.0,1470000.0,48,52,5229,9333,1,47,1,5.0,8,8.0,1
20240623,6,7800348,1,7,3600000.0,3600000.0,48,64,6412,2512,1,33,1,10.0,8,8.0,1
20240623,6,7800350,1,1,1700000.0,1700000.0,48,21,2100,8183,1,37,1,4.0,8,8.0,1
20240623,6,7800352,1,3,1300000.0,1300000.0,40,88,8891,5311,1,45,2,8.0,8,8.0,1
20240623,6,7800355,1,3,1300000.0,1300000.0,47,49,4921,8331,1,44,1,5.0,8,8.0,1
20240623,6,7800355,1,5,750000.0,750000.0,48,41,4111,7112,1,35,1,4.0,8,8.0,1
20240623,6,7800355,2,3,800000.0,800000.0,30,41,4111,7112,1,19,1,5.0,8,8.0,1
20240623,6,7800356,1,1,1400000.0,1400000.0,60,52,5229,3341,1,49,1,5.0,8,8.0,1
20240623,6,7800356,1,3,1300000.0,1300000.0,48,52,5229,4110,1,26,2,5.0,8,8.0,1
20240623,6,7800357,1,1,1450000.0,1300000.0,48,85,8530,9112,1,45,2,5.0,8,8.0,1
20240623,6,7800357,1,6,1300000.0,1300000.0,48,38,3811,9613,1,25,2,8.0,8,8.0,1
20240623,6,7800359,1,3,1460000.0,1460000.0,48,25,2511,4321,1,24,1,8.0,8,8.0,1
20240623,6,7800363,1,2,1600000.0,1600000.0,48,46,4649,3322,1,20,2,8.0,8,8.0,1
20240623,6,7800364,1,1,1600000.0,1600000.0,60,41,4111,7111,1,43,1,5.0,8,8.0,1
20240623,6,7800365,1,1,1300000.0,1300000.0,40,14,1410,7531,1,56,1,5.0,8,8.0,1
20240623,6,7800365,1,7,1300000.0,1300000.0,48,49,4921,8331,1,24,1,5.0,8,8.0,1
20240623,6,7800367,1,1,1500000.0,1500000.0,60,56,5611,9621,1,39,1,5.0,8,8.0,1
20240623,6,7800368,1,3,1460000.0,1460000.0,48,42,4290,7212,1,25,1,5.0,8,8.0,1
20240623,6,7800371,1,2,1300000.0,1300000.0,47,35,3513,3113,1,45,1,8.0,8,8.0,1
20240623,6,7800372,1,1,1300000.0,1300000.0,48,68,6820,5414,1,36,1,5.0,8,8.0,1
20240623,6,7800372,1,2,1170000.0,1170000.0,36,47,4711,5230,1,37,2,5.0,8,8.0,1
20240623,6,7800373,1,2,1500000.0,1500000.0,52,10,1081,7512,1,66,1,3.0,8,8.0,1
20240623,6,7800373,1,5,1300000.0,1300000.0,48,56,5611,9412,1,18,1,5.0,8,8.0,1
20240623,6,7800377,1,2,1300000.0,1300000.0,47,86,8621,3253,1,30,2,6.0,8,8.0,1
20240623,6,7800381,1,2,1300000.0,1300000.0,50,96,9609,5142,1,25,2,8.0,8,8.0,1
20240623,6,7800383,1,3,1400000.0,1400000.0,60,46,4631,8323,1,24,1,5.0,8,8.0,1
20240623,6,7800385,1,2,1300000.0,1300000.0,47,47,4774,5223,1,47,2,9.0,8,8.0,1
20240623,6,7800386,1,2,1300000.0,1300000.0,56,47,4773,3213,1,42,2,8.0,8,8.0,1
20240623,6,7800386,1,3,2600000.0,2600000.0,48,62,6202,3513,1,23,2,8.0,8,8.0,1
20240623,6,7800394,1,2,2000000.0,2000000.0,48,43,4322,3113,1,48,1,8.0,8,8.0,1
20240623,6,7800397,1,1,2000000.0,2000000.0,48,46,4644,3341,1,42,1,9.0,8,8.0,1
20240623,6,7800397,1,2,2200000.0,2200000.0,30,46,4664,4222,1,26,2,10.0,8,8.0,1
20240623,6,7800398,1,3,1200000.0,1200000.0,60,96,9609,5142,1,23,2,8.0,8,8.0,1
20240623,6,7800399,1,1,2100000.0,1300000.0,48,41,4111,3432,1,25,1,5.0,8,8.0,1
20240623,6,7800403,1,1,1420000.0,1300000.0,48,10,1012,8183,1,31,2,8.0,8,8.0,1
20240623,6,7800403,1,2,1400000.0,1300000.0,48,10,1012,8160,1,29,1,5.0,8,8.0,1
20240623,6,7800404,1,1,1800000.0,1800000.0,60,47,4791,4222,1,35,2,10.0,8,8.0,1
20240623,6,7800405,1,1,1000000.0,1000000.0,30,86,8621,5329,1,36,2,8.0,8,8.0,1
20240623,6,7800405,1,2,1460000.0,1460000.0,48,36,3600,8332,1,38,1,5.0,8,8.0,1
20240623,6,7800406,1,3,500000.0,500000.0,20,85,8530,2342,1,43,2,10.0,8,8.0,1
20240623,6,7800406,1,5,1500000.0,1500000.0,36,86,8621,5321,1,20,2,5.0,8,8.0,1
20240623,6,7800408,1,1,2500000.0,2500000.0,48,47,4752,5223,1,36,2,9.0,8,8.0,1
20240623,6,7800408,1,2,1800000.0,1800000.0,48,45,4530,5223,1,39,1,5.0,8,8.0,1
20240623,6,7800409,1,1,3850000.0,3850000.0,48,85,8544,2634,1,35,2,10.0,8,8.0,1
20240623,6,7800410,1,1,1460000.0,1300000.0,48,28,2812,7223,1,39,1,8.0,8,8.0,1
20240623,6,7800411,1,1,1300000.0,1300000.0,50,47,4771,5230,1,30,2,5.0,8,8.0,1
20240623,6,7800412,1,3,1600000.0,1600000.0,48,56,5619,1412,1,24,1,5.0,8,8.0,1
20240623,6,7800413,1,1,1300000.0,1300000.0,48,23,2310,8181,1,35,1,5.0,8,8.0,1
20240623,6,7800417,1,1,800000.0,800000.0,40,14,1410,3341,1,60,2,5.0,8,8.0,1
20240623,6,7800417,1,3,1460000.0,1460000.0,48,47,4754,5223,1,24,2,5.0,8,8.0,1
20240623,6,7800418,1,2,1470000.0,1470000.0,48,82,8220,4132,1,27,2,8.0,8,8.0,1
20240623,6,7800419,1,1,1600000.0,1600000.0,60,60,6020,2431,1,48,2,10.0,8,8.0,1
20240623,6,7800419,1,3,2600000.0,2600000.0,48,64,6412,3312,1,30,1,10.0,8,8.0,1
20240623,6,7800421,1,1,1600000.0,1600000.0,48,61,6120,3322,1,35,2,8.0,8,8.0,1
20240623,6,7800423,1,2,1300000.0,1300000.0,48,60,6010,4226,1,41,2,5.0,8,8.0,1
20240623,6,7800425,1,1,2000000.0,2000000.0,40,10,1090,3257,1,29,1,10.0,8,8.0,1
20240623,6,7800428,1,2,1000000.0,1000000.0,56,47,4769,5223,1,47,2,5.0,8,8.0,1
20240623,6,7800430,1,1,1420000.0,1300000.0,48,46,4631,5242,1,35,2,5.0,8,8.0,1
20240623,6,7800433,1,1,1300000.0,1300000.0,48,78,7810,3322,1,44,2,5.0,8,8.0,1
20240623,6,7800435,1,2,2200000.0,2200000.0,40,85,8530,2330,1,42,2,10.0,8,8.0,1
20240623,6,7800437,1,1,1665000.0,1465000.0,70,56,5611,9412,1,48,2,5.0,8,8.0,1
20240623,6,7800440,1,2,1300000.0,1300000.0,48,46,4665,3341,1,46,1,5.0,8,8.0,1
20240623,6,7800442,1,2,1300000.0,1300000.0,48,47,4723,7511,1,42,1,10.0,8,8.0,1
20240623,6,7800444,1,1,1500000.0,1500000.0,48,52,5229,3341,1,54,1,10.0,8,8.0,1
20240623,6,7800445,1,1,3500000.0,3500000.0,48,61,6120,2153,1,35,1,11.0,8,8.0,1
20240623,6,7800445,1,2,3000000.0,3000000.0,47,49,4923,2411,1,28,2,8.0,8,8.0,1
20240623,6,7800446,1,1,2200000.0,2200000.0,48,10,1089,3122,1,42,1,10.0,8,8.0,1
20240623,6,7800448,1,3,1500000.0,1500000.0,47,23,2310,8181,1,23,1,8.0,8,8.0,1
20240623,6,7800448,1,5,1500000.0,1500000.0,48,68,6820,5414,1,31,1,5.0,8,8.0,1
20240623,6,7800452,1,1,900000.0,900000.0,48,14,1410,8153,1,44,2,5.0,8,8.0,1
20240623,6,7800452,1,3,1500000.0,1500000.0,48,52,5224,9333,1,28,1,5.0,8,8.0,1
20240623,6,7800453,1,1,960000.0,960000.0,48,77,7729,9112,1,44,2,5.0,8,8.0,1
20240623,6,7800455,1,1,1300000.0,1300000.0,48,41,4112,7112,1,41,1,5.0,8,8.0,1
20240623,6,7800455,1,3,1400000.0,1400000.0,48,23,2310,8181,1,22,1,5.0,8,8.0,1
20240623,6,7800455,1,4,1300000.0,1300000.0,60,86,8621,5321,1,22,2,8.0,8,8.0,1
20240623,6,7800456,1,1,1800000.0,1800000.0,60,49,4921,8331,1,49,1,3.0,8,8.0,1
20240623,6,7800457,1,1,1500000.0,1500000.0,48,31,3110,7522,1,51,1,5.0,8,8.0,1
20240623,6,7800457,1,2,1200000.0,1200000.0,48,14,1410,7531,1,51,2,5.0,8,8.0,1
20240623,6,7800457,1,3,1300000.0,1300000.0,60,45,4542,7231,1,23,1,5.0,8,8.0,1
20240623,6,7800457,1,4,1000000.0,1000000.0,48,61,6110,3322,1,20,2,5.0,8,8.0,1
20240623,6,7800463,1,1,1300000.0,1300000.0,47,46,4631,4415,1,27,2,10.0,8,8.0,1
20240623,6,7800465,1,1,500000.0,500000.0,18,56,5619,5246,1,19,2,8.0,8,8.0,1
20240623,6,7800466,1,1,2800000.0,2800000.0,36,85,8530,2330,1,60,1,10.0,8,8.0,1
20240623,6,7800466,1,2,3800000.0,3800000.0,40,85,8530,2330,1,49,2,10.0,8,8.0,1
20240623,6,7800468,1,2,1300000.0,1300000.0,44,45,4511,3322,1,33,2,6.0,8,8.0,1
20240623,6,7800469,1,1,2600000.0,2600000.0,48,25,2511,3122,1,62,1,8.0,8,8.0,1
20240623,6,7800469,1,3,1300000.0,1300000.0,44,86,8621,2166,1,25,1,8.0,8,8.0,1
20240623,6,7800470,1,1,1800000.0,1800000.0,40,32,3250,3122,1,46,2,8.0,8,8.0,1
20240623,6,7800470,1,2,1500000.0,1500000.0,48,36,3600,3132,1,44,1,5.0,8,8.0,1
20240623,6,7800473,1,1,3000000.0,3000000.0,48,47,4752,4321,1,41,1,10.0,8,8.0,1
20240623,6,7800473,1,2,2800000.0,2800000.0,48,47,4773,3213,1,41,2,10.0,8,8.0,1
20240623,6,7800474,1,1,1700000.0,1700000.0,48,45,4520,7132,1,52,1,8.0,8,8.0,1
20240623,6,7800474,1,4,1700000.0,1700000.0,48,42,4210,3315,1,30,2,10.0,8,8.0,1
20240623,6,7800478,1,1,1300000.0,1300000.0,60,47,4773,9621,1,22,1,5.0,8,8.0,1
20240624,6,7804847,1,2,1100000.0,1100000.0,52,31,3110,7522,1,38,1,3.0,8,8.0,1
20240624,6,7804848,1,1,934000.0,934000.0,52,33,3320,3115,1,44,1,10.0,8,8.0,1
20240624,6,7805956,1,1,35000000.0,35000000.0,75,53,5320,1120,1,34,1,12.0,8,8.0,1
20240624,6,7805956,1,2,12000000.0,12000000.0,55,46,4631,1120,1,31,2,12.0,8,8.0,1
20240624,6,7805959,1,2,6000000.0,6000000.0,48,46,4645,5223,1,43,2,10.0,8,8.0,1
20240624,6,7805960,1,1,1800000.0,1800000.0,48,47,4771,5230,1,30,2,5.0,8,8.0,1
20240624,6,7805960,1,2,5000000.0,5000000.0,48,47,4711,1420,1,45,1,10.0,8,8.0,1
20240624,6,7805961,1,1,10000000.0,10000000.0,48,47,4754,1321,1,59,1,10.0,8,8.0,1
20240624,6,7805962,1,2,800000.0,800000.0,42,95,9512,7422,1,28,1,9.0,8,8.0,1
20240624,6,7805962,1,4,1300000.0,1300000.0,42,10,1089,9112,1,23,1,5.0,8,8.0,1
20240624,6,7805965,1,1,1140000.0,900000.0,84,56,5619,9411,1,47,1,5.0,8,8.0,1
20240624,6,7805965,1,2,1540000.0,1300000.0,84,56,5619,5131,1,50,2,5.0,8,8.0,1
20240624,6,7805967,1,1,1300000.0,1300000.0,60,47,4771,5223,1,29,1,5.0,8,8.0,1
20240624,6,7805967,1,2,1300000.0,1300000.0,60,47,4771,5223,1,28,2,5.0,8,8.0,1
20240624,6,7809688,1,1,20000000.0,20000000.0,50,43,4330,1120,1,61,1,10.0,8,8.0,1
20240624,6,7809688,1,2,2000000.0,1300000.0,58,78,7820,9111,1,30,2,5.0,8,8.0,1
20240624,6,7809690,1,1,5000000.0,5000000.0,45,47,4755,1420,1,54,1,10.0,8,8.0,1
20240624,6,7809690,1,2,5000000.0,5000000.0,45,47,4755,2411,1,69,2,10.0,8,8.0,1
20240624,6,7809692,1,1,,,48,82,8220,1219,1,41,1,12.0,8,8.0,1
20240624,6,7809692,1,2,,,60,49,4923,1324,1,38,2,10.0,8,8.0,1
20240624,6,7809693,1,4,1300000.0,1300000.0,24,42,4210,3341,1,52,2,10.0,8,8.0,1
20240624,6,7809695,1,3,1500000.0,1500000.0,48,33,3315,3115,1,23,1,8.0,8,8.0,1
20240624,6,7809698,1,4,2600000.0,2600000.0,42,69,6920,4311,1,34,2,10.0,8,8.0,1
20240624,6,7809699,1,2,6000000.0,6000000.0,60,23,2310,1321,1,37,1,11.0,8,8.0,1
20240624,6,7809701,1,3,1300000.0,1300000.0,50,68,6820,9112,1,75,1,5.0,8,8.0,1
20240624,6,7809702,1,1,1600000.0,1600000.0,60,41,4111,7411,1,63,1,5.0,8,8.0,1
20240624,6,7809704,1,2,1900000.0,1900000.0,48,72,7210,2143,1,29,2,11.0,8,8.0,1
20240624,6,7809704,1,3,1600000.0,1600000.0,48,85,8544,4110,1,24,2,10.0,8,8.0,1
20240624,6,7809705,1,3,2600000.0,2600000.0,48,86,8610,2142,1,26,2,10.0,8,8.0,1
20240624,6,7809715,1,2,1200000.0,1200000.0,60,96,9602,1420,1,34,2,8.0,8,8.0,1
20240624,6,7809720,1,1,10000000.0,10000000.0,47,13,1311,1211,1,45,1,10.0,8,8.0,1
20240624,6,7809720,1,2,8000000.0,8000000.0,47,47,4774,1420,1,45,1,10.0,8,8.0,1
20240624,6,7809722,1,3,1300000.0,1300000.0,48,46,4643,4321,1,20,1,8.0,8,8.0,1
20240624,6,7809723,1,1,720000.0,720000.0,50,56,5611,5120,1,48,2,5.0,8,8.0,1
20240624,6,7809727,1,2,1300000.0,1300000.0,40,14,1410,7531,1,64,2,3.0,8,8.0,1
20240624,6,7809727,1,3,1200000.0,1200000.0,50,14,1410,8153,1,39,2,5.0,8,8.0,1
20240624,6,7809730,1,1,1460000.0,1460000.0,48,86,8610,9112,1,42,1,5.0,8,8.0,1
20240624,6,7809730,1,2,200000.0,200000.0,25,85,8512,9112,1,39,2,5.0,8,8.0,1
20240624,6,7809735,1,1,1290000.0,1050000.0,52,56,5611,5120,1,54,2,5.0,8,8.0,1
20240624,6,7809736,1,2,1300000.0,1300000.0,48,73,7310,3118,1,29,1,5.0,8,8.0,1
20240624,6,7809737,1,1,800000.0,800000.0,48,49,4923,9333,1,41,1,3.0,8,8.0,1
20240624,6,7809737,1,3,1100000.0,1100000.0,25,85,8512,2342,1,29,2,5.0,8,8.0,1
20240624,6,7809738,1,7,1300000.0,1300000.0,48,10,1012,5120,1,22,2,5.0,8,8.0,1
20240624,6,7809739,1,1,2200000.0,2200000.0,48,35,3511,7413,1,55,1,8.0,8,8.0,1
20240624,6,7809739,1,4,1300000.0,1300000.0,48,47,4771,5223,1,22,2,5.0,8,8.0,1
20240624,6,7809739,1,5,1650000.0,1650000.0,48,35,3511,7411,1,26,1,5.0,8,8.0,1
20240624,6,7809740,1,4,1400000.0,1400000.0,40,43,4330,9313,1,23,1,5.0,8,8.0,1
20240624,6,7809740,1,5,350000.0,350000.0,25,47,4721,5221,1,23,2,5.0,8,8.0,1
20240624,6,7809741,1,2,1300000.0,1300000.0,72,47,4771,5223,1,45,2,3.0,8,8.0,1
20240624,6,7809742,1,1,1300000.0,1300000.0,48,47,4773,9321,1,51,1,3.0,8,8.0,1
20240624,6,7809742,1,2,1450000.0,1300000.0,48,78,7820,9111,1,55,2,3.0,8,8.0,1
20240624,6,7809743,1,1,1600000.0,1600000.0,60,14,1410,8153,1,42,2,4.0,8,8.0,1
20240624,6,7809744,1,1,1300000.0,1300000.0,48,47,4751,5223,1,25,1,5.0,8,8.0,1
20240624,6,7809745,1,2,680000.0,500000.0,22,56,5611,5131,1,16,1,4.0,8,8.0,1
20240624,6,7809746,1,2,2600000.0,2600000.0,48,46,4659,3341,1,27,2,11.0,8,8.0,1
20240624,6,7809747,1,1,1600000.0,1600000.0,50,82,8291,4110,1,50,2,5.0,8,8.0,1
20240624,6,7809747,1,2,1300000.0,1300000.0,50,10,1062,5242,1,20,2,9.0,8,8.0,1
20240624,6,7809747,1,3,1100000.0,1100000.0,70,47,4759,4321,1,21,1,5.0,8,8.0,1
20240624,6,7809749,1,1,1300000.0,1300000.0,48,46,4663,5223,1,31,1,8.0,8,8.0,1
20240624,6,7809750,1,1,1300000.0,1300000.0,70,46,4649,5414,1,24,1,5.0,8,8.0,1
20240624,6,7809751,1,1,1300000.0,1300000.0,48,49,4923,8332,1,50,1,4.0,8,8.0,1
20240624,6,7809751,1,3,200000.0,200000.0,30,43,4321,3114,1,27,1,8.0,8,8.0,1
20240624,6,7809753,1,1,850000.0,850000.0,50,45,4530,7231,1,59,1,4.0,8,8.0,1
20240624,6,7809759,1,3,600000.0,600000.0,40,56,5611,9412,1,48,2,8.0,8,8.0,1
20240624,6,7809762,1,1,2500000.0,2500000.0,48,49,4923,8332,1,47,1,5.0,8,8.0,1
20240624,6,7809763,1,1,1500000.0,1500000.0,48,25,2591,7223,1,29,1,5.0,8,8.0,1
20240624,6,7809769,1,1,900000.0,900000.0,48,45,4520,7231,1,45,1,10.0,8,8.0,1
20240624,6,7809769,1,3,700000.0,700000.0,48,45,4520,7231,1,19,1,5.0,8,8.0,1
20240624,6,7809773,1,2,480000.0,480000.0,40,49,4923,9333,1,25,1,8.0,8,8.0,1
20240624,6,7809776,1,1,1700000.0,1700000.0,60,84,8423,5411,1,46,1,10.0,8,8.0,1
20240624,6,7809776,1,2,1400000.0,1400000.0,42,69,6910,4229,1,39,2,5.0,8,8.0,1
20240624,6,7809777,1,3,1500000.0,1500000.0,60,15,1511,8155,1,42,1,8.0,8,8.0,1
20240624,6,7809779,1,1,1300000.0,1300000.0,48,47,4773,5223,1,52,2,8.0,8,8.0,1
20240624,6,7809779,1,2,1700000.0,1700000.0,47,10,1051,4321,1,29,1,8.0,8,8.0,1
20240624,6,7809779,1,3,960000.0,960000.0,47,32,3250,5223,1,24,1,10.0,8,8.0,1
20240624,6,7809780,1,1,600000.0,600000.0,48,47,4711,9621,1,33,1,5.0,8,8.0,1
20240624,6,7809781,1,1,870000.0,720000.0,60,56,5611,5131,1,40,2,10.0,8,8.0,1
20240624,6,7809783,1,2,600000.0,300000.0,20,47,4752,5223,1,50,2,5.0,8,8.0,1
20240624,6,7809784,1,1,1300000.0,1300000.0,48,10,1082,9112,1,31,1,5.0,8,8.0,1
20240624,6,7809786,1,1,4500000.0,4500000.0,40,85,8544,2310,1,42,1,10.0,8,8.0,1
20240624,6,7809787,1,1,2000000.0,2000000.0,48,41,4111,9313,1,48,1,3.0,8,8.0,1
20240624,6,7809787,1,3,1300000.0,1300000.0,48,43,4322,7126,1,22,1,5.0,8,8.0,1
20240624,6,7809791,1,1,2600000.0,2600000.0,48,64,6412,1211,1,26,1,10.0,8,8.0,1
20240624,6,7809792,1,2,1000000.0,1000000.0,48,47,4752,5223,1,62,2,5.0,8,8.0,1
20240624,6,7809792,1,3,900000.0,900000.0,48,49,4921,8323,1,50,1,5.0,8,8.0,1
20240624,6,7809793,1,1,900000.0,900000.0,40,93,9311,3423,1,27,1,10.0,8,8.0,1
20240624,6,7809794,1,1,2600000.0,2600000.0,47,96,9603,1120,1,35,2,10.0,8,8.0,1
20240624,6,7809795,1,1,2500000.0,2500000.0,47,42,4210,4321,1,27,1,10.0,8,8.0,1
20240624,6,7809797,1,2,1465000.0,1465000.0,47,1,126,4311,1,35,2,10.0,8,8.0,1
20240624,6,7809798,1,1,1300000.0,1300000.0,48,33,3311,9333,1,34,1,5.0,8,8.0,1
20240624,6,7809800,1,1,1300000.0,1300000.0,48,68,6820,5414,1,44,1,5.0,8,8.0,1
20240624,6,7809801,1,1,1300000.0,1300000.0,48,47,4711,5223,1,38,1,5.0,8,8.0,1
20240624,6,7809801,1,4,2600000.0,1600000.0,48,47,4723,7511,1,27,1,4.0,8,8.0,1
20240624,6,7809804,1,1,1300000.0,1300000.0,48,46,4631,8160,1,42,1,5.0,8,8.0,1
20240624,6,7809805,1,1,1300000.0,1300000.0,60,56,5611,5131,1,41,2,5.0,8,8.0,1
20240624,6,7809805,1,2,1000000.0,1000000.0,60,96,9602,5141,1,23,2,10.0,8,8.0,1
20240624,6,7809806,1,1,1300000.0,1300000.0,48,78,7810,3343,1,21,2,5.0,8,8.0,1
20240624,6,7809807,1,1,2600000.0,2600000.0,48,80,8010,2411,1,28,2,10.0,8,8.0,1
20240624,6,7809810,1,1,1500000.0,1500000.0,70,68,6820,5414,1,32,1,8.0,8,8.0,1
20240624,6,7809811,1,1,600000.0,600000.0,50,55,5511,9112,1,48,2,4.0,8,8.0,1
20240624,6,7809811,1,2,300000.0,300000.0,40,41,4111,7112,1,40,1,5.0,8,8.0,1
20240624,6,7809815,1,1,1300000.0,1300000.0,47,49,4923,8332,1,44,1,5.0,8,8.0,1
20240624,6,7809816,1,1,2600000.0,2600000.0,47,43,4329,2151,1,40,1,10.0,8,8.0,1
20240624,6,7809816,1,2,1800000.0,1800000.0,47,80,8010,3341,1,36,2,10.0,8,8.0,1
20240624,6,7809818,1,2,1300000.0,1300000.0,47,86,8610,9112,1,38,2,5.0,8,8.0,1
20240624,6,7809820,1,1,1500000.0,1500000.0,50,43,4321,7411,1,38,1,5.0,8,8.0,1
20240624,6,7809822,1,2,1600000.0,1600000.0,48,78,7820,2634,1,25,2,10.0,8,8.0,1
20240624,6,7809822,1,3,1460000.0,1460000.0,60,46,4651,3512,1,30,2,8.0,8,8.0,1
20240624,6,7809824,1,2,560000.0,400000.0,40,56,5611,5131,1,43,2,4.0,8,8.0,1
20240624,6,7809828,1,4,600000.0,600000.0,54,52,5221,5414,1,26,1,5.0,8,8.0,1
20240624,6,7809834,1,3,1300000.0,1300000.0,48,64,6499,3341,1,25,1,10.0,8,8.0,1
20240624,6,7809834,1,4,1300000.0,1300000.0,48,47,4773,3213,1,23,2,6.0,8,8.0,1
20240624,6,7809835,1,3,1400000.0,1400000.0,50,49,4923,8332,1,25,1,5.0,8,8.0,1
20240624,6,7809835,1,4,1200000.0,1200000.0,50,46,4643,5223,1,24,2,8.0,8,8.0,1
20240624,6,7809836,1,3,1400000.0,1400000.0,48,47,4772,5223,1,35,2,5.0,8,8.0,1
20240624,6,7809836,1,4,1550000.0,1550000.0,48,68,6820,5414,1,61,1,5.0,8,8.0,1
20240624,6,7809838,1,3,1300000.0,1300000.0,40,61,6110,7411,1,24,1,9.0,8,8.0,1
20240624,6,7809839,1,1,1320000.0,1320000.0,48,47,4719,8332,1,45,1,4.0,8,8.0,1
20240624,6,7809845,1,1,1300000.0,1300000.0,40,53,5320,4321,1,32,1,8.0,8,8.0,1
20240624,6,7809846,1,2,2500000.0,2500000.0,48,47,4754,5223,1,54,1,5.0,8,8.0,1
20240624,6,7809846,1,3,1800000.0,1800000.0,48,62,6201,2166,1,28,1,8.0,8,8.0,1
20240624,6,7809847,1,4,1200000.0,1200000.0,52,47,4742,4321,1,53,1,5.0,8,8.0,1
20240624,6,7809847,1,6,500000.0,500000.0,22,85,8512,5311,1,19,2,5.0,8,8.0,1
20240624,6,7809848,1,1,1300000.0,1300000.0,48,47,4711,5230,1,29,2,10.0,8,8.0,1
20240624,6,7809848,1,5,1300000.0,1300000.0,48,56,5611,5230,1,28,2,5.0,8,8.0,1
20240624,6,7809849,1,4,1300000.0,1300000.0,40,93,9319,3423,1,25,2,5.0,8,8.0,1
20240624,6,7809850,1,3,2800000.0,2800000.0,44,65,6523,2411,1,35,2,10.0,8,8.0,1
20240624,6,7809851,1,1,1300000.0,1300000.0,40,86,8610,4226,1,24,2,9.0,8,8.0,1
20240624,6,7809852,1,1,1300000.0,1300000.0,40,64,6412,3322,1,30,1,8.0,8,8.0,1
20240624,6,7809854,1,1,1470000.0,1470000.0,48,68,6820,9112,1,27,2,5.0,8,8.0,1
20240624,6,7809854,1,2,1460000.0,1460000.0,48,55,5511,7119,1,33,1,5.0,8,8.0,1
20240624,6,7809857,1,1,1500000.0,1500000.0,47,47,4772,5223,1,28,1,9.0,8,8.0,1
20240625,6,7809859,1,1,10000000.0,10000000.0,48,93,9312,3341,1,51,1,10.0,8,8.0,1
20240625,6,7809860,1,3,3500000.0,3500000.0,48,47,4771,2166,1,25,2,10.0,8,8.0,1
20240625,6,7809861,1,2,2000000.0,2000000.0,47,56,5619,1120,1,30,2,10.0,8,8.0,1
20240625,6,7809862,1,1,1900000.0,1900000.0,40,14,1410,4311,1,34,2,10.0,8,8.0,1
20240625,6,7809864,1,1,800000.0,800000.0,40,47,4754,5230,1,26,1,8.0,8,8.0,1
20240625,6,7809865,1,1,1465000.0,1465000.0,48,47,4773,5223,1,38,2,9.0,8,8.0,1
20240625,6,7809868,1,3,1800000.0,1800000.0,48,42,4210,7112,1,42,1,5.0,8,8.0,1
20240625,6,7809868,1,6,1465000.0,1465000.0,48,10,1020,4110,1,39,2,8.0,8,8.0,1
20240625,6,7809868,1,9,1300000.0,1300000.0,48,88,8899,5311,1,30,2,8.0,8,8.0,1
20240625,6,7809872,1,2,1465000.0,1465000.0,47,20,2023,8131,1,38,1,5.0,8,8.0,1
20240625,6,7816113,1,2,8000000.0,8000000.0,60,42,4290,1223,1,38,1,10.0,8,8.0,1
20240625,6,7816117,1,2,3000000.0,3000000.0,48,41,4111,2411,1,56,2,10.0,8,8.0,1
20240625,6,7816119,1,3,900000.0,900000.0,48,71,7111,3112,1,27,1,9.0,8,8.0,1
20240625,6,7816121,1,1,1460000.0,1460000.0,48,45,4530,5243,1,71,1,5.0,8,8.0,1
20240625,6,7816121,1,3,3100000.0,2500000.0,42,82,8220,4214,1,22,2,9.0,8,8.0,1
20240625,6,7816122,1,1,2300000.0,2300000.0,47,74,7410,2166,1,42,1,9.0,8,8.0,1
20240625,6,7816122,1,2,2000000.0,2000000.0,40,55,5511,3322,1,49,2,8.0,8,8.0,1
20240625,6,7816122,1,3,2400000.0,2400000.0,40,62,6201,2511,1,24,1,10.0,8,8.0,1
20240625,6,7816123,1,1,1700000.0,1700000.0,60,46,4631,1221,1,45,1,5.0,8,8.0,1
20240625,6,7816125,1,1,3000000.0,3000000.0,40,23,2310,1321,1,41,1,10.0,8,8.0,1
20240625,6,7816126,1,2,1800000.0,1800000.0,48,47,4773,5223,1,28,2,10.0,8,8.0,1
20240625,6,7816126,1,3,1540000.0,1300000.0,56,20,2023,8131,1,24,1,8.0,8,8.0,1
20240625,6,7816127,1,1,2600000.0,2600000.0,48,47,4752,3341,1,51,1,8.0,8,8.0,1
20240625,6,7816128,1,1,3600000.0,3600000.0,48,86,8610,1342,1,48,2,11.0,8,8.0,1
20240625,6,7816130,1,2,600000.0,600000.0,30,56,5619,7514,1,52,2,8.0,8,8.0,1
20240625,6,7816131,1,1,2500000.0,2500000.0,60,86,8610,2211,1,25,2,10.0,8,8.0,1
20240625,6,7816132,1,1,1800000.0,1800000.0,48,86,8621,2511,1,33,1,10.0,8,8.0,1
20240625,6,7816132,1,2,800000.0,800000.0,48,86,8691,4110,1,32,2,10.0,8,8.0,1
20240625,6,7816133,1,1,1500000.0,1500000.0,48,86,8621,3252,1,56,2,10.0,8,8.0,1
20240625,6,7816133,1,3,1700000.0,1300000.0,60,23,2310,4110,1,26,2,10.0,8,8.0,1
20240625,6,7816133,1,4,400000.0,400000.0,10,49,4921,5112,1,21,2,8.0,8,8.0,1
20240625,6,7816134,1,3,1300000.0,1300000.0,60,47,4711,4311,1,21,1,10.0,8,8.0,1
20240625,6,7816135,1,2,2600000.0,2600000.0,40,85,8544,3341,1,34,2,10.0,8,8.0,1
20240625,6,7816137,1,1,12000000.0,12000000.0,48,35,3511,1321,1,37,1,12.0,8,8.0,1
20240625,6,7816137,1,2,10000000.0,10000000.0,48,11,1103,1212,1,36,2,11.0,8,8.0,1
20240625,6,7816138,1,1,1900000.0,1500000.0,60,23,2310,8181,1,37,1,5.0,8,8.0,1
20240625,6,7816138,1,2,1500000.0,1500000.0,48,10,1083,2263,1,32,2,10.0,8,8.0,1
20240625,6,7816140,1,1,,,47,46,4669,1120,1,60,1,10.0,8,8.0,1
20240625,6,7816140,1,2,,,47,46,4669,4110,1,56,2,10.0,8,8.0,1
20240625,6,7816141,1,1,25000000.0,25000000.0,47,46,4661,1120,1,50,1,10.0,8,8.0,1
20240625,6,7816142,1,1,15000000.0,15000000.0,47,46,4663,1211,1,33,1,12.0,8,8.0,1
20240625,6,7816142,1,2,4500000.0,4500000.0,47,85,8530,2341,1,30,2,12.0,8,8.0,1
20240625,6,7816144,1,1,15000000.0,15000000.0,47,86,8621,2211,1,38,1,11.0,8,8.0,1
20240625,6,7816145,1,1,15000000.0,15000000.0,47,86,8610,1342,1,33,2,11.0,8,8.0,1
20240625,6,7816146,1,1,,,47,43,4321,1120,1,59,1,10.0,8,8.0,1
20240625,6,7816150,1,1,1468000.0,1468000.0,48,68,6820,9112,1,41,1,5.0,8,8.0,1
20240625,6,7816153,1,2,1300000.0,1300000.0,48,47,4774,5223,1,31,2,8.0,8,8.0,1
20240625,6,7816154,1,3,900000.0,900000.0,42,96,9602,9112,1,51,2,4.0,8,8.0,1
20240625,6,7816157,1,2,1300000.0,1300000.0,40,88,8891,5311,1,61,2,8.0,8,8.0,1
20240625,6,7816159,1,1,1400000.0,1400000.0,60,46,4631,8323,1,49,1,5.0,8,8.0,1
20240625,6,7816160,1,1,1400000.0,1400000.0,42,81,8121,9112,1,27,1,5.0,8,8.0,1
20240625,6,7816160,1,3,1400000.0,1400000.0,48,25,2599,7223,1,50,1,5.0,8,8.0,1
20240625,6,7816161,1,1,1300000.0,1300000.0,48,86,8610,5321,1,26,2,8.0,8,8.0,1
20240625,6,7816162,1,1,1500000.0,1300000.0,48,56,5611,9112,1,30,2,5.0,8,8.0,1
20240625,6,7816165,1,3,300000.0,300000.0,32,45,4520,7132,1,27,1,3.0,8,8.0,1
20240625,6,7816165,1,4,1465000.0,1465000.0,48,64,6499,4214,1,22,2,8.0,8,8.0,1
20240625,6,7816165,1,7,1462000.0,1462000.0,48,47,4711,5230,1,32,2,8.0,8,8.0,1
20240625,6,7816167,1,2,1800000.0,1200000.0,60,56,5611,5120,1,48,2,5.0,8,8.0,1
20240625,6,7816168,1,1,1300000.0,1300000.0,48,52,5210,5414,1,40,1,5.0,8,8.0,1
20240625,6,7816170,1,4,1300000.0,1300000.0,47,10,1090,9333,1,32,1,5.0,8,8.0,1
20240625,6,7816170,1,7,1100000.0,1100000.0,48,47,4771,9321,1,36,2,3.0,8,8.0,1
20240625,6,7816174,1,1,2400000.0,2100000.0,84,47,4741,5223,1,29,1,5.0,8,8.0,1
20240625,6,7816176,1,1,1680000.0,1680000.0,48,23,2395,7233,1,43,1,8.0,8,8.0,1
20240625,6,7816176,1,2,1460000.0,1460000.0,42,94,9499,4120,1,38,2,8.0,8,8.0,1
20240625,6,7816178,1,1,1300000.0,1300000.0,48,56,5619,1412,1,30,2,5.0,8,8.0,1
20240625,6,7816179,1,1,1500000.0,1500000.0,50,47,4711,1420,1,41,1,4.0,8,8.0,1
20240625,6,7816183,1,1,1300000.0,1300000.0,48,86,8621,4225,1,26,2,8.0,8,8.0,1
20240625,6,7816183,1,2,1400000.0,1400000.0,47,82,8220,4222,1,30,1,8.0,8,8.0,1
20240625,6,7816186,1,1,1460000.0,1460000.0,48,46,4631,9321,1,66,1,4.0,8,8.0,1
20240625,6,7816186,1,3,1660000.0,1660000.0,48,47,4731,5245,1,39,1,5.0,8,8.0,1
20240625,6,7816188,1,2,1000000.0,1000000.0,50,47,4773,5223,1,37,1,5.0,8,8.0,1
20240625,6,7816191,1,1,2000000.0,2000000.0,50,49,4923,8332,1,44,1,4.0,8,8.0,1
20240625,6,7816192,1,1,1300000.0,1300000.0,48,47,4711,9334,1,44,1,5.0,8,8.0,1
20240625,6,7816192,1,2,1300000.0,1300000.0,40,88,8891,5311,1,43,2,8.0,8,8.0,1
20240625,6,7816193,1,1,1300000.0,1300000.0,48,68,6820,5414,1,67,1,5.0,8,8.0,1
20240625,6,7816196,1,1,1900000.0,1900000.0,48,82,8220,4222,1,34,1,5.0,8,8.0,1
20240625,6,7816196,1,2,1700000.0,1700000.0,48,56,5611,2411,1,33,2,10.0,8,8.0,1
20240625,6,7816197,1,2,800000.0,800000.0,48,41,4111,7112,1,54,1,5.0,8,8.0,1
20240625,6,7816197,1,4,2500000.0,2500000.0,48,47,4771,3341,1,27,1,10.0,8,8.0,1
20240625,6,7816199,1,2,3800000.0,3800000.0,45,64,6412,3322,1,51,2,9.0,8,8.0,1
20240625,6,7816201,1,1,2500000.0,2500000.0,48,35,3520,3341,1,48,1,9.0,8,8.0,1
20240625,6,7816202,1,2,3000000.0,3000000.0,48,23,2310,3341,1,30,1,10.0,8,8.0,1
20240625,6,7816202,1,3,2100000.0,2100000.0,47,64,6424,2423,1,28,2,10.0,8,8.0,1
20240625,6,7816204,1,1,800000.0,800000.0,50,56,5611,9412,1,44,2,5.0,8,8.0,1
20240625,6,7816204,1,3,700000.0,700000.0,50,56,5611,5131,1,21,2,5.0,8,8.0,1
20240625,6,7816204,1,4,1300000.0,1300000.0,40,56,5611,5132,1,22,1,5.0,8,8.0,1
20240625,6,7816209,1,1,1800000.0,1800000.0,47,62,6209,2511,1,32,1,10.0,8,8.0,1
20240625,6,7816209,1,2,3000000.0,3000000.0,47,62,6209,1120,1,37,1,11.0,8,8.0,1
20240625,6,7816211,1,2,1300000.0,1300000.0,47,49,4923,4311,1,67,2,8.0,8,8.0,1
20240625,6,7816213,1,2,1700000.0,1700000.0,47,82,8220,3513,1,23,1,8.0,8,8.0,1
20240625,6,7816216,1,2,600000.0,600000.0,25,85,8512,2342,1,32,2,8.0,8,8.0,1
20240625,6,7816217,1,1,1800000.0,1800000.0,48,46,4632,7231,1,34,1,10.0,8,8.0,1
20240625,6,7816217,1,2,700000.0,700000.0,15,64,6424,4311,1,34,2,8.0,8,8.0,1
20240625,6,7816219,1,1,2200000.0,2200000.0,48,95,9511,3511,1,47,1,10.0,8,8.0,1
20240625,6,7816219,1,2,1800000.0,1800000.0,48,86,8610,2211,1,44,2,9.0,8,8.0,1
20240625,6,7816221,1,2,3900000.0,3900000.0,48,86,8621,2261,1,40,2,10.0,8,8.0,1
20240625,6,7816222,1,1,1500000.0,1500000.0,42,25,2511,7221,1,31,1,9.0,8,8.0,1
20240625,6,7816226,1,8,740000.0,620000.0,25,56,5611,5131,1,22,2,5.0,8,8.0,1
20240625,6,7816226,1,11,1000000.0,1000000.0,48,25,2511,7212,1,22,1,4.0,8,8.0,1
20240625,6,7816227,1,2,1300000.0,1300000.0,48,49,4921,8331,1,57,1,5.0,8,8.0,1
20240625,6,7816228,1,2,1300000.0,1300000.0,48,49,4923,9333,1,37,1,8.0,8,8.0,1
20240625,6,7816230,1,1,4500000.0,4500000.0,48,47,4731,3513,1,33,1,8.0,8,8.0,1
20240625,6,7816230,1,2,4300000.0,4300000.0,48,45,4530,1120,1,33,2,11.0,8,8.0,1
20240625,6,7816232,1,2,1300000.0,1300000.0,48,20,2012,8344,1,46,1,5.0,8,8.0,1
20240625,6,7816234,1,1,1300000.0,1300000.0,48,86,8610,2240,1,48,2,10.0,8,8.0,1
20240625,6,7816235,1,4,1300000.0,1300000.0,48,47,4773,3213,1,28,1,10.0,8,8.0,1
20240625,6,7816236,1,5,1300000.0,1300000.0,48,61,6110,7422,1,46,1,5.0,8,8.0,1
20240625,6,7816237,1,1,1800000.0,1800000.0,40,64,6412,2412,1,35,2,10.0,8,8.0,1
20240625,6,7816239,1,1,1300000.0,1300000.0,72,47,4711,1420,1,42,1,3.0,8,8.0,1
20240625,6,7816240,1,1,2200000.0,2200000.0,40,85,8530,2353,1,49,1,12.0,8,8.0,1
20240625,6,7816240,1,2,1300000.0,1300000.0,56,45,4530,5223,1,55,2,10.0,8,8.0,1
20240625,6,7816242,1,2,600000.0,600000.0,48,41,4111,9313,1,42,1,4.0,8,8.0,1
20240625,6,7816243,1,1,1300000.0,1300000.0,48,23,2395,8114,1,45,1,4.0,8,8.0,1
20240625,6,7816243,1,5,1500000.0,1500000.0,48,14,1410,9621,1,63,2,3.0,8,8.0,1
20240625,6,7816244,1,2,1300000.0,1300000.0,48,41,4112,9313,1,45,1,5.0,8,8.0,1
20240625,6,7816246,1,3,1520000.0,1400000.0,48,45,4520,7132,1,18,1,5.0,8,8.0,1
20240625,6,7816247,1,3,1600000.0,1600000.0,48,35,3520,4120,1,38,2,5.0,8,8.0,1
20240625,6,7816249,1,3,1300000.0,1300000.0,60,68,6820,5414,1,23,1,5.0,8,8.0,1
20240625,6,7816249,1,6,1300000.0,1300000.0,48,41,4111,3334,1,28,2,5.0,8,8.0,1
20240625,6,7816249,1,7,1300000.0,1300000.0,60,47,4711,4321,1,29,1,5.0,8,8.0,1
20240625,6,7816249,1,9,1300000.0,1300000.0,48,52,5229,4415,1,27,1,8.0,8,8.0,1
20240625,6,7816255,1,2,2700000.0,2700000.0,48,71,7111,2411,1,29,2,10.0,8,8.0,1
20240625,6,7816256,1,1,1500000.0,1500000.0,48,82,8220,4222,1,28,2,8.0,8,8.0,1
20240625,6,7816259,1,2,1800000.0,1800000.0,48,46,4659,3115,1,25,1,8.0,8,8.0,1
20240625,6,7816260,1,2,1400000.0,1400000.0,48,47,4759,3322,1,30,2,5.0,8,8.0,1
20240625,6,7816260,1,3,1465000.0,1465000.0,48,25,2511,7543,1,28,2,8.0,8,8.0,1
20240625,6,7816260,1,4,750000.0,750000.0,25,56,5619,5246,1,23,2,10.0,8,8.0,1
20240625,6,7816262,1,2,1300000.0,1300000.0,48,47,4752,5223,1,29,1,8.0,8,8.0,1
20240625,6,7816268,1,2,1400000.0,1400000.0,48,81,8121,9112,1,30,1,8.0,8,8.0,1
20240625,6,7816268,1,5,1300000.0,1300000.0,48,82,8220,4222,1,25,2,5.0,8,8.0,1
20240625,6,7816269,1,3,1500000.0,1500000.0,48,10,1081,9321,1,40,1,10.0,8,8.0,1
20240626,6,7820241,1,1,10000000.0,10000000.0,40,85,8544,2310,1,38,2,10.0,8,8.0,1
20240626,6,7820245,1,2,1465000.0,1465000.0,60,61,6110,3113,1,28,1,8.0,8,8.0,1
20240626,6,7829257,1,1,2600000.0,2600000.0,72,11,1104,8183,1,29,1,10.0,8,8.0,1
20240626,6,7829258,1,1,3660000.0,3500000.0,48,21,2100,3341,1,59,1,5.0,8,8.0,1
20240626,6,7829258,1,3,3360000.0,3200000.0,48,24,2410,2423,1,31,2,10.0,8,8.0,1
20240626,6,7829258,1,4,2500000.0,2500000.0,48,50,5022,2151,1,27,1,10.0,8,8.0,1
20240626,6,7829264,1,4,1800000.0,1800000.0,48,82,8220,4222,1,22,1,10.0,8,8.0,1
20240626,6,7829265,1,2,1300000.0,1300000.0,48,56,5611,5230,1,61,2,5.0,8,8.0,1
20240626,6,7829266,1,3,1500000.0,1500000.0,36,46,4631,9333,1,45,1,5.0,8,8.0,1
20240626,6,7829266,1,4,750000.0,750000.0,36,86,8621,4120,1,39,2,5.0,8,8.0,1
20240626,6,7829267,1,3,1200000.0,1200000.0,48,14,1410,5223,1,33,2,10.0,8,8.0,1
20240626,6,7829268,1,1,1650000.0,1050000.0,84,56,5611,5120,1,44,2,4.0,8,8.0,1
20240626,6,7829269,1,2,1700000.0,1700000.0,50,42,4210,3123,1,50,1,8.0,8,8.0,1
20240626,6,7829270,1,4,1300000.0,1300000.0,40,80,8010,2411,1,33,1,10.0,8,8.0,1
20240626,6,7829273,1,2,1500000.0,1500000.0,40,95,9522,4110,1,35,2,10.0,8,8.0,1
20240626,6,7829276,1,3,1600000.0,1600000.0,48,82,8220,4222,1,24,2,8.0,8,8.0,1
20240626,6,7829276,1,4,1800000.0,1800000.0,40,82,8220,4222,1,22,2,5.0,8,8.0,1
20240626,6,7829277,1,2,1600000.0,1600000.0,50,47,4711,5221,1,57,2,5.0,8,8.0,1
20240626,6,7829278,1,1,1300000.0,1300000.0,50,47,4773,5223,1,39,1,5.0,8,8.0,1
20240626,6,7829278,1,4,1600000.0,1600000.0,48,82,8220,4222,1,23,1,9.0,8,8.0,1
20240626,6,7829279,1,4,1800000.0,1800000.0,48,86,8621,3343,1,22,2,10.0,8,8.0,1
20240626,6,7829279,1,5,2800000.0,2800000.0,48,85,8559,5165,1,57,1,5.0,8,8.0,1
20240626,6,7829280,1,1,1900000.0,1900000.0,40,33,3312,7233,1,50,1,10.0,8,8.0,1
20240626,6,7829282,1,2,,,60,80,8010,5414,1,29,1,5.0,8,8.0,1
20240626,6,7829285,1,3,1300000.0,1300000.0,48,47,4774,5223,1,28,2,10.0,8,8.0,1
20240626,6,7829285,1,4,1300000.0,1300000.0,48,47,4774,4321,1,28,1,10.0,8,8.0,1
20240626,6,7829288,1,2,900000.0,900000.0,45,96,9602,3343,1,44,2,5.0,8,8.0,1
20240626,6,7829288,1,3,1800000.0,1800000.0,48,47,4773,5221,1,39,2,8.0,8,8.0,1
20240626,6,7829290,1,3,1700000.0,1700000.0,60,45,4542,7231,1,21,1,5.0,8,8.0,1
20240626,6,7829290,1,4,1300000.0,1300000.0,50,10,1081,7512,1,27,1,3.0,8,8.0,1
20240626,6,7829291,1,2,,,48,85,8530,1345,1,57,2,9.0,8,8.0,1
20240626,6,7829291,1,3,,,47,33,3313,2144,1,31,1,10.0,8,8.0,1
20240626,6,7829295,1,1,,,47,20,2021,2113,1,41,1,11.0,8,8.0,1
20240626,6,7829301,1,1,1300000.0,1300000.0,47,46,4659,3341,1,45,2,11.0,8,8.0,1
20240626,6,7829302,1,1,8000000.0,8000000.0,48,16,1620,5223,1,47,1,11.0,8,8.0,1
20240626,6,7829303,1,1,1300000.0,1300000.0,48,20,2023,4321,1,29,1,5.0,8,8.0,1
20240626,6,7829305,1,1,1462000.0,1462000.0,60,49,4923,8332,1,44,1,9.0,8,8.0,1
20240626,6,7829305,1,2,1462000.0,1462000.0,48,46,4645,5223,1,38,2,8.0,8,8.0,1
20240626,6,7829306,1,1,800000.0,800000.0,48,56,5611,9412,1,37,1,5.0,8,8.0,1
20240626,6,7829307,1,1,1300000.0,1300000.0,48,45,4520,7231,1,45,1,8.0,8,8.0,1
20240626,6,7829311,1,1,1300000.0,1300000.0,48,23,2395,8114,1,58,1,3.0,8,8.0,1
20240626,6,7829311,1,3,1300000.0,1300000.0,48,47,4711,9321,1,26,1,5.0,8,8.0,1
20240626,6,7829313,1,2,1300000.0,1300000.0,40,82,8220,4222,1,30,1,10.0,8,8.0,1
20240626,6,7829315,1,1,1700000.0,1700000.0,48,80,8010,5414,1,55,1,3.0,8,8.0,1
20240626,6,7829316,1,1,700000.0,700000.0,63,45,4541,5223,1,36,2,4.0,8,8.0,1
20240626,6,7829316,1,2,1460000.0,1460000.0,48,45,4541,5223,1,20,2,5.0,8,8.0,1
20240626,6,7829317,1,1,1600000.0,1600000.0,60,10,1030,5414,1,31,1,8.0,8,8.0,1
20240626,6,7829317,1,2,1400000.0,1400000.0,60,55,5530,9622,1,40,2,5.0,8,8.0,1
20240626,6,7829318,1,1,1300000.0,1300000.0,48,49,4921,8323,1,30,1,5.0,8,8.0,1
20240626,6,7829319,1,1,1500000.0,1500000.0,48,56,5611,5131,1,45,1,8.0,8,8.0,1
20240626,6,7829320,1,2,1200000.0,700000.0,72,56,5611,5131,1,18,2,10.0,8,8.0,1
20240626,6,7829322,1,1,1410000.0,960000.0,72,56,5611,5120,1,42,2,5.0,8,8.0,1
20240626,6,7829324,1,2,1465000.0,1465000.0,60,53,5320,9621,1,50,1,5.0,8,8.0,1
20240626,6,7829326,1,3,1300000.0,1300000.0,48,56,5611,1412,1,19,2,5.0,8,8.0,1
20240626,6,7829337,1,3,1300000.0,1300000.0,48,47,4775,5223,1,20,1,8.0,8,8.0,1
20240626,6,7829339,1,2,1300000.0,1300000.0,48,1,142,6121,1,50,1,5.0,8,8.0,1
20240626,6,7829339,1,3,1470000.0,1470000.0,48,47,4771,4321,1,25,1,9.0,8,8.0,1
20240626,6,7829343,1,1,700000.0,700000.0,72,47,4711,5223,1,58,1,5.0,8,8.0,1
20240626,6,7829343,1,2,700000.0,700000.0,72,47,4711,5223,1,55,2,3.0,8,8.0,1
20240626,6,7829344,1,2,1300000.0,1300000.0,48,95,9512,9621,1,27,1,9.0,8,8.0,1
20240626,6,7829346,1,2,1465000.0,1465000.0,48,73,7310,1222,1,46,1,5.0,8,8.0,1
20240626,6,7829346,1,4,1465000.0,1465000.0,48,82,8220,4222,1,24,2,10.0,8,8.0,1
20240626,6,7829348,1,2,11000000.0,11000000.0,50,41,4112,9313,1,53,1,4.0,8,8.0,1
20240626,6,7829349,1,2,1300000.0,1300000.0,48,33,3314,7543,1,32,1,3.0,8,8.0,1
20240626,6,7829349,1,6,840000.0,840000.0,48,46,4631,5223,1,59,1,3.0,8,8.0,1
20240626,6,7829350,1,1,1300000.0,1300000.0,47,23,2395,9629,1,29,1,5.0,8,8.0,1
20240626,6,7829353,1,4,1300000.0,1300000.0,47,42,4210,3123,1,32,1,1.0,8,8.0,1
20240626,6,7829354,1,1,1300000.0,1300000.0,48,23,2310,8181,1,29,1,5.0,8,8.0,1
20240626,6,7829357,1,1,4500000.0,4500000.0,48,62,6201,1120,1,44,1,12.0,8,8.0,1
20240626,6,7829360,1,3,3000000.0,3000000.0,48,71,7112,2144,1,48,1,10.0,8,8.0,1
20240626,6,7829367,1,4,1500000.0,1500000.0,48,45,4520,7132,1,62,1,3.0,8,8.0,1
20240626,6,7829368,1,2,1300000.0,1300000.0,48,43,4330,7131,1,33,1,5.0,8,8.0,1
20240626,6,7829368,1,3,1300000.0,1300000.0,48,43,4330,7131,1,23,1,5.0,8,8.0,1
20240626,6,7829368,1,5,1000000.0,1000000.0,50,45,4542,7231,1,21,1,5.0,8,8.0,1
20240626,6,7829369,1,1,1200000.0,1200000.0,50,47,4771,5223,1,69,1,4.0,8,8.0,1
20240626,6,7829369,1,3,1700000.0,1700000.0,48,85,8512,2342,1,26,2,10.0,8,8.0,1
20240626,6,7829370,1,1,1900000.0,1900000.0,48,47,4773,3322,1,52,1,8.0,8,8.0,1
20240626,6,7829370,1,2,1500000.0,1500000.0,48,47,4773,3322,1,51,2,10.0,8,8.0,1
20240626,6,7829370,1,3,2100000.0,2100000.0,48,82,8220,4222,1,23,2,10.0,8,8.0,1
20240626,6,7829372,1,5,1300000.0,1300000.0,48,56,5611,5120,1,42,1,5.0,8,8.0,1
20240626,6,7829374,1,1,1300000.0,1300000.0,48,23,2393,3115,1,34,1,8.0,8,8.0,1
20240626,6,7829374,1,2,1300000.0,1300000.0,48,46,4659,5230,1,34,2,9.0,8,8.0,1
20240626,6,7829375,1,2,560000.0,560000.0,40,56,5611,5131,1,30,1,5.0,8,8.0,1
20240626,6,7829375,1,3,1500000.0,1500000.0,48,32,3240,3122,1,36,1,10.0,8,8.0,1
20240626,6,7829375,1,4,1320000.0,1320000.0,48,56,5611,4120,1,43,2,10.0,8,8.0,1
20240626,6,7829377,1,1,1600000.0,1600000.0,60,32,3250,8219,1,34,1,5.0,8,8.0,1
20240626,6,7829381,1,1,1300000.0,1300000.0,48,78,7810,9321,1,35,1,8.0,8,8.0,1
20240626,6,7829381,1,2,1300000.0,1300000.0,48,47,4774,5223,1,41,2,5.0,8,8.0,1
20240626,6,7829382,1,1,1600000.0,1600000.0,40,86,8621,4226,1,34,2,8.0,8,8.0,1
20240626,6,7829389,1,2,1300000.0,1300000.0,48,86,8622,5329,1,30,2,8.0,8,8.0,1
20240626,6,7829390,1,3,1550000.0,1550000.0,48,10,1089,8160,1,26,1,9.0,8,8.0,1
20240626,6,7829392,1,1,800000.0,800000.0,45,31,3110,7522,1,40,1,4.0,8,8.0,1
20240626,6,7829393,1,1,1300000.0,1300000.0,48,46,4663,5414,1,45,1,8.0,8,8.0,1
20240626,6,7829396,1,2,850000.0,850000.0,48,96,9602,5141,1,43,2,4.0,8,8.0,1
20240626,6,7829397,1,1,1300000.0,1300000.0,48,10,1083,9321,1,30,1,6.0,8,8.0,1
20240626,6,7829399,1,3,1300000.0,1300000.0,40,85,8530,2330,1,22,2,10.0,8,8.0,1
20240626,6,7829400,1,1,600000.0,600000.0,48,56,5630,5131,1,40,2,4.0,8,8.0,1
20240626,6,7829402,1,2,300000.0,300000.0,60,45,4520,9122,1,25,1,8.0,8,8.0,1
20240626,6,7829404,1,1,1400000.0,1400000.0,48,47,4769,5223,1,49,2,5.0,8,8.0,1
20240626,6,7829405,1,8,1300000.0,1300000.0,48,64,6499,4214,1,54,1,5.0,8,8.0,1
20240626,6,7829413,1,3,1300000.0,1300000.0,48,21,2100,9334,1,23,1,8.0,8,8.0,1
20240626,6,7829414,1,1,1462000.0,1462000.0,48,13,1392,8153,1,57,2,4.0,8,8.0,1
20240626,6,7829416,1,3,1500000.0,1500000.0,48,82,8220,2411,1,24,1,10.0,8,8.0,1
20240626,6,7829417,1,1,1662000.0,1662000.0,48,20,2011,3111,1,51,1,8.0,8,8.0,1
20240626,6,7829417,1,3,1462000.0,1462000.0,47,22,2229,4311,1,24,1,10.0,8,8.0,1
20240626,6,7829419,1,1,2800000.0,2800000.0,48,47,4773,5223,1,30,1,9.0,8,8.0,1
20240626,6,7829419,1,2,1800000.0,1800000.0,48,6,610,5329,1,24,2,8.0,8,8.0,1
20240626,6,7829422,1,1,800000.0,800000.0,52,41,4111,7111,1,62,1,1.0,8,8.0,1
20240727,7,7859085,1,2,1800000.0,1800000.0,48,69,6910,2611,1,49,2,11.0,8,8.0,1
20240727,7,7859085,1,4,1300000.0,1300000.0,48,82,8220,4222,1,19,1,10.0,8,8.0,1
20240727,7,7859086,1,3,2600000.0,2600000.0,48,52,5229,3341,1,38,2,11.0,8,8.0,1
20240727,7,7859089,1,3,1700000.0,1700000.0,48,82,8220,4222,1,23,1,10.0,8,8.0,1
20240727,7,7859093,1,3,720000.0,720000.0,72,56,5611,9411,1,70,2,3.0,8,8.0,1
20240727,7,7859095,1,1,7000000.0,7000000.0,20,86,8610,2212,1,66,2,11.0,8,8.0,1
20240727,7,7859097,1,1,1500000.0,1300000.0,80,47,4711,5221,1,53,2,3.0,8,8.0,1
20240727,7,7859097,1,2,800000.0,600000.0,80,47,4711,5221,1,21,1,5.0,8,8.0,1
20240727,7,7859099,1,2,2500000.0,2500000.0,40,96,9602,2412,1,41,2,10.0,8,8.0,1
20240727,7,7859100,1,3,2800000.0,2800000.0,48,86,8610,2212,1,35,2,10.0,8,8.0,1
20240727,7,7859102,1,2,1465000.0,1465000.0,46,85,8530,2342,1,47,2,9.0,8,8.0,1
20240727,7,7859104,1,3,1300000.0,1300000.0,48,74,7490,1211,1,25,1,10.0,8,8.0,1
20240727,7,7859106,1,1,5000000.0,5000000.0,47,62,6201,3512,1,23,1,9.0,8,8.0,1
20240727,7,7859107,1,1,2500000.0,2500000.0,48,21,2100,7543,1,44,1,10.0,8,8.0,1
20240727,7,7859108,1,2,900000.0,900000.0,48,47,4719,1420,1,68,1,5.0,8,8.0,1
20240727,7,7859110,1,1,6000000.0,6000000.0,47,70,7020,1120,1,45,1,10.0,8,8.0,1
20240727,7,7859110,1,2,6500000.0,6500000.0,47,64,6499,1211,1,41,2,11.0,8,8.0,1
20240727,7,7859111,1,1,1000000.0,1000000.0,48,68,6820,9112,1,42,1,8.0,8,8.0,1
20240727,7,7859112,1,1,6000000.0,6000000.0,48,61,6110,1120,1,46,1,10.0,8,8.0,1
20240727,7,7859113,1,1,1300000.0,1300000.0,40,1,141,1311,1,63,1,10.0,8,8.0,1
20240727,7,7859114,1,1,1600000.0,1600000.0,50,46,4631,1420,1,32,1,10.0,8,8.0,1
20240727,7,7859116,1,2,2600000.0,2600000.0,48,86,8610,2211,1,54,2,10.0,8,8.0,1
20240727,7,7859117,1,1,1800000.0,1800000.0,48,62,6202,1330,1,42,1,10.0,8,8.0,1
20240727,7,7859120,1,2,1500000.0,1300000.0,48,56,5611,5131,1,32,2,5.0,8,8.0,1
20240727,7,7859122,1,1,1700000.0,1700000.0,45,46,4661,1221,1,39,2,10.0,8,8.0,1
20240727,7,7859122,1,2,1600000.0,1600000.0,48,46,4661,5414,1,43,1,5.0,8,8.0,1
20240727,7,7859124,1,1,2600000.0,2600000.0,48,86,8621,1212,1,53,2,10.0,8,8.0,1
20240727,7,7859124,1,2,1300000.0,1300000.0,48,86,8692,3339,1,29,2,8.0,8,8.0,1
20240727,7,7859127,1,1,3900000.0,3900000.0,48,46,4664,2411,1,41,2,11.0,8,8.0,1
20240727,7,7859131,1,3,2900000.0,2900000.0,48,86,8610,2221,1,44,2,10.0,8,8.0,1
20240727,7,7859131,1,4,1400000.0,1400000.0,48,47,4772,3322,1,23,2,9.0,8,8.0,1
20240727,7,7859134,1,4,3000000.0,3000000.0,48,18,1811,1321,1,27,1,10.0,8,8.0,1
20240727,7,7859135,1,3,2800000.0,2800000.0,48,82,8220,4222,1,25,1,10.0,8,8.0,1
20240727,7,7859136,1,1,1500000.0,1500000.0,48,52,5229,3351,1,25,2,10.0,8,8.0,1
20240727,7,7859136,1,2,2600000.0,2600000.0,48,86,8691,3341,1,33,2,10.0,8,8.0,1
20240727,7,7859140,1,4,1300000.0,1300000.0,48,47,4711,4311,1,25,1,10.0,8,8.0,1
20240727,7,7859144,1,1,1300000.0,1300000.0,48,73,7310,9329,1,50,1,5.0,8,8.0,1
20240727,7,7859145,1,2,1465000.0,1465000.0,48,13,1391,8152,1,25,2,5.0,8,8.0,1
20240727,7,7859147,1,3,1300000.0,1300000.0,60,41,4111,9313,1,50,1,5.0,8,8.0,1
20240727,7,7859147,1,6,1500000.0,1500000.0,48,95,9522,7127,1,26,1,5.0,8,8.0,1
20240727,7,7859148,1,3,1300000.0,1300000.0,48,41,4111,9313,1,45,1,1.0,8,8.0,1
20240727,7,7859148,1,4,1462000.0,1462000.0,48,10,1012,7511,1,47,2,5.0,8,8.0,1
20240727,7,7859149,1,1,1800000.0,1800000.0,47,74,7410,2611,1,29,1,5.0,8,8.0,1
20240727,7,7859149,1,2,1600000.0,1600000.0,48,74,7410,2166,1,25,1,10.0,8,8.0,1
20240727,7,7859153,1,2,1200000.0,800000.0,40,56,5611,5120,1,36,2,3.0,8,8.0,1
20240727,7,7859154,1,1,400000.0,400000.0,60,92,9200,9112,1,45,1,3.0,8,8.0,1
20240727,7,7859158,1,1,1800000.0,1800000.0,48,47,4772,5223,1,24,2,9.0,8,8.0,1
20240727,7,7859160,1,1,460000.0,360000.0,36,68,6820,5414,1,44,2,5.0,8,8.0,1
20240727,7,7859160,1,2,500000.0,500000.0,40,47,4799,5243,1,36,1,5.0,8,8.0,1
20240727,7,7859160,1,3,600000.0,600000.0,32,94,9491,9112,1,26,1,5.0,8,8.0,1
20240727,7,7859164,1,1,800000.0,800000.0,48,47,4719,5223,1,46,2,4.0,8,8.0,1
20240727,7,7859166,1,1,1300000.0,1300000.0,48,49,4921,8331,1,40,1,8.0,8,8.0,1
20240727,7,7859166,1,4,1300000.0,1300000.0,48,92,9200,5223,1,27,2,5.0,8,8.0,1
20240727,7,7859167,1,1,1300000.0,1300000.0,48,11,1104,5243,1,36,1,5.0,8,8.0,1
20240727,7,7859168,1,2,1500000.0,1500000.0,60,49,4921,8323,1,36,1,8.0,8,8.0,1
20240727,7,7859168,1,6,1500000.0,1500000.0,60,25,2511,7212,1,25,1,5.0,8,8.0,1
20240727,7,7859170,1,1,1300000.0,1300000.0,48,68,6820,5414,1,37,1,9.0,8,8.0,1
20240727,7,7859174,1,1,1460000.0,1460000.0,48,82,8230,3341,1,40,1,5.0,8,8.0,1
20240727,7,7859176,1,3,1300000.0,1300000.0,60,49,4921,8331,1,34,1,5.0,8,8.0,1
20240727,7,7859177,1,3,1450000.0,1450000.0,48,47,4711,5414,1,26,1,8.0,8,8.0,1
20240727,7,7859177,1,4,1100000.0,900000.0,40,56,5611,5131,1,22,2,5.0,8,8.0,1
20240727,7,7859179,1,2,1462000.0,1462000.0,48,23,2310,7125,1,25,1,5.0,8,8.0,1
20240727,7,7859179,1,4,1300000.0,1300000.0,48,23,2310,5322,1,42,2,5.0,8,8.0,1
20240727,7,7859182,1,1,1300000.0,1300000.0,48,46,4669,7549,1,33,1,5.0,8,8.0,1
20240727,7,7859185,1,2,1300000.0,1300000.0,48,47,4711,5221,1,42,2,8.0,8,8.0,1
20240727,7,7859190,1,1,800000.0,800000.0,48,47,4724,1420,1,50,1,5.0,8,8.0,1
20240727,7,7859192,1,1,1450000.0,1450000.0,48,10,1020,5221,1,29,2,8.0,8,8.0,1
20240727,7,7859193,1,1,1000000.0,1000000.0,50,47,4789,9520,1,27,1,8.0,8,8.0,1
20240727,7,7859195,1,1,1300000.0,1300000.0,48,42,4210,8342,1,40,1,5.0,8,8.0,1
20240727,7,7859199,1,1,1300000.0,1300000.0,48,14,1410,7532,1,46,1,5.0,8,8.0,1
20240727,7,7859199,1,2,1600000.0,1600000.0,48,14,1410,8153,1,36,2,10.0,8,8.0,1
20240727,7,7859199,1,3,1300000.0,1300000.0,48,14,1410,7532,1,26,1,5.0,8,8.0,1
20240727,7,7859200,1,1,1300000.0,1300000.0,60,45,4541,5223,1,49,2,5.0,8,8.0,1
20240727,7,7859200,1,2,1300000.0,1300000.0,48,45,4541,5223,1,52,1,5.0,8,8.0,1
20240727,7,7859200,1,3,1750000.0,1600000.0,72,82,8220,4222,1,27,1,5.0,8,8.0,1
20240727,7,7859201,1,3,1300000.0,1300000.0,48,56,5619,9411,1,49,1,8.0,8,8.0,1
20240727,7,7859202,1,1,180000.0,180000.0,30,96,9609,3431,1,50,2,5.0,8,8.0,1
20240727,7,7859202,1,2,1300000.0,1300000.0,48,82,8220,4222,1,27,1,8.0,8,8.0,1
20240727,7,7859204,1,3,1300000.0,1300000.0,72,33,3311,5414,1,37,1,10.0,8,8.0,1
20240727,7,7859205,1,1,12000000.0,12000000.0,47,46,4645,5243,1,45,1,10.0,8,8.0,1
20240727,7,7859209,1,1,400000.0,400000.0,40,85,8512,2342,1,48,2,6.0,8,8.0,1
20240727,7,7859209,1,2,1300000.0,1300000.0,47,56,5611,9621,1,52,1,5.0,8,8.0,1
20240727,7,7859209,1,3,1500000.0,1500000.0,47,70,7020,3341,1,22,1,5.0,8,8.0,1
20240727,7,7859210,1,6,1800000.0,1800000.0,47,49,4923,4321,1,56,1,10.0,8,8.0,1
20240727,7,7859210,1,7,3000000.0,3000000.0,48,85,8530,2330,1,29,1,10.0,8,8.0,1
20240727,7,7859212,1,3,3000000.0,3000000.0,47,41,4111,2141,1,26,1,10.0,8,8.0,1
20240727,7,7859212,1,4,1465000.0,1465000.0,47,82,8220,4222,1,33,2,10.0,8,8.0,1
20240727,7,7859213,1,1,1300000.0,1300000.0,60,68,6820,5414,1,46,1,5.0,8,8.0,1
20240727,7,7859214,1,1,4000000.0,4000000.0,40,11,1104,7233,1,57,1,9.0,8,8.0,1
20240727,7,7859214,1,4,1800000.0,1800000.0,48,47,4773,5223,1,28,2,8.0,8,8.0,1
20240727,7,7859216,1,1,4000000.0,4000000.0,48,35,3514,3341,1,31,1,10.0,8,8.0,1
20240727,7,7859216,1,2,1692000.0,1692000.0,45,85,8544,2310,1,31,2,12.0,8,8.0,1
20240727,7,7859217,1,2,1300000.0,1300000.0,40,61,6110,9621,1,57,1,5.0,8,8.0,1
20240727,7,7859217,1,5,1300000.0,1300000.0,40,21,2100,9321,1,25,1,5.0,8,8.0,1
20240727,7,7859221,1,2,1800000.0,1800000.0,48,64,6492,4222,1,28,2,10.0,8,8.0,1
20240727,7,7859225,1,3,1180000.0,960000.0,40,56,5630,9112,1,45,2,5.0,8,8.0,1
20240727,7,7859227,1,2,1000000.0,1000000.0,50,96,9602,5141,1,33,2,8.0,8,8.0,1
20240727,7,7859227,1,4,1300000.0,1300000.0,72,56,5619,4225,1,29,1,5.0,8,8.0,1
20240727,7,7859228,1,2,1500000.0,1500000.0,60,49,4923,8332,1,45,1,5.0,8,8.0,1
20240727,7,7859232,1,3,1600000.0,1600000.0,48,47,4732,5223,1,38,1,5.0,8,8.0,1
20240727,7,7859233,1,1,1300000.0,1300000.0,48,65,6511,3322,1,30,2,8.0,8,8.0,1
20240727,7,7859234,1,1,1500000.0,1500000.0,48,45,4520,7231,1,36,1,8.0,8,8.0,1
20240727,7,7859234,1,2,1300000.0,1300000.0,48,92,9200,4212,1,30,2,10.0,8,8.0,1
20240727,7,7859235,1,1,1560000.0,1560000.0,48,56,5619,9411,1,40,1,5.0,8,8.0,1
20240727,7,7859235,1,2,360000.0,360000.0,18,56,5619,5131,1,40,2,5.0,8,8.0,1
20240727,7,7859235,1,3,1320000.0,1320000.0,40,56,5619,9411,1,20,1,5.0,8,8.0,1
20240727,7,7859236,1,1,1300000.0,1300000.0,47,47,4754,5223,1,32,1,10.0,8,8.0,1
20240727,7,7859237,1,1,1600000.0,1600000.0,48,80,8010,5414,1,33,1,5.0,8,8.0,1
20240727,7,7859238,1,1,1600000.0,1600000.0,48,88,8891,5311,1,61,2,10.0,8,8.0,1
20240727,7,7859238,1,2,800000.0,800000.0,46,14,1410,8323,1,68,1,5.0,8,8.0,1
20240727,7,7859241,1,2,2500000.0,2500000.0,60,86,8610,2221,1,29,2,10.0,8,8.0,1
20240727,7,7859242,1,1,1800000.0,1800000.0,48,70,7020,4110,1,33,1,10.0,8,8.0,1
20240727,7,7859246,1,1,1450000.0,1450000.0,48,47,4752,5223,1,40,1,8.0,8,8.0,1
20240727,7,7859246,1,2,1500000.0,1500000.0,48,86,8610,3221,1,52,2,8.0,8,8.0,1
20240727,7,7859251,1,2,1300000.0,1300000.0,60,56,5630,5230,1,36,2,8.0,8,8.0,1
20240727,7,7859252,1,3,2000000.0,2000000.0,48,86,8610,1342,1,23,2,10.0,8,8.0,1
20240727,7,7859252,1,4,1300000.0,1300000.0,48,55,5511,4223,1,29,2,5.0,8,8.0,1
20240727,7,7859253,1,3,1400000.0,1400000.0,60,47,4773,9621,1,33,1,8.0,8,8.0,1
20240727,7,7859255,1,1,2000000.0,2000000.0,48,86,8699,3343,1,34,2,10.0,8,8.0,1
20240727,7,7859255,1,2,1500000.0,1500000.0,47,80,8010,3521,1,25,1,10.0,8,8.0,1
20240727,7,7859259,1,2,4000000.0,4000000.0,48,74,7490,2411,1,40,2,10.0,8,8.0,1
20240727,7,7859262,1,3,1300000.0,1300000.0,48,93,9311,5230,1,30,2,10.0,8,8.0,1
20240727,7,7859265,1,2,2200000.0,2200000.0,48,71,7112,2634,1,32,2,10.0,8,8.0,1
20240727,7,7859266,1,3,2000000.0,2000000.0,48,64,6499,2412,1,28,1,10.0,8,8.0,1
20240727,7,7859266,1,4,800000.0,800000.0,38,47,4771,5223,1,23,2,10.0,8,8.0,1
20240727,7,7859270,1,1,1300000.0,1300000.0,48,49,4921,8331,1,59,1,5.0,8,8.0,1
20240727,7,7859270,1,2,1464000.0,1300000.0,48,42,4210,4321,1,39,2,8.0,8,8.0,1
20240727,7,7859270,1,5,1300000.0,1300000.0,48,82,8230,5414,1,27,1,4.0,8,8.0,1
20240727,7,7859271,1,1,1800000.0,1800000.0,48,69,6910,3411,1,48,2,10.0,8,8.0,1
20240728,7,7859273,1,2,3000000.0,3000000.0,40,22,2229,1211,1,50,2,11.0,8,8.0,1
20240728,7,7859274,1,1,1465000.0,1465000.0,48,68,6820,9112,1,42,1,5.0,8,8.0,1
20240728,7,7864106,1,2,1300000.0,1300000.0,48,82,8220,4222,1,22,1,8.0,8,8.0,1
20240728,7,7864108,1,1,1600000.0,1600000.0,48,11,1104,3322,1,36,1,5.0,8,8.0,1
20240728,7,7864108,1,2,1800000.0,1800000.0,48,47,4754,3322,1,41,2,10.0,8,8.0,1
20240728,7,7864109,1,1,1800000.0,1800000.0,60,49,4923,8323,1,53,1,10.0,8,8.0,1
20240728,7,7864110,1,1,6000000.0,6000000.0,48,35,3513,2411,1,60,1,10.0,8,8.0,1
20240728,7,7864110,1,2,3500000.0,3500000.0,48,47,4761,3313,1,55,2,10.0,8,8.0,1
20240728,7,7867410,1,1,4000000.0,4000000.0,47,94,9411,1219,1,36,2,10.0,8,8.0,1
20240728,7,7867410,1,2,4000000.0,4000000.0,46,94,9411,2631,1,44,1,12.0,8,8.0,1
20240728,7,7867411,1,2,7000000.0,7000000.0,40,82,8220,2511,1,28,1,10.0,8,8.0,1
20240728,7,7867412,1,1,1300000.0,1300000.0,40,85,8530,2330,1,58,2,10.0,8,8.0,1
20240728,7,7867414,1,1,4500000.0,3000000.0,48,80,8010,2411,1,41,1,11.0,8,8.0,1
20240728,7,7867414,1,2,1300000.0,1300000.0,40,85,8512,4110,1,37,2,10.0,8,8.0,1
20240728,7,7867415,1,3,3000000.0,3000000.0,48,52,5229,1324,1,31,2,10.0,8,8.0,1
20240728,7,7867415,1,4,3000000.0,3000000.0,48,82,8220,3341,1,29,2,10.0,8,8.0,1
20240728,7,7867417,1,1,4500000.0,4500000.0,72,25,2599,1221,1,59,1,10.0,8,8.0,1
20240728,7,7867417,1,2,3000000.0,3000000.0,48,85,8559,1221,1,53,2,10.0,8,8.0,1
20240728,7,7867418,1,3,4000000.0,4000000.0,48,86,8621,2211,1,34,2,10.0,8,8.0,1
20240728,7,7867418,1,4,3000000.0,3000000.0,48,82,8220,4222,1,25,1,10.0,8,8.0,1
20240728,7,7867418,1,5,2500000.0,2500000.0,48,82,8220,4222,1,22,1,10.0,8,8.0,1
20240728,7,7867419,1,1,5000000.0,5000000.0,48,45,4530,5223,1,53,1,5.0,8,8.0,1
20240728,7,7867431,1,1,4000000.0,4000000.0,40,77,7730,3341,1,48,1,10.0,8,8.0,1
20240728,7,7867431,1,2,3000000.0,3000000.0,40,68,6810,2411,1,48,2,10.0,8,8.0,1
20240728,7,7867436,1,1,5200000.0,5200000.0,48,36,3600,2511,1,48,1,13.0,8,8.0,1
20240728,7,7867442,1,2,5000000.0,5000000.0,48,86,8692,1120,1,38,2,10.0,8,8.0,1
20240728,7,7867445,1,1,5000000.0,5000000.0,45,69,6920,2411,1,31,2,12.0,8,8.0,1
20240728,7,7867445,1,2,5000000.0,5000000.0,50,41,4112,2512,1,42,1,11.0,8,8.0,1
20240728,7,7867446,1,2,1600000.0,1600000.0,40,47,4774,4120,1,48,2,5.0,8,8.0,1
20240728,7,7867447,1,1,2960000.0,1300000.0,40,47,4771,5223,1,39,2,10.0,8,8.0,1
20240728,7,7867447,1,3,1300000.0,1300000.0,48,41,4112,4110,1,21,1,8.0,8,8.0,1
20240728,7,7867448,1,1,750000.0,50000.0,48,68,6820,5414,1,70,2,3.0,8,8.0,1
20240728,7,7867453,1,4,1600000.0,1300000.0,47,47,4742,9112,1,55,1,5.0,8,8.0,1
20240728,7,7867454,1,1,1300000.0,1300000.0,50,41,4112,7112,1,39,1,4.0,8,8.0,1
20240728,7,7867455,1,3,1300000.0,1300000.0,72,86,8610,5414,1,33,1,5.0,8,8.0,1
20240728,7,7867455,1,4,1300000.0,1300000.0,48,10,1040,5414,1,34,1,5.0,8,8.0,1
20240728,7,7867456,1,1,1500000.0,1500000.0,60,52,5229,8332,1,33,1,5.0,8,8.0,1
20240728,7,7867456,1,4,1500000.0,1500000.0,60,52,5229,8332,1,27,1,5.0,8,8.0,1
20240728,7,7867458,1,1,1600000.0,1600000.0,50,41,4111,2142,1,23,1,10.0,8,8.0,1
20240728,7,7867460,1,3,1300000.0,1300000.0,47,82,8220,4222,1,21,1,9.0,8,8.0,1
20240728,7,7867460,1,4,1300000.0,1300000.0,45,65,6523,3257,1,32,2,5.0,8,8.0,1
20240728,7,7867460,1,5,1800000.0,1800000.0,48,47,4752,5223,1,26,1,9.0,8,8.0,1
20240728,7,7867461,1,2,1500000.0,1500000.0,50,41,4111,9313,1,45,1,3.0,8,8.0,1
20240728,7,7867463,1,1,1300000.0,1300000.0,42,41,4111,7112,1,34,1,3.0,8,8.0,1
20240728,7,7867465,1,1,1032000.0,1032000.0,54,13,1399,9321,1,42,2,4.0,8,8.0,1
20240728,7,7867472,1,1,1300000.0,1300000.0,48,47,4771,5223,1,32,2,5.0,8,8.0,1
20240728,7,7867473,1,3,700000.0,700000.0,70,47,4711,5223,1,18,2,5.0,8,8.0,1
20240728,7,7867478,1,5,180000.0,,40,56,5611,9412,1,22,1,5.0,8,8.0,1
20240728,7,7867478,1,6,300000.0,300000.0,48,47,4719,5223,1,19,2,5.0,8,8.0,1
20240728,7,7867480,1,2,1300000.0,1300000.0,40,47,4754,4311,1,37,2,8.0,8,8.0,1
20240728,7,7867481,1,2,900000.0,900000.0,60,55,5511,4224,1,54,1,3.0,8,8.0,1
20240728,7,7867481,1,4,400000.0,400000.0,50,47,4711,9331,1,21,1,5.0,8,8.0,1
20240728,7,7867484,1,4,900000.0,900000.0,56,56,5611,5120,1,58,2,1.0,8,8.0,1
20240728,7,7867489,1,2,1300000.0,1300000.0,47,47,4711,5223,1,35,2,8.0,8,8.0,1
20240728,7,7867491,1,1,1300000.0,1300000.0,48,45,4520,7231,1,49,1,5.0,8,8.0,1
20240728,7,7867492,1,3,800000.0,800000.0,48,31,3110,8172,1,19,1,5.0,8,8.0,1
20240728,7,7867494,1,1,1900000.0,1900000.0,48,42,4210,8342,1,39,1,3.0,8,8.0,1
20240728,7,7867495,1,1,1500000.0,1500000.0,48,47,4752,4321,1,26,1,5.0,8,8.0,1
20240728,7,7867496,1,1,1500000.0,1500000.0,48,35,3520,7126,1,52,1,5.0,8,8.0,1
20240728,7,7867496,1,2,1650000.0,1650000.0,48,86,8610,5321,1,58,2,8.0,8,8.0,1
20240728,7,7867497,1,2,1300000.0,1300000.0,47,35,3520,7126,1,30,1,5.0,8,8.0,1
20240728,7,7867498,1,3,400000.0,400000.0,24,47,4754,4214,1,19,2,3.0,8,8.0,1
20240728,7,7867499,1,1,1800000.0,1800000.0,60,47,4711,1420,1,32,1,3.0,8,8.0,1
20240728,7,7867499,1,2,1300000.0,1300000.0,56,47,4711,5223,1,31,2,5.0,8,8.0,1
20240728,7,7867501,1,1,1460000.0,1460000.0,48,23,2395,7113,1,58,1,3.0,8,8.0,1
20240728,7,7867501,1,4,550000.0,400000.0,40,56,5611,5131,1,24,2,5.0,8,8.0,1
20240728,7,7867502,1,1,1500000.0,1500000.0,60,77,7729,8323,1,40,1,4.0,8,8.0,1
20240728,7,7867504,1,1,1300000.0,1300000.0,60,56,5630,5131,1,40,1,5.0,8,8.0,1
20240728,7,7867506,1,1,1900000.0,1900000.0,48,61,6110,7422,1,23,1,5.0,8,8.0,1
20240728,7,7867508,1,1,800000.0,800000.0,40,47,4772,5223,1,45,1,5.0,8,8.0,1
20240728,7,7867510,1,1,1462000.0,1462000.0,48,14,1410,4321,1,39,1,4.0,8,8.0,1
20240728,7,7867514,1,1,1000000.0,1000000.0,48,47,4729,9621,1,32,1,5.0,8,8.0,1
20240728,7,7867518,1,5,1240000.0,1120000.0,45,56,5611,9412,1,24,2,4.0,8,8.0,1
20240728,7,7867518,1,6,900000.0,900000.0,48,41,4112,9313,1,27,1,4.0,8,8.0,1
20240728,7,7867519,1,1,1400000.0,1400000.0,60,41,4111,9313,1,57,1,4.0,8,8.0,1
20240728,7,7867521,1,1,1500000.0,1500000.0,84,69,6910,5414,1,70,1,3.0,8,8.0,1
20240728,7,7867521,1,3,1300000.0,1300000.0,50,41,4111,7122,1,35,1,4.0,8,8.0,1
20240728,7,7867521,1,6,1600000.0,1600000.0,60,86,8610,8323,1,38,1,5.0,8,8.0,1
20240728,7,7867522,1,2,2000000.0,2000000.0,60,25,2592,7212,1,62,1,5.0,8,8.0,1
20240728,7,7867522,1,4,1190000.0,840000.0,60,56,5611,5131,1,34,2,5.0,8,8.0,1
20240728,7,7867523,1,1,1300000.0,1300000.0,48,36,3600,9613,1,30,1,4.0,8,8.0,1
20240728,7,7867524,1,1,1300000.0,1300000.0,48,65,6532,4214,1,45,2,5.0,8,8.0,1
20240728,7,7867524,1,3,800000.0,800000.0,30,49,4923,9333,1,32,1,5.0,8,8.0,1
20240728,7,7867527,1,1,1300000.0,1300000.0,48,46,4649,9321,1,38,1,8.0,8,8.0,1
20240728,7,7867528,1,2,2500000.0,2500000.0,40,85,8530,2341,1,46,2,10.0,8,8.0,1
20240728,7,7867528,1,3,1300000.0,1300000.0,40,85,8530,2634,1,20,2,10.0,8,8.0,1
20240728,7,7867529,1,1,1400000.0,1400000.0,50,47,4729,9621,1,28,1,5.0,8,8.0,1
20240728,7,7867529,2,1,1800000.0,1800000.0,47,14,1410,9621,1,62,1,5.0,8,8.0,1
20240728,7,7867532,1,2,700000.0,700000.0,16,52,5221,5414,1,36,1,5.0,8,8.0,1
20240728,7,7867535,1,4,1800000.0,1800000.0,40,24,2431,1324,1,25,2,10.0,8,8.0,1
20240728,7,7867535,1,6,1500000.0,1500000.0,40,43,4322,3118,1,29,1,6.0,8,8.0,1
20240728,7,7867544,1,1,5200000.0,5200000.0,46,5,510,3115,1,35,1,8.0,8,8.0,1
20240728,7,7867545,1,1,1300000.0,1300000.0,48,33,3312,7231,1,43,1,9.0,8,8.0,1
20240728,7,7867548,1,2,1300000.0,1300000.0,48,45,4530,8323,1,31,1,5.0,8,8.0,1
20240728,7,7867553,1,2,1300000.0,1300000.0,48,15,1511,8155,1,32,1,5.0,8,8.0,1
20240728,7,7867554,1,1,2620000.0,2500000.0,48,43,4321,3121,1,37,1,10.0,8,8.0,1
20240728,7,7867555,1,1,1600000.0,1600000.0,48,10,1081,7512,1,29,1,5.0,8,8.0,1
20240728,7,7867556,1,1,1300000.0,1300000.0,72,80,8010,5414,1,41,1,8.0,8,8.0,1
20240728,7,7867557,1,2,,,70,47,4751,5223,1,40,2,5.0,8,8.0,1
20240728,7,7867558,1,1,1300000.0,1300000.0,47,23,2394,4321,1,60,1,5.0,8,8.0,1
20240728,7,7867558,1,3,900000.0,900000.0,40,70,7020,4110,1,25,2,8.0,8,8.0,1
20240728,7,7867560,1,2,1300000.0,1300000.0,50,23,2396,7113,1,26,1,4.0,8,8.0,1
20240728,7,7867561,1,1,1800000.0,1800000.0,47,47,4719,3322,1,27,1,9.0,8,8.0,1
20240728,7,7867562,1,1,1200000.0,1200000.0,70,56,5630,5131,1,29,2,5.0,8,8.0,1
20240728,7,7867564,1,1,1300000.0,1300000.0,48,86,8610,9112,1,55,2,5.0,8,8.0,1
20240728,7,7867566,1,4,1300000.0,1300000.0,48,43,4321,7413,1,37,1,5.0,8,8.0,1
20240728,7,7867569,1,2,1800000.0,1800000.0,70,47,4711,4321,1,26,1,5.0,8,8.0,1
20240728,7,7867569,1,3,1000000.0,1000000.0,40,85,8530,2353,1,24,2,10.0,8,8.0,1
20240728,7,7867569,1,4,2000000.0,2000000.0,47,95,9522,7421,1,19,1,4.0,8,8.0,1
20240728,7,7867569,1,5,1500000.0,1500000.0,60,56,5619,9411,1,46,2,4.0,8,8.0,1
20240728,7,7867573,1,2,1300000.0,1300000.0,48,56,5619,9621,1,32,1,5.0,8,8.0,1
20240728,7,7867574,1,1,1300000.0,1300000.0,40,64,6412,9112,1,44,2,8.0,8,8.0,1
20240728,7,7867574,1,2,1300000.0,1300000.0,48,71,7112,1212,1,21,1,8.0,8,8.0,1
20240728,7,7867575,1,1,1460000.0,1460000.0,48,46,4631,7511,1,36,1,5.0,8,8.0,1
20240728,7,7867577,1,1,1000000.0,1000000.0,56,47,4719,5230,1,24,1,5.0,8,8.0,1
20240728,7,7867577,1,2,1465000.0,1465000.0,47,47,4773,5221,1,25,2,5.0,8,8.0,1
20240728,7,7867578,1,1,1460000.0,1460000.0,48,81,8121,9112,1,27,1,5.0,8,8.0,1
20240728,7,7867578,1,2,1460000.0,1460000.0,48,64,6412,9112,1,26,2,5.0,8,8.0,1
20240728,7,7867579,1,1,1700000.0,1700000.0,72,49,4921,8331,1,46,1,8.0,8,8.0,1
20240728,7,7867579,1,2,1950000.0,1950000.0,48,49,4921,8331,1,44,1,5.0,8,8.0,1
20240729,7,7871109,1,3,1300000.0,1300000.0,72,86,8610,9112,1,53,1,5.0,8,8.0,1
20240729,7,7871109,1,6,1300000.0,1300000.0,72,96,9602,1420,1,44,2,8.0,8,8.0,1
20240729,7,7871110,1,1,4500000.0,4500000.0,35,85,8544,2310,1,58,1,12.0,8,8.0,1
20240729,7,7871110,1,2,4000000.0,4000000.0,35,85,8544,1345,1,55,2,12.0,8,8.0,1
20240729,7,7871111,1,1,2600000.0,2600000.0,48,46,4631,2131,1,34,1,10.0,8,8.0,1
20240729,7,7871112,1,1,4050000.0,3900000.0,72,56,5611,1324,1,56,2,10.0,8,8.0,1
20240729,7,7872716,1,1,1600000.0,1600000.0,60,26,2620,8332,1,41,1,9.0,8,8.0,1
20240729,7,7872717,1,4,900000.0,900000.0,56,56,5619,9411,1,24,1,4.0,8,8.0,1
20240729,7,7872718,1,2,1200000.0,1200000.0,40,86,8610,8323,1,47,1,10.0,8,8.0,1
20240729,7,7872720,1,4,2800000.0,2800000.0,48,86,8610,2211,1,41,2,10.0,8,8.0,1
20240729,7,7872722,1,1,1300000.0,1300000.0,57,85,8530,9112,1,59,1,5.0,8,8.0,1
20240729,7,7872727,1,2,1300000.0,1300000.0,60,49,4921,8331,1,53,1,5.0,8,8.0,1
20240729,7,7875327,1,1,1900000.0,1900000.0,48,85,8530,2342,1,54,2,10.0,8,8.0,1
20240729,7,7875327,1,4,1400000.0,1400000.0,48,13,1313,4120,1,60,2,5.0,8,8.0,1
20240729,7,7875328,1,1,1460000.0,1460000.0,48,56,5611,5120,1,42,2,5.0,8,8.0,1
20240729,7,7875329,1,4,1460000.0,1460000.0,48,70,7020,5414,1,53,1,5.0,8,8.0,1
20240729,7,7875329,1,7,2200000.0,2200000.0,48,78,7810,3343,1,25,2,10.0,8,8.0,1
20240729,7,7875333,1,1,2500000.0,2500000.0,45,86,8621,2261,1,39,1,10.0,8,8.0,1
20240729,7,7875334,1,3,1800000.0,1800000.0,47,86,8692,2264,1,35,2,11.0,8,8.0,1
20240729,7,7875334,1,6,1300000.0,1300000.0,47,55,5511,3511,1,24,1,8.0,8,8.0,1
20240729,7,7875335,1,1,4500000.0,4500000.0,35,85,8544,2310,1,50,1,10.0,8,8.0,1
20240729,7,7875335,1,2,4000000.0,4000000.0,35,85,8544,2310,1,51,2,10.0,8,8.0,1
20240729,7,7875337,1,1,6000000.0,6000000.0,40,23,2310,1120,1,44,1,10.0,8,8.0,1
20240729,7,7875337,1,2,3000000.0,3000000.0,35,85,8530,2341,1,45,2,10.0,8,8.0,1
20240729,7,7875338,1,1,4000000.0,4000000.0,40,49,4921,1120,1,62,2,10.0,8,8.0,1
20240729,7,7875338,1,2,2000000.0,2000000.0,40,49,4921,4120,1,31,2,10.0,8,8.0,1
20240729,7,7875339,1,1,3500000.0,3500000.0,46,42,4290,2142,1,43,1,10.0,8,8.0,1
20240729,7,7875342,1,2,2400000.0,2400000.0,44,46,4620,4321,1,23,2,10.0,8,8.0,1
20240729,7,7875343,1,1,1300000.0,1300000.0,72,64,6499,4211,1,40,2,5.0,8,8.0,1
20240729,7,7875346,1,1,4000000.0,4000000.0,46,85,8544,2310,1,31,2,13.0,8,8.0,1
20240729,7,7875348,1,3,1600000.0,1600000.0,48,45,4530,1420,1,52,2,10.0,8,8.0,1
20240729,7,7875350,1,1,1800000.0,1800000.0,48,58,5820,1212,1,26,2,10.0,8,8.0,1
20240729,7,7875351,1,1,6000000.0,3200000.0,52,47,4771,1420,1,37,1,5.0,8,8.0,1
20240729,7,7875354,1,1,6500000.0,6500000.0,48,18,1811,1120,1,47,1,11.0,8,8.0,1
20240729,7,7875356,1,2,10000000.0,10000000.0,48,8,811,1120,1,59,2,5.0,8,8.0,1
20240729,7,7875356,1,3,15000000.0,15000000.0,48,8,811,1221,1,63,1,5.0,8,8.0,1
20240729,7,7875359,1,2,4000000.0,4000000.0,48,10,1081,1212,1,46,2,10.0,8,8.0,1
20240729,7,7875361,1,1,30000000.0,30000000.0,48,42,4290,1323,1,65,1,10.0,8,8.0,1
20240729,7,7875362,1,2,7800000.0,7800000.0,48,52,5229,2431,1,39,1,12.0,8,8.0,1
20240729,7,7875366,1,1,1200000.0,1200000.0,47,49,4923,8332,1,46,1,4.0,8,8.0,1
20240729,7,7875368,1,1,2000000.0,2000000.0,47,55,5511,2166,1,32,2,10.0,8,8.0,1
20240729,7,7875370,1,1,1460000.0,1460000.0,72,49,4921,8331,1,48,1,5.0,8,8.0,1
20240729,7,7875371,1,1,1300000.0,1300000.0,48,80,8010,5414,1,41,1,9.0,8,8.0,1
20240729,7,7875372,1,1,1800000.0,1800000.0,48,33,3311,7132,1,69,1,5.0,8,8.0,1
20240729,7,7875373,1,1,1300000.0,1300000.0,48,86,8691,5414,1,65,1,5.0,8,8.0,1
20240729,7,7875374,1,2,1300000.0,1300000.0,72,64,6499,5230,1,54,2,5.0,8,8.0,1
20240729,7,7875381,1,2,1460000.0,1460000.0,48,85,8530,9112,1,32,2,5.0,8,8.0,1
20240729,7,7875386,1,2,1468000.0,1468000.0,48,47,4711,9112,1,47,1,4.0,8,8.0,1
20240729,7,7875391,1,3,1300000.0,1300000.0,48,47,4711,5222,1,22,2,10.0,8,8.0,1
20240729,7,7875393,1,1,600000.0,600000.0,24,10,1020,7514,1,42,2,5.0,8,8.0,1
20240729,7,7875393,1,2,1300000.0,1300000.0,60,45,4530,5223,1,33,1,4.0,8,8.0,1
20240729,7,7875394,1,1,600000.0,600000.0,50,47,4752,9329,1,61,1,3.0,8,8.0,1
20240729,7,7875398,1,2,1300000.0,1300000.0,48,53,5320,8323,1,33,1,5.0,8,8.0,1
20240729,7,7875400,1,1,1300000.0,1300000.0,48,17,1709,9321,1,41,1,4.0,8,8.0,1
20240729,7,7875403,1,2,1000000.0,1000000.0,48,45,4530,7231,1,34,1,8.0,8,8.0,1
20240729,7,7875404,1,1,1400000.0,1400000.0,60,73,7310,2166,1,36,1,5.0,8,8.0,1
20240729,7,7875404,1,2,800000.0,800000.0,40,55,5530,4120,1,34,2,8.0,8,8.0,1
20240729,7,7875405,1,1,150000.0,150000.0,48,47,4719,5223,1,54,1,3.0,8,8.0,1
20240729,7,7875405,1,3,1300000.0,1300000.0,48,47,4741,5223,1,26,1,5.0,8,8.0,1
20240729,7,7875408,1,1,1300000.0,1300000.0,60,22,2229,8142,1,34,1,8.0,8,8.0,1
20240729,7,7875414,1,3,1600000.0,1600000.0,46,47,4773,5230,1,27,1,10.0,8,8.0,1
20240729,7,7875415,1,3,1600000.0,1600000.0,46,53,5320,9333,1,35,1,5.0,8,8.0,1
20240729,7,7875416,1,1,1500000.0,1500000.0,48,45,4541,3322,1,25,2,9.0,8,8.0,1
20240729,7,7875418,1,1,1500000.0,1500000.0,48,82,8220,4222,1,21,1,5.0,8,8.0,1
20240729,7,7875420,1,1,1462000.0,1462000.0,48,47,4711,2431,1,28,2,10.0,8,8.0,1
20240729,7,7875423,1,1,1470000.0,1470000.0,48,86,8621,3253,1,55,2,9.0,8,8.0,1
20240729,7,7875423,1,2,1100000.0,1100000.0,48,47,4741,5223,1,29,1,10.0,8,8.0,1
20240729,7,7875424,1,2,730000.0,450000.0,46,56,5619,5120,1,51,2,4.0,8,8.0,1
20240729,7,7875427,1,1,3580000.0,3500000.0,48,22,2229,8142,1,27,1,9.0,8,8.0,1
20240729,7,7875427,1,2,1500000.0,1500000.0,48,42,4290,3257,1,26,2,9.0,8,8.0,1
20240729,7,7875428,1,2,1400000.0,1400000.0,60,1,145,4321,1,31,1,8.0,8,8.0,1
20240729,7,7875430,1,1,1200000.0,1200000.0,48,56,5630,5132,1,29,1,5.0,8,8.0,1
20240729,7,7875430,1,2,1300000.0,1300000.0,48,46,4644,4110,1,24,2,8.0,8,8.0,1
20240729,7,7875431,1,1,1300000.0,1300000.0,48,25,2511,4110,1,27,1,5.0,8,8.0,1
20240729,7,7875431,1,2,1300000.0,1300000.0,48,10,1081,5120,1,24,2,5.0,8,8.0,1
20240729,7,7875434,1,3,1300000.0,1300000.0,48,82,8220,4222,1,21,2,10.0,8,8.0,1
20240729,7,7875439,1,9,1300000.0,1300000.0,56,49,4923,8332,1,41,1,5.0,8,8.0,1
20240729,7,7875441,1,1,1470000.0,1470000.0,50,10,1081,9112,1,42,1,5.0,8,8.0,1
20240729,7,7875441,1,2,1465000.0,1465000.0,49,10,1081,7512,1,43,2,5.0,8,8.0,1
20240729,7,7875445,1,1,1300000.0,1300000.0,88,68,6820,5414,1,50,1,4.0,8,8.0,1
20240729,7,7875447,1,2,1450000.0,1450000.0,40,88,8891,5312,1,61,2,7.0,8,8.0,1
20240729,7,7875447,1,3,1460000.0,1460000.0,48,84,8412,6113,1,40,1,5.0,8,8.0,1
20240729,7,7875447,1,4,2050000.0,2050000.0,48,80,8010,5414,1,41,1,5.0,8,8.0,1
20240729,7,7875447,1,5,1300000.0,1300000.0,40,61,6110,9112,1,48,2,5.0,8,8.0,1
20240729,7,7875448,1,1,1460000.0,1460000.0,48,25,2511,4110,1,24,2,8.0,8,8.0,1
20240729,7,7875449,1,1,1200000.0,1200000.0,40,96,9602,5142,1,38,2,8.0,8,8.0,1
20240729,7,7875452,1,4,1300000.0,1300000.0,72,68,6820,5414,1,66,1,5.0,8,8.0,1
20240729,7,7875454,1,3,1300000.0,1300000.0,40,22,2229,8142,1,39,1,5.0,8,8.0,1
20240729,7,7875462,1,5,1300000.0,1300000.0,48,68,6820,5414,1,58,1,5.0,8,8.0,1
20240729,7,7875463,1,1,8000000.0,8000000.0,47,82,8220,2514,1,44,1,10.0,8,8.0,1
20240729,7,7875467,1,1,1650000.0,1650000.0,48,15,1513,8153,1,58,1,5.0,8,8.0,1
20240729,7,7875467,1,3,1550000.0,1300000.0,60,49,4921,8321,1,30,1,5.0,8,8.0,1
20240729,7,7875467,1,4,1900000.0,1900000.0,48,47,4711,5223,1,26,1,8.0,8,8.0,1
20240729,7,7875467,1,5,2000000.0,2000000.0,48,35,3520,3511,1,23,2,9.0,8,8.0,1
20240729,7,7875472,1,2,700000.0,700000.0,48,14,1410,7531,1,22,2,5.0,8,8.0,1
20240729,7,7875474,1,1,5000000.0,5000000.0,48,69,6910,2611,1,43,1,10.0,8,8.0,1
20240729,7,7875474,1,2,6000000.0,6000000.0,48,86,8610,2211,1,31,2,10.0,8,8.0,1
20240728,7,7881283,1,1,9000000.0,9000000.0,48,71,7112,2146,1,47,1,11.0,8,8.0,1
20240728,7,7881283,1,2,8000000.0,8000000.0,48,71,7112,3341,1,46,2,5.0,8,8.0,1
20240730,7,7881285,1,2,1500000.0,1500000.0,48,94,9499,5414,1,38,1,5.0,8,8.0,1
20240730,7,7883073,1,3,5000000.0,5000000.0,47,41,4111,1221,1,40,2,11.0,8,8.0,1
20240730,7,7883077,1,2,3000000.0,3000000.0,48,42,4210,2411,1,53,2,11.0,8,8.0,1
20240730,7,7883078,1,5,1100000.0,600000.0,80,47,4711,5223,1,21,1,3.0,8,8.0,1
20240730,7,7883080,1,2,1300000.0,1300000.0,48,41,4111,5414,1,29,1,5.0,8,8.0,1
20240730,7,7883081,1,1,1200000.0,1200000.0,60,56,5619,9412,1,25,1,5.0,8,8.0,1
20240730,7,7883081,1,2,1160000.0,960000.0,72,56,5611,5131,1,23,2,3.0,8,8.0,1
20240730,7,7883081,1,5,560000.0,560000.0,40,55,5511,4224,1,21,2,5.0,8,8.0,1
20240730,7,7883083,1,2,1300000.0,1300000.0,48,10,1051,7233,1,28,1,5.0,8,8.0,1
20240730,7,7883084,1,2,1300000.0,1300000.0,50,41,4111,9313,1,60,1,3.0,8,8.0,1
20240730,7,7883085,1,3,1300000.0,1300000.0,48,49,4921,8331,1,48,1,5.0,8,8.0,1
20240730,7,7883085,1,4,1800000.0,1800000.0,48,49,4923,1324,1,32,1,10.0,8,8.0,1
20240730,7,7886201,1,3,3900000.0,3900000.0,48,93,9329,3341,1,36,1,10.0,8,8.0,1
20240730,7,7886204,1,1,1500000.0,1500000.0,48,86,8621,4110,1,53,2,10.0,8,8.0,1
20240730,7,7886204,1,2,3500000.0,3500000.0,48,33,3312,3322,1,61,1,8.0,8,8.0,1
20240730,7,7886206,1,3,570000.0,570000.0,12,73,7320,4227,1,60,2,8.0,8,8.0,1
20240730,7,7886206,1,6,1400000.0,1400000.0,48,14,1410,8153,1,57,2,5.0,8,8.0,1
20240730,7,7886207,1,1,1500000.0,1500000.0,40,69,6910,2611,1,47,1,10.0,8,8.0,1
20240730,7,7886208,1,1,9000000.0,9000000.0,40,85,8544,2310,1,67,1,13.0,8,8.0,1
20240730,7,7886209,1,2,3600000.0,3600000.0,48,64,6492,1211,1,40,2,10.0,8,8.0,1
20240730,7,7886211,1,1,2500000.0,2500000.0,48,33,3312,2144,1,51,1,10.0,8,8.0,1
20240730,7,7886211,1,2,4500000.0,4500000.0,48,21,2100,2611,1,45,2,10.0,8,8.0,1
20240730,7,7886213,1,3,1300000.0,1300000.0,48,61,6110,3322,1,46,1,11.0,8,8.0,1
20240730,7,7886219,1,1,2000000.0,2000000.0,48,56,5619,2411,1,37,1,10.0,8,8.0,1
20240730,7,7886219,1,2,2600000.0,2600000.0,48,52,5210,4321,1,32,2,9.0,8,8.0,1
20240730,7,7886222,1,3,1300000.0,1300000.0,50,85,8530,4110,1,25,2,10.0,8,8.0,1
20240730,7,7886225,1,3,2000000.0,2000000.0,48,10,1012,2131,1,24,2,10.0,8,8.0,1
20240730,7,7886225,2,1,900000.0,900000.0,60,94,9491,2636,1,59,1,9.0,8,8.0,1
20240730,7,7886230,1,2,,,48,86,8610,2211,1,44,2,10.0,8,8.0,1
20240730,7,7886233,1,1,5400000.0,5400000.0,46,69,6910,2611,1,58,2,11.0,8,8.0,1
20240730,7,7886235,1,1,3000000.0,1800000.0,46,85,8523,5142,1,49,2,6.0,8,8.0,1
20240730,7,7886237,1,1,2600000.0,2600000.0,48,85,8530,2330,1,36,2,10.0,8,8.0,1
20240730,7,7886237,1,2,5300000.0,5300000.0,47,64,6412,1346,1,42,1,10.0,8,8.0,1
20240730,7,7886247,1,1,4000000.0,4000000.0,48,19,1921,1324,1,27,2,10.0,8,8.0,1
20240730,7,7886248,1,1,1300000.0,1300000.0,48,47,4754,7411,1,29,1,8.0,8,8.0,1
20240730,7,7886248,1,2,1300000.0,1300000.0,48,70,7010,5223,1,26,2,8.0,8,8.0,1
20240730,7,7886249,1,2,1600000.0,1600000.0,48,56,5619,7512,1,33,1,5.0,8,8.0,1
20240730,7,7886252,1,2,1600000.0,1600000.0,60,14,1410,5244,1,25,2,8.0,8,8.0,1
20240730,7,7886255,1,1,1400000.0,1400000.0,60,47,4711,5223,1,46,1,5.0,8,8.0,1
20240730,7,7886258,1,2,1200000.0,1200000.0,47,25,2511,7212,1,47,1,5.0,8,8.0,1
20240730,7,7886258,1,3,1200000.0,1200000.0,48,56,5611,9412,1,45,1,5.0,8,8.0,1
20240730,7,7886258,1,4,1465000.0,1465000.0,48,32,3290,8143,1,42,1,5.0,8,8.0,1
20240730,7,7886261,1,1,1300000.0,1300000.0,48,10,1081,7512,1,44,1,5.0,8,8.0,1
20240730,7,7886264,1,2,1800000.0,1800000.0,50,86,8610,2221,1,30,2,8.0,8,8.0,1
20240730,7,7886267,1,2,1300000.0,1300000.0,60,47,4741,5223,1,29,1,3.0,8,8.0,1
20240730,7,7886268,1,2,400000.0,400000.0,20,47,4711,5223,1,17,1,4.0,8,8.0,1
20240730,7,7886272,1,1,2800000.0,2800000.0,48,33,3311,3341,1,28,1,8.0,8,8.0,1
20240730,7,7886273,1,1,1460000.0,1460000.0,48,55,5511,7127,1,32,1,8.0,8,8.0,1
20240730,7,7886275,1,1,1460000.0,1460000.0,48,45,4520,7132,1,53,1,8.0,8,8.0,1
20240730,7,7886275,1,3,1460000.0,1460000.0,35,85,8530,2330,1,23,2,10.0,8,8.0,1
20240730,7,7886277,1,2,1300000.0,1300000.0,48,49,4921,9122,1,32,1,8.0,8,8.0,1
20240730,7,7886278,1,2,1300000.0,1300000.0,48,41,4111,9313,1,30,1,3.0,8,8.0,1
20240730,7,7886279,1,7,1600000.0,1600000.0,54,49,4921,8331,1,44,1,3.0,8,8.0,1
20240730,7,7886280,1,3,1460000.0,1460000.0,48,47,4761,9321,1,26,2,8.0,8,8.0,1
20240730,7,7886283,1,1,1300000.0,1300000.0,48,46,4645,5223,1,29,1,8.0,8,8.0,1
20240730,7,7886286,1,4,1500000.0,1500000.0,70,49,4921,8323,1,35,1,5.0,8,8.0,1
20240730,7,7886288,1,1,1300000.0,1300000.0,48,10,1011,9621,1,58,1,5.0,8,8.0,1
20240730,7,7886289,1,2,1600000.0,1600000.0,50,82,8220,4222,1,24,2,10.0,8,8.0,1
20240730,7,7886290,1,2,600000.0,600000.0,30,25,2511,7221,1,50,1,4.0,8,8.0,1
20240730,7,7886296,1,1,2000000.0,2000000.0,48,33,3312,2411,1,33,1,10.0,8,8.0,1
20240730,7,7886296,1,2,2000000.0,2000000.0,40,65,6511,2269,1,32,2,10.0,8,8.0,1
20240730,7,7886298,1,4,1800000.0,1800000.0,48,58,5820,2511,1,21,1,9.0,8,8.0,1
20240730,7,7886299,1,1,2600000.0,2600000.0,47,85,8530,2330,1,47,1,10.0,8,8.0,1
20240730,7,7886302,2,1,950000.0,950000.0,60,56,5630,5414,1,55,1,5.0,8,8.0,1
20240730,7,7886303,1,4,1300000.0,1300000.0,47,20,2021,8131,1,38,1,5.0,8,8.0,1
20240730,7,7886303,1,8,1700000.0,1700000.0,56,23,2310,9321,1,42,1,5.0,8,8.0,1
20240730,7,7886303,1,12,1300000.0,1300000.0,48,64,6424,4214,1,32,1,5.0,8,8.0,1
20240730,7,7886304,1,6,900000.0,900000.0,46,47,4741,3322,1,24,2,6.0,8,8.0,1
20240730,7,7886305,1,1,1600000.0,1600000.0,48,47,4711,1324,1,33,1,8.0,8,8.0,1
20240730,7,7886306,1,4,1950000.0,1650000.0,58,56,5611,9412,1,24,1,5.0,8,8.0,1
20240730,7,7886308,1,2,1000000.0,1000000.0,40,85,8530,5120,1,40,2,4.0,8,8.0,1
20240730,7,7886309,1,3,800000.0,800000.0,48,73,7310,9329,1,40,1,5.0,8,8.0,1
20240730,7,7886311,1,1,1600000.0,1600000.0,48,23,2393,4321,1,23,1,9.0,8,8.0,1
20240730,7,7886311,1,2,1600000.0,1600000.0,48,11,1104,4226,1,28,2,9.0,8,8.0,1
20240730,7,7886312,1,3,3500000.0,3500000.0,40,70,7020,2421,1,42,1,11.0,8,8.0,1
20240730,7,7886312,1,5,1700000.0,1700000.0,52,59,5914,9629,1,29,1,8.0,8,8.0,1
20240730,7,7886314,1,1,1780000.0,1300000.0,48,10,1081,7512,1,41,1,4.0,8,8.0,1
20240730,7,7886317,1,2,1460000.0,1460000.0,48,46,4631,5243,1,33,1,5.0,8,8.0,1
20240730,7,7886319,1,1,900000.0,900000.0,50,47,4722,5211,1,65,1,3.0,8,8.0,1
20240730,7,7886320,1,2,1600000.0,1600000.0,47,86,8610,3221,1,28,2,8.0,8,8.0,1
20240730,7,7886323,1,1,1600000.0,1600000.0,48,31,3110,7522,1,53,1,4.0,8,8.0,1
20240730,7,7886325,1,1,1700000.0,1700000.0,60,49,4921,8331,1,46,1,5.0,8,8.0,1
20240730,7,7886327,1,1,1300000.0,1300000.0,72,46,4642,4321,1,30,1,8.0,8,8.0,1
20240730,7,7886328,1,1,1300000.0,1300000.0,48,23,2395,5414,1,45,1,5.0,8,8.0,1
20240730,7,7886329,1,2,1400000.0,1400000.0,40,45,4520,2411,1,34,2,10.0,8,8.0,1
20240730,7,7886330,1,2,1300000.0,1300000.0,60,47,4773,3213,1,33,2,8.0,8,8.0,1
20240730,7,7886336,1,1,1300000.0,1300000.0,48,68,6820,5414,1,63,1,5.0,8,8.0,1
20240730,7,7886336,1,3,1300000.0,1300000.0,48,82,8220,4222,1,34,2,5.0,8,8.0,1
20240730,7,7886336,1,4,1300000.0,1300000.0,48,86,8610,5411,1,30,1,5.0,8,8.0,1
20240730,7,7886337,1,1,1300000.0,1300000.0,50,56,5619,4321,1,38,2,5.0,8,8.0,1
20240730,7,7886338,1,3,2200000.0,2200000.0,47,43,4321,1212,1,27,1,8.0,8,8.0,1
20240730,7,7886338,1,5,,,47,58,5820,2511,1,26,1,10.0,8,8.0,1
20240730,7,7886339,1,2,1800000.0,1800000.0,48,10,1040,5243,1,51,2,5.0,8,8.0,1
20240730,7,7886339,1,4,2600000.0,2600000.0,40,85,8530,2330,1,44,1,10.0,8,8.0,1
20240730,7,7886340,1,3,1300000.0,1300000.0,47,49,4923,8332,1,65,1,5.0,8,8.0,1
20240730,7,7886340,1,5,1300000.0,1300000.0,48,65,6511,3343,1,24,2,9.0,8,8.0,1
20240730,7,7886341,1,1,2000000.0,2000000.0,46,61,6110,3341,1,42,2,10.0,8,8.0,1
20240730,7,7886342,1,1,1300000.0,1300000.0,60,52,5221,4321,1,63,1,4.0,8,8.0,1
20240730,7,7886343,1,1,1800000.0,1800000.0,47,49,4921,5414,1,49,1,5.0,8,8.0,1
20240730,7,7886344,1,1,1500000.0,1500000.0,48,20,2012,4321,1,51,1,4.0,8,8.0,1
20240730,7,7886345,1,1,1700000.0,1460000.0,48,23,2394,5414,1,44,1,5.0,8,8.0,1
20240730,7,7886345,1,3,2000000.0,2000000.0,40,85,8530,2330,1,25,2,10.0,8,8.0,1
20240730,7,7886351,1,2,2200000.0,2200000.0,48,15,1521,3122,1,29,2,10.0,8,8.0,1
20240730,7,7886351,1,3,2800000.0,2800000.0,48,42,4290,2142,1,38,1,10.0,8,8.0,1
20240730,7,7886352,1,2,1420000.0,1300000.0,48,10,1031,5414,1,59,1,5.0,8,8.0,1
20240831,8,7894307,1,3,3000000.0,3000000.0,47,35,3520,4321,1,28,1,10.0,8,8.0,1
20240831,8,7894308,1,1,15000000.0,15000000.0,47,49,4923,1212,1,51,1,10.0,8,8.0,1
20240831,8,7894311,1,1,17000000.0,17000000.0,47,27,2720,2263,1,47,1,12.0,8,8.0,1
20240831,8,7894311,1,2,15000000.0,15000000.0,48,86,8621,2212,1,45,2,11.0,8,8.0,1
20240831,8,7894312,1,3,6000000.0,6000000.0,47,49,4921,2411,1,40,1,10.0,8,8.0,1
20240831,8,7894318,1,1,20000000.0,20000000.0,48,88,8891,1212,1,41,1,10.0,8,8.0,1
20240831,8,7894320,1,1,35000000.0,35000000.0,47,42,4210,1323,1,58,1,10.0,8,8.0,1
20240831,8,7894325,1,1,3000000.0,3000000.0,48,86,8691,2131,1,36,2,10.0,8,8.0,1
20240831,8,7894326,1,2,1900000.0,1900000.0,48,86,8621,2511,1,26,2,10.0,8,8.0,1
20240831,8,7894326,1,3,2000000.0,2000000.0,48,82,8220,4222,1,20,2,5.0,8,8.0,1
20240831,8,7894328,1,1,2600000.0,2600000.0,47,47,4711,1420,1,27,2,10.0,8,8.0,1
20240831,8,7894328,1,2,1300000.0,1300000.0,47,20,2023,1212,1,26,2,9.0,8,8.0,1
20240831,8,7894329,1,6,1270000.0,800000.0,80,47,4711,5221,1,25,1,5.0,8,8.0,1
20240831,8,7894330,1,1,1600000.0,1600000.0,50,41,4111,7112,1,52,1,5.0,8,8.0,1
20240831,8,7894336,1,2,4235000.0,4235000.0,45,62,6209,2511,1,50,2,10.0,8,8.0,1
20240831,8,7894339,1,1,6000000.0,6000000.0,48,71,7112,2611,1,36,1,11.0,8,8.0,1
20240831,8,7894339,1,2,6000000.0,6000000.0,40,65,6511,3315,1,40,2,11.0,8,8.0,1
20240831,8,7894342,1,1,2500000.0,2500000.0,40,85,8530,4311,1,59,2,8.0,8,8.0,1
20240831,8,7894343,1,2,1300000.0,1300000.0,44,86,8622,5329,1,57,1,8.0,8,8.0,1
20240831,8,7894345,1,1,5000000.0,5000000.0,48,15,1522,1321,1,37,1,10.0,8,8.0,1
20240831,8,7894348,1,1,3240000.0,3000000.0,48,41,4111,7111,1,29,1,10.0,8,8.0,1
20240831,8,7894348,1,2,2000000.0,2000000.0,48,46,4663,1212,1,32,2,10.0,8,8.0,1
20240831,8,7894354,1,1,1500000.0,1500000.0,40,82,8220,3341,1,32,2,10.0,8,8.0,1
20240831,8,7894354,1,2,1300000.0,1300000.0,47,82,8220,4222,1,22,2,10.0,8,8.0,1
20240831,8,7894355,1,1,1600000.0,1600000.0,48,47,4773,8321,1,49,1,8.0,8,8.0,1
20240831,8,7894355,1,2,1600000.0,1600000.0,48,61,6110,3114,1,45,2,8.0,8,8.0,1
20240831,8,7894357,1,1,4200000.0,4200000.0,48,86,8610,2211,1,25,1,10.0,8,8.0,1
20240831,8,7894357,1,2,5000000.0,5000000.0,52,56,5611,1412,1,28,2,10.0,8,8.0,1
20240831,8,7894364,1,2,1200000.0,1200000.0,48,14,1410,8153,1,30,2,5.0,8,8.0,1
20240831,8,7894365,1,6,440000.0,240000.0,30,56,5611,5120,1,31,2,5.0,8,8.0,1
20240831,8,7894365,1,10,1050000.0,900000.0,52,47,4721,9621,1,17,2,4.0,8,8.0,1
20240831,8,7894367,1,1,1560000.0,1200000.0,70,47,4711,5223,1,26,1,5.0,8,8.0,1
20240831,8,7894367,1,2,350000.0,350000.0,40,96,9602,5141,1,23,2,5.0,8,8.0,1
20240831,8,7894368,1,1,300000.0,300000.0,30,46,4620,9211,1,28,2,5.0,8,8.0,1
20240831,8,7894368,1,2,1300000.0,1300000.0,50,41,4111,9313,1,28,1,4.0,8,8.0,1
20240831,8,7894370,1,1,1300000.0,1300000.0,48,31,3110,7212,1,26,1,5.0,8,8.0,1
20240831,8,7894370,1,2,1300000.0,1300000.0,48,82,8220,3321,1,22,2,8.0,8,8.0,1
20240831,8,7894372,1,2,2000000.0,2000000.0,60,10,1081,7512,1,32,1,4.0,8,8.0,1
20240831,8,7894373,1,1,980000.0,700000.0,45,38,3811,9333,1,42,1,5.0,8,8.0,1
20240831,8,7894375,1,2,300000.0,300000.0,40,46,4631,7511,1,50,1,8.0,8,8.0,1
20240831,8,7894376,1,1,1300000.0,1300000.0,48,23,2395,8344,1,45,1,8.0,8,8.0,1
20240831,8,7894376,1,2,1300000.0,1300000.0,48,21,2100,4413,1,39,2,8.0,8,8.0,1
20240831,8,7894377,1,1,1600000.0,1600000.0,46,47,4711,7511,1,42,1,8.0,8,8.0,1
20240831,8,7894377,1,2,1465000.0,1465000.0,47,47,4711,5223,1,38,2,5.0,8,8.0,1
20240831,8,7894378,1,5,1300000.0,1300000.0,48,68,6820,9112,1,48,1,3.0,8,8.0,1
20240831,8,7894381,1,3,1300000.0,1300000.0,48,47,4752,5223,1,27,1,5.0,8,8.0,1
20240831,8,7894382,1,9,1465000.0,1465000.0,47,43,4322,7126,1,54,1,3.0,8,8.0,1
20240831,8,7894387,1,1,1465000.0,1465000.0,47,49,4923,4321,1,31,1,5.0,8,8.0,1
20240831,8,7894388,1,2,1300000.0,1300000.0,47,60,6010,5223,1,28,1,5.0,8,8.0,1
20240831,8,7894390,1,2,1300000.0,1300000.0,48,46,4661,5245,1,29,1,5.0,8,8.0,1
20240831,8,7894393,1,2,1460000.0,1460000.0,42,47,4711,5230,1,42,2,8.0,8,8.0,1
20240831,8,7894394,1,1,1000000.0,1000000.0,48,45,4520,7412,1,68,1,8.0,8,8.0,1
20240831,8,7894397,1,1,1300000.0,1300000.0,60,10,1011,7511,1,27,1,3.0,8,8.0,1
20240831,8,7894399,1,1,1300000.0,1300000.0,48,22,2229,2141,1,48,1,10.0,8,8.0,1
20240831,8,7894403,1,1,1300000.0,1300000.0,47,21,2100,9621,1,60,1,5.0,8,8.0,1
20240831,8,7894404,1,3,1900000.0,1900000.0,48,23,2310,9629,1,22,1,5.0,8,8.0,1
20240831,8,7894409,1,1,1300000.0,1300000.0,48,68,6820,5414,1,26,1,5.0,8,8.0,1
20240831,8,7894411,1,5,620000.0,500000.0,20,10,1081,5246,1,24,1,5.0,8,8.0,1
20240831,8,7894418,1,4,600000.0,600000.0,46,14,1410,8153,1,27,2,8.0,8,8.0,1
20240831,8,7894418,1,9,350000.0,350000.0,30,14,1410,8153,1,18,2,8.0,8,8.0,1
20240831,8,7894422,1,2,1300000.0,1300000.0,48,68,6820,9112,1,51,1,5.0,8,8.0,1
20240831,8,7894423,1,1,1400000.0,1400000.0,48,41,4111,9112,1,25,1,5.0,8,8.0,1
20240831,8,7894423,1,3,1300000.0,1300000.0,60,1,145,9321,1,21,1,5.0,8,8.0,1
20240831,8,7894428,1,2,2200000.0,2200000.0,48,80,8010,5414,1,48,1,10.0,8,8.0,1
20240831,8,7894430,1,1,5200000.0,5200000.0,48,61,6130,3123,1,41,1,10.0,8,8.0,1
20240831,8,7894431,1,1,1300000.0,1300000.0,48,86,8610,5321,1,32,1,8.0,8,8.0,1
20240831,8,7894433,1,1,1500000.0,1500000.0,48,65,6511,5414,1,49,1,8.0,8,8.0,1
20240831,8,7894433,1,3,1300000.0,1300000.0,48,47,4711,9112,1,27,1,5.0,8,8.0,1
20240831,8,7894434,1,3,2100000.0,2100000.0,48,5,510,8342,1,40,1,9.0,8,8.0,1
20240831,8,7894435,1,1,1300000.0,1300000.0,48,49,4923,4311,1,56,1,8.0,8,8.0,1
20240831,8,7894439,1,1,1050000.0,800000.0,84,47,4711,5223,1,36,1,3.0,8,8.0,1
20240831,8,7894440,1,1,1000000.0,1000000.0,63,47,4771,5223,1,40,2,8.0,8,8.0,1
20240831,8,7894441,1,1,1300000.0,1300000.0,50,41,4111,9313,1,61,1,9.0,8,8.0,1
20240831,8,7894441,1,2,1500000.0,1500000.0,60,77,7730,5249,1,47,2,10.0,8,8.0,1
20240831,8,7894441,1,4,1800000.0,1800000.0,60,82,8220,4222,1,28,1,10.0,8,8.0,1
20240831,8,7894441,1,6,1300000.0,1300000.0,50,41,4111,7323,1,25,1,5.0,8,8.0,1
20240831,8,7894441,1,7,700000.0,700000.0,40,56,5619,5230,1,21,2,8.0,8,8.0,1
20240831,8,7894444,1,1,580000.0,300000.0,60,56,5619,9411,1,23,1,5.0,8,8.0,1
20240831,8,7894446,1,1,1300000.0,1300000.0,47,86,8621,3344,1,43,2,5.0,8,8.0,1
20240831,8,7894447,1,3,1462000.0,1462000.0,46,20,2023,7399,1,26,1,5.0,8,8.0,1
20240831,8,7894447,1,4,1462000.0,1462000.0,46,47,4711,5223,1,23,2,6.0,8,8.0,1
20240831,8,7894449,1,1,1300000.0,1300000.0,48,81,8130,9214,1,47,1,5.0,8,8.0,1
20240831,8,7894449,1,3,1300000.0,1300000.0,48,68,6820,4223,1,28,2,10.0,8,8.0,1
20240831,8,7894453,1,2,1300000.0,1300000.0,44,80,8020,4311,1,33,2,8.0,8,8.0,1
20240831,8,7894455,1,2,990000.0,780000.0,40,56,5619,5212,1,36,2,5.0,8,8.0,1
20240831,8,7894463,1,1,1400000.0,1400000.0,60,46,4663,1420,1,42,2,5.0,8,8.0,1
20240831,8,7894463,1,2,1600000.0,1600000.0,48,86,8621,2212,1,39,1,10.0,8,8.0,1
20240832,8,7898507,1,1,2600000.0,2600000.0,47,82,8220,4222,1,30,2,11.0,8,8.0,1
20240832,8,7898508,1,1,2400000.0,2400000.0,46,56,5611,5131,1,32,1,5.0,8,8.0,1
20240832,8,7898509,1,1,1460000.0,1460000.0,48,10,1040,5221,1,30,1,8.0,8,8.0,1
20240831,8,7899387,1,1,3900000.0,3900000.0,47,10,1040,4110,1,64,1,10.0,8,8.0,1
20240832,8,7899389,1,1,15360000.0,15000000.0,48,55,5511,1411,1,54,2,10.0,8,8.0,1
20240832,8,7899389,1,2,5000000.0,5000000.0,40,20,2012,2412,1,28,1,10.0,8,8.0,1
20240832,8,7899393,1,1,4000000.0,4000000.0,48,42,4290,1219,1,44,2,10.0,8,8.0,1
20240832,8,7899394,1,1,1300000.0,1300000.0,105,49,4921,8323,1,50,1,5.0,8,8.0,1
20240832,8,7899396,1,1,1300000.0,1300000.0,40,47,4771,5223,1,63,2,5.0,8,8.0,1
20240832,8,7901405,1,1,3600000.0,3600000.0,47,47,4711,1120,1,35,1,11.0,8,8.0,1
20240832,8,7901405,1,2,2400000.0,2400000.0,47,64,6412,3322,1,35,2,11.0,8,8.0,1
20240832,8,7901407,1,1,2500000.0,2500000.0,47,82,8220,4222,1,37,2,10.0,8,8.0,1
20240832,8,7901408,1,1,3000000.0,3000000.0,48,33,3311,1212,1,60,2,10.0,8,8.0,1
20240832,8,7901409,1,1,1800000.0,1800000.0,47,82,8220,4222,1,42,2,10.0,8,8.0,1
20240832,8,7901411,1,1,2500000.0,2500000.0,48,47,4752,1420,1,57,1,10.0,8,8.0,1
20240832,8,7901411,1,2,5800000.0,5800000.0,40,85,8530,2330,1,54,2,12.0,8,8.0,1
20240832,8,7901412,1,2,1800000.0,1800000.0,50,86,8621,2221,1,39,2,10.0,8,8.0,1
20240832,8,7901413,1,2,2200000.0,2200000.0,40,85,8530,2342,1,36,2,10.0,8,8.0,1
20240832,8,7901415,1,1,11000000.0,9000000.0,30,85,8544,2310,1,55,2,12.0,8,8.0,1
20240832,8,7901415,1,3,3000000.0,3000000.0,47,82,8220,2611,1,28,1,11.0,8,8.0,1
20240832,8,7901416,1,1,2000000.0,2000000.0,48,71,7112,2269,1,50,1,10.0,8,8.0,1
20240832,8,7901416,1,2,2000000.0,2000000.0,48,11,1103,4321,1,44,2,8.0,8,8.0,1
20240832,8,7901419,1,1,2000000.0,2000000.0,42,10,1084,1321,1,58,2,8.0,8,8.0,1
20240832,8,7901421,1,1,1460000.0,1460000.0,48,38,3811,8332,1,54,1,4.0,8,8.0,1
20240832,8,7901423,1,2,2850000.0,2600000.0,60,23,2310,3122,1,37,1,8.0,8,8.0,1
20240832,8,7901424,1,1,1800000.0,1800000.0,48,42,4290,2411,1,41,2,10.0,8,8.0,1
20240832,8,7901426,1,3,1300000.0,1300000.0,48,53,5320,9621,1,45,1,9.0,8,8.0,1
20240832,8,7901427,1,1,1300000.0,1300000.0,48,31,3120,8159,1,60,1,5.0,8,8.0,1
20240832,8,7901427,1,3,3900000.0,3900000.0,48,10,1082,3341,1,31,2,11.0,8,8.0,1
20240832,8,7901427,1,4,1840000.0,1600000.0,72,55,5511,3434,1,29,2,10.0,8,8.0,1
20240832,8,7901429,1,1,3600000.0,3600000.0,40,1,145,1311,1,65,1,10.0,8,8.0,1
20240832,8,7901429,1,2,3000000.0,3000000.0,40,1,145,3343,1,55,2,8.0,8,8.0,1
20240832,8,7901430,1,3,2600000.0,2600000.0,48,46,4631,4110,1,31,2,10.0,8,8.0,1
20240832,8,7901431,1,2,1462000.0,1462000.0,46,84,8424,9112,1,29,2,5.0,8,8.0,1
20240832,8,7901432,1,2,2500000.0,2500000.0,46,35,3514,2511,1,26,1,10.0,8,8.0,1
20240832,8,7901433,1,1,1100000.0,800000.0,48,56,5611,9621,1,33,1,5.0,8,8.0,1
20240832,8,7901433,1,2,1300000.0,1300000.0,46,47,4751,5223,1,44,2,5.0,8,8.0,1
20240832,8,7901441,1,1,1800000.0,1800000.0,48,31,3120,5223,1,57,2,8.0,8,8.0,1
20240832,8,7901445,1,2,1300000.0,1300000.0,47,85,8551,9112,1,43,1,5.0,8,8.0,1
20240832,8,7901447,1,1,1460000.0,1460000.0,40,84,8412,9112,1,60,1,3.0,8,8.0,1
20240832,8,7901448,1,1,1510000.0,1510000.0,48,77,7730,5414,1,37,1,9.0,8,8.0,1
20240832,8,7901448,1,2,1470000.0,1470000.0,47,85,8530,2330,1,28,2,10.0,8,8.0,1
20240832,8,7901456,1,1,1400000.0,1400000.0,60,68,6820,3334,1,32,1,5.0,8,8.0,1
20240832,8,7901457,1,1,1600000.0,1600000.0,48,84,8412,7131,1,55,1,5.0,8,8.0,1
20240832,8,7901458,1,1,3000000.0,3000000.0,48,42,4210,2635,1,45,2,10.0,8,8.0,1
20240832,8,7901458,1,2,1460000.0,1460000.0,48,47,4759,9621,1,60,1,4.0,8,8.0,1
20240832,8,7901461,1,8,1300000.0,1300000.0,48,80,8010,4110,1,33,2,9.0,8,8.0,1
20240832,8,7901461,1,9,1300000.0,1300000.0,48,17,1702,5414,1,33,1,5.0,8,8.0,1
20240832,8,7901462,1,1,296000.0,116000.0,30,1,128,6112,1,43,2,5.0,8,8.0,1
20240832,8,7901463,1,2,1300000.0,1300000.0,72,36,3600,3521,1,52,1,9.0,8,8.0,1
20240832,8,7901469,1,2,1300000.0,1300000.0,48,81,8130,9613,1,52,2,5.0,8,8.0,1
20240832,8,7901473,1,5,300000.0,300000.0,60,41,4111,9313,1,53,1,3.0,8,8.0,1
20240832,8,7901474,1,1,1300000.0,1300000.0,47,14,1410,7531,1,66,1,4.0,8,8.0,1
20240832,8,7901477,1,3,1300000.0,1300000.0,46,41,4111,7111,1,29,1,5.0,8,8.0,1
20240832,8,7901479,1,1,1300000.0,1300000.0,47,47,4724,5243,1,23,1,5.0,8,8.0,1
20240832,8,7901479,1,4,1000000.0,1000000.0,56,45,4530,5221,1,21,1,5.0,8,8.0,1
20240832,8,7901481,1,1,780000.0,780000.0,48,47,4741,5223,1,18,1,5.0,8,8.0,1
20240832,8,7901485,1,1,1460000.0,1460000.0,47,46,4631,5243,1,52,2,5.0,8,8.0,1
20240832,8,7901485,1,2,2400000.0,2400000.0,48,23,2310,3122,1,26,1,9.0,8,8.0,1
20240832,8,7901486,1,1,1460000.0,1460000.0,48,46,4631,5223,1,37,2,10.0,8,8.0,1
20240832,8,7901487,1,2,1460000.0,1460000.0,40,82,8220,4222,1,23,2,10.0,8,8.0,1
20240832,8,7901487,1,3,1500000.0,1500000.0,48,47,4772,5223,1,29,1,10.0,8,8.0,1
20240832,8,7901488,1,2,1300000.0,1300000.0,55,47,4711,5230,1,26,2,8.0,8,8.0,1
20240832,8,7901491,1,1,2200000.0,2200000.0,48,71,7112,4321,1,38,1,8.0,8,8.0,1
20240832,8,7901493,1,3,2600000.0,2600000.0,60,65,6523,2634,1,41,2,10.0,8,8.0,1
20240832,8,7901499,1,2,1000000.0,1000000.0,24,49,4923,9333,1,34,1,5.0,8,8.0,1
20240832,8,7901501,1,1,1300000.0,1300000.0,40,88,8891,5311,1,65,2,5.0,8,8.0,1
20240832,8,7901508,1,1,1500000.0,1500000.0,40,47,4771,1420,1,28,2,8.0,8,8.0,1
20240832,8,7901511,1,3,2600000.0,2600000.0,46,65,6511,3321,1,64,2,8.0,8,8.0,1
20240832,8,7901512,1,1,2600000.0,2600000.0,48,10,1081,1221,1,46,1,10.0,8,8.0,1
20240832,8,7901513,1,1,1600000.0,1600000.0,40,85,8512,1345,1,31,2,10.0,8,8.0,1
20240832,8,7901516,1,2,1450000.0,1450000.0,48,96,9601,8157,1,42,1,5.0,8,8.0,1
20240832,8,7901519,1,3,1300000.0,1300000.0,47,47,4711,3322,1,26,2,5.0,8,8.0,1
20240832,8,7901519,1,4,1300000.0,1300000.0,47,82,8220,4222,1,24,1,5.0,8,8.0,1
20240832,8,7901523,1,2,1460000.0,1460000.0,46,74,7490,3322,1,48,2,9.0,8,8.0,1
20240832,8,7901524,1,1,1462000.0,1462000.0,46,14,1410,4321,1,33,1,5.0,8,8.0,1
20240832,8,7901524,1,2,1462000.0,1462000.0,48,80,8010,5414,1,40,2,5.0,8,8.0,1
20240833,8,7903959,1,1,3500000.0,3500000.0,48,42,4290,2142,1,60,1,10.0,8,8.0,1
20240832,8,7905864,1,1,1500000.0,1300000.0,48,24,2410,3122,1,47,1,9.0,8,8.0,1
20240832,8,7905864,1,2,1300000.0,1300000.0,48,61,6120,3322,1,36,2,9.0,8,8.0,1
20240833,8,7905866,1,1,7000000.0,7000000.0,47,14,1410,1120,1,33,1,5.0,8,8.0,1
20240833,8,7905868,1,1,3500000.0,3500000.0,48,64,6412,3322,1,27,1,11.0,8,8.0,1
20240833,8,7905868,1,2,3000000.0,3000000.0,47,69,6910,2611,1,24,2,10.0,8,8.0,1
20240833,8,7905869,1,1,12500000.0,8500000.0,48,86,8621,2212,1,58,1,11.0,8,8.0,1
20240833,8,7905870,1,1,7200000.0,7200000.0,50,86,8610,2212,1,38,1,11.0,8,8.0,1
20240833,8,7905870,1,2,6800000.0,6800000.0,48,86,8621,2211,1,36,2,10.0,8,8.0,1
20240833,8,7905872,1,1,4000000.0,4000000.0,48,56,5611,1412,1,50,2,10.0,8,8.0,1
20240833,8,7905875,1,1,4000000.0,4000000.0,47,14,1410,1321,1,42,1,10.0,8,8.0,1
20240833,8,7905876,1,1,4500000.0,2500000.0,48,69,6920,2411,1,29,1,10.0,8,8.0,1
20240833,8,7905877,1,3,400000.0,400000.0,28,33,3314,7412,1,23,1,5.0,8,8.0,1
20240833,8,7905878,1,1,1300000.0,1300000.0,48,60,6020,2654,1,47,2,11.0,8,8.0,1
20240833,8,7905880,1,2,1300000.0,1300000.0,48,41,4111,9333,1,21,1,5.0,8,8.0,1
20240833,8,7905882,1,3,1470000.0,1470000.0,47,85,8544,3513,1,24,1,8.0,8,8.0,1
20240833,8,7905883,1,2,2600000.0,2600000.0,48,52,5210,3341,1,44,1,10.0,8,8.0,1
20240833,8,7905887,1,2,1600000.0,1600000.0,52,47,4719,5223,1,42,2,5.0,8,8.0,1
20240833,8,7905888,1,3,2400000.0,2400000.0,48,71,7111,1212,1,50,1,11.0,8,8.0,1
20240833,8,7905890,1,1,2500000.0,2500000.0,48,47,4752,5223,1,46,1,12.0,8,8.0,1
20240833,8,7905890,1,2,1300000.0,1300000.0,48,47,4771,1420,1,36,2,10.0,8,8.0,1
20240833,8,7905893,1,1,1600000.0,1600000.0,70,86,8610,5321,1,42,2,10.0,8,8.0,1
20240833,8,7905895,1,2,8300000.0,8300000.0,40,21,2100,5243,1,57,2,11.0,8,8.0,1
20240833,8,7905896,1,3,5000000.0,5000000.0,48,5,510,2141,1,37,1,11.0,8,8.0,1
20240833,8,7905897,1,1,3900000.0,3900000.0,48,85,8530,2151,1,42,1,11.0,8,8.0,1
20240833,8,7905898,1,2,2600000.0,2600000.0,47,70,7010,1212,1,34,2,10.0,8,8.0,1
20240833,8,7905900,1,1,2500000.0,2500000.0,48,86,8610,2211,1,53,1,11.0,8,8.0,1
20240833,8,7905900,1,2,4000000.0,4000000.0,40,84,8430,2269,1,49,2,10.0,8,8.0,1
20240833,8,7905901,1,1,2400000.0,1300000.0,70,52,5229,5112,1,48,2,5.0,8,8.0,1
20240833,8,7905903,1,2,2300000.0,2300000.0,46,58,5811,5223,1,54,2,10.0,8,8.0,1
20240833,8,7905903,1,3,1300000.0,1300000.0,46,82,8220,4222,1,21,2,10.0,8,8.0,1
20240833,8,7905905,1,3,1850000.0,1850000.0,48,31,3110,2163,1,25,2,10.0,8,8.0,1
20240833,8,7905905,1,4,,,40,69,6910,2611,1,31,2,10.0,8,8.0,1
20240833,8,7905905,1,5,4800000.0,4800000.0,48,64,6422,3511,1,33,1,8.0,8,8.0,1
20240833,8,7905906,1,1,4200000.0,4200000.0,40,43,4390,1221,1,42,2,8.0,8,8.0,1
20240833,8,7905913,1,3,1460000.0,1460000.0,48,82,8220,4222,1,27,2,10.0,8,8.0,1
20240833,8,7905914,1,3,1460000.0,1460000.0,48,82,8220,4222,1,31,2,8.0,8,8.0,1
20240833,8,7905914,1,10,2100000.0,2100000.0,48,25,2599,1324,1,48,1,8.0,8,8.0,1
20240833,8,7905915,1,2,1300000.0,1300000.0,48,41,4111,7119,1,38,1,8.0,8,8.0,1
20240833,8,7905917,1,3,1300000.0,1300000.0,48,10,1051,8160,1,37,1,8.0,8,8.0,1
20240833,8,7905917,1,4,1300000.0,1300000.0,48,82,8220,4222,1,35,2,9.0,8,8.0,1
20240833,8,7905920,1,1,1600000.0,1600000.0,48,46,4651,3341,1,34,2,8.0,8,8.0,1
20240833,8,7905921,1,1,1300000.0,1300000.0,47,42,4290,8342,1,41,1,5.0,8,8.0,1
20240833,8,7905923,1,2,1810000.0,1600000.0,70,56,5619,5131,1,47,1,5.0,8,8.0,1
20240833,8,7905923,1,8,1300000.0,1300000.0,48,88,8899,5322,1,20,2,8.0,8,8.0,1
20240833,8,7905926,1,4,1300000.0,1300000.0,48,42,4210,5414,1,20,1,5.0,8,8.0,1
20240833,8,7905926,1,6,1300000.0,1300000.0,47,82,8220,4222,1,23,2,5.0,8,8.0,1
20240833,8,7905927,1,2,800000.0,800000.0,60,47,4771,5223,1,54,2,3.0,8,8.0,1
20240833,8,7905928,1,5,800000.0,800000.0,48,46,4631,9621,1,22,1,5.0,8,8.0,1
20240833,8,7905932,1,5,1200000.0,1200000.0,50,96,9602,5141,1,31,2,5.0,8,8.0,1
20240833,8,7905936,1,3,1500000.0,1500000.0,50,31,3110,7534,1,19,1,5.0,8,8.0,1
20240833,8,7905942,1,2,800000.0,800000.0,40,45,4520,7231,1,20,1,5.0,8,8.0,1
20240833,8,7905943,1,2,1400000.0,700000.0,70,47,4711,5221,1,24,1,5.0,8,8.0,1
20240833,8,7905944,1,2,1300000.0,1300000.0,47,80,8010,5414,1,30,2,5.0,8,8.0,1
20240833,8,7905947,1,1,1500000.0,1500000.0,60,49,4923,8332,1,39,1,5.0,8,8.0,1
20240833,8,7905948,1,1,600000.0,600000.0,40,56,5619,7514,1,41,2,5.0,8,8.0,1
20240833,8,7905948,1,6,1000000.0,1000000.0,60,47,4729,5212,1,48,1,5.0,8,8.0,1
20240833,8,7905953,1,1,1500000.0,1500000.0,48,41,4111,7119,1,39,1,3.0,8,8.0,1
20240833,8,7905953,1,3,1200000.0,1200000.0,48,41,4111,9313,1,26,1,5.0,8,8.0,1
20240833,8,7905953,1,5,1300000.0,1300000.0,48,41,4111,9313,1,22,1,4.0,8,8.0,1
20240833,8,7905954,1,1,1300000.0,1300000.0,48,32,3250,7234,1,42,1,5.0,8,8.0,1
20240833,8,7905958,1,1,1300000.0,1300000.0,40,78,7820,4415,1,57,1,8.0,8,8.0,1
20240833,8,7905958,1,4,2600000.0,2600000.0,48,86,8610,2512,1,24,1,10.0,8,8.0,1
20240833,8,7905959,1,2,2500000.0,2500000.0,48,85,8544,3343,1,32,1,10.0,8,8.0,1
20240833,8,7905960,1,1,2150000.0,1800000.0,48,10,1011,3339,1,56,1,5.0,8,8.0,1
20240833,8,7905960,1,3,2300000.0,1800000.0,48,23,2310,7125,1,24,1,9.0,8,8.0,1
20240833,8,7905960,1,4,1980000.0,1800000.0,72,56,5619,9412,1,22,1,5.0,8,8.0,1
20240833,8,7905960,1,5,1300000.0,1300000.0,48,47,4721,5246,1,21,2,8.0,8,8.0,1
20240833,8,7905962,1,1,1460000.0,1460000.0,40,46,4631,5221,1,57,1,8.0,8,8.0,1
20240833,8,7905962,1,3,1800000.0,1800000.0,48,46,4663,1324,1,31,1,10.0,8,8.0,1
20240833,8,7905964,1,1,1300000.0,1300000.0,60,80,8010,5414,1,25,1,5.0,8,8.0,1
20240833,8,7905965,1,2,530000.0,480000.0,24,56,5611,5131,1,23,2,4.0,8,8.0,1
20240833,8,7905966,1,1,1300000.0,1300000.0,60,47,4721,5223,1,36,1,4.0,8,8.0,1
20240833,8,7905966,1,2,1300000.0,1300000.0,48,14,1410,8153,1,35,2,5.0,8,8.0,1
20240833,8,7905969,1,2,1700000.0,1460000.0,48,56,5619,9412,1,50,1,4.0,8,8.0,1
20240833,8,7905969,1,6,1460000.0,1460000.0,48,11,1104,4321,1,24,1,5.0,8,8.0,1
20240833,8,7905970,1,2,3900000.0,3900000.0,47,20,2012,7412,1,27,1,9.0,8,8.0,1
20240833,8,7905970,1,4,1300000.0,1300000.0,47,20,2012,8131,1,20,1,5.0,8,8.0,1
20240833,8,7905970,1,5,1300000.0,1300000.0,47,22,2229,9321,1,19,1,5.0,8,8.0,1
20240833,8,7905975,1,3,1300000.0,1300000.0,48,61,6110,8323,1,26,1,8.0,8,8.0,1
20240833,8,7905977,1,1,1465000.0,1465000.0,48,56,5629,3343,1,23,1,9.0,8,8.0,1
20240833,8,7905980,1,1,2840000.0,2600000.0,48,10,1011,2145,1,61,1,10.0,8,8.0,1
20240833,8,7905982,1,3,1300000.0,1300000.0,45,82,8220,4222,1,27,2,10.0,8,8.0,1
20240833,8,7905983,1,1,1800000.0,1800000.0,60,49,4921,8323,1,55,1,8.0,8,8.0,1
20240833,8,7905983,1,2,1300000.0,1300000.0,40,85,8530,2341,1,52,2,9.0,8,8.0,1
20240833,8,7905984,1,1,1300000.0,1300000.0,47,10,1011,8160,1,39,1,5.0,8,8.0,1
20240833,8,7905985,1,1,4520000.0,4520000.0,47,64,6412,2611,1,51,2,11.0,8,8.0,1
20240833,8,7905985,1,2,1300000.0,1300000.0,47,47,4723,4311,1,23,1,10.0,8,8.0,1
20240833,8,7905987,1,3,1800000.0,1800000.0,72,82,8220,4222,1,26,1,10.0,8,8.0,1
20240833,8,7905989,1,2,1465000.0,1465000.0,48,51,5112,4221,1,43,2,8.0,8,8.0,1
20240833,8,7905990,1,2,1100000.0,1100000.0,48,47,4752,5223,1,36,2,5.0,8,8.0,1
20240833,8,7905992,1,3,1500000.0,1500000.0,48,22,2219,7543,1,30,1,8.0,8,8.0,1
20240833,8,7905993,1,2,2600000.0,2600000.0,48,46,4645,4321,1,55,2,5.0,8,8.0,1
20240833,8,7905993,1,3,4050000.0,3900000.0,40,35,3520,2411,1,29,2,11.0,8,8.0,1
20240833,8,7905994,1,1,1600000.0,1600000.0,40,33,3313,3322,1,60,1,8.0,8,8.0,1
20240833,8,7905994,1,3,1600000.0,1600000.0,48,86,8621,2264,1,30,2,10.0,8,8.0,1
20240833,8,7905996,1,1,1300000.0,1300000.0,50,45,4520,7412,1,64,1,8.0,8,8.0,1
20240833,8,7905998,1,1,1300000.0,1300000.0,48,45,4530,7412,1,35,1,5.0,8,8.0,1
20240833,8,7905999,1,3,2500000.0,2500000.0,48,23,2310,2141,1,34,1,10.0,8,8.0,1
20240834,8,7910247,1,1,1300000.0,1300000.0,48,86,8610,9112,1,53,2,5.0,8,8.0,1
20240834,8,7910249,1,1,1300000.0,1300000.0,48,10,1051,5414,1,53,1,3.0,8,8.0,1
20240834,8,7910251,1,1,1600000.0,1600000.0,48,10,1081,7512,1,28,1,4.0,8,8.0,1
20240834,8,7910251,1,2,1600000.0,1600000.0,48,10,1081,7512,1,49,2,5.0,8,8.0,1
20240834,8,7910257,1,2,1500000.0,1500000.0,48,23,2310,4321,1,25,1,9.0,8,8.0,1
20240834,8,7911917,1,1,1300000.0,1300000.0,48,49,4923,8332,1,60,1,5.0,8,8.0,1
20240834,8,7911920,1,1,1400000.0,1400000.0,48,86,8610,5321,1,33,2,8.0,8,8.0,1
20240834,8,7911921,1,1,700000.0,700000.0,50,47,4771,5223,1,46,2,3.0,8,8.0,1
20240834,8,7911922,1,2,1200000.0,1200000.0,50,41,4112,9313,1,31,1,3.0,8,8.0,1
20240834,8,7911924,1,1,1420000.0,1300000.0,48,41,4111,9313,1,47,1,3.0,8,8.0,1
20240834,8,7911927,1,1,1300000.0,1300000.0,72,68,6820,5414,1,43,1,5.0,8,8.0,1
20240834,8,7911928,1,1,1300000.0,1300000.0,60,45,4520,7231,1,25,1,5.0,8,8.0,1
20240834,8,7913782,1,10,1300000.0,1300000.0,48,47,4752,5223,1,33,1,5.0,8,8.0,1
20240834,8,7913783,1,2,2500000.0,2500000.0,47,69,6920,2411,1,31,2,10.0,8,8.0,1
20240834,8,7913783,1,3,1300000.0,1300000.0,48,86,8621,5414,1,62,1,5.0,8,8.0,1
20240834,8,7913785,1,2,1800000.0,1800000.0,40,82,8220,4222,1,29,2,10.0,8,8.0,1
20240834,8,7913786,1,1,1500000.0,1500000.0,47,86,8621,4110,1,40,2,10.0,8,8.0,1
20240834,8,7913790,1,1,2600000.0,2600000.0,48,86,8621,4110,1,36,1,9.0,8,8.0,1
20240834,8,7913790,1,2,2000000.0,2000000.0,48,69,6920,4311,1,34,2,9.0,8,8.0,1
20240834,8,7913791,1,1,2000000.0,2000000.0,48,47,4752,5223,1,51,1,5.0,8,8.0,1
20240834,8,7913792,1,4,1350000.0,1350000.0,48,64,6499,4120,1,26,2,8.0,8,8.0,1
20240834,8,7913794,1,1,3000000.0,3000000.0,48,69,6910,2611,1,60,2,10.0,8,8.0,1
20240834,8,7913795,1,2,8000000.0,6500000.0,48,69,6920,2411,1,54,2,11.0,8,8.0,1
20240834,8,7913799,1,2,700000.0,700000.0,40,56,5619,5131,1,29,1,5.0,8,8.0,1
20240834,8,7913800,1,3,1800000.0,1800000.0,47,82,8220,4222,1,29,2,10.0,8,8.0,1
20240834,8,7913803,1,1,1460000.0,1460000.0,48,45,4541,5223,1,37,1,5.0,8,8.0,1
20240834,8,7913810,1,1,1700000.0,1700000.0,48,23,2310,9333,1,33,1,5.0,8,8.0,1
20240834,8,7913810,1,2,1600000.0,1600000.0,48,64,6412,3322,1,29,2,8.0,8,8.0,1
20240834,8,7913812,1,1,1800000.0,1800000.0,48,41,4112,9313,1,34,1,3.0,8,8.0,1
20240834,8,7913812,1,2,1300000.0,1300000.0,48,88,8891,5311,1,33,2,8.0,8,8.0,1
20240834,8,7913813,1,1,2680000.0,2680000.0,53,53,5320,9621,1,47,1,5.0,8,8.0,1
20240834,8,7913814,1,1,1300000.0,1300000.0,50,49,4923,8332,1,27,1,8.0,8,8.0,1
20240834,8,7913815,2,1,1600000.0,1600000.0,48,41,4111,3112,1,71,1,3.0,8,8.0,1
20240834,8,7913817,1,2,1300000.0,1300000.0,60,41,4111,9313,1,28,1,5.0,8,8.0,1
20240834,8,7913818,1,1,1200000.0,1200000.0,48,10,1081,7512,1,32,2,5.0,8,8.0,1
20240834,8,7913818,1,3,650000.0,650000.0,40,10,1081,9112,1,27,2,10.0,8,8.0,1
20240834,8,7913819,1,1,1800000.0,1800000.0,47,86,8621,3213,1,39,2,9.0,8,8.0,1
20240834,8,7913819,1,2,1465000.0,1465000.0,47,47,4711,4321,1,44,1,5.0,8,8.0,1
20240834,8,7913820,1,3,2500000.0,2500000.0,47,86,8610,2634,1,33,1,10.0,8,8.0,1
20240834,8,7913821,1,2,1600000.0,1600000.0,48,49,4921,4110,1,33,2,8.0,8,8.0,1
20240834,8,7913823,1,2,1465000.0,1465000.0,48,55,5511,9412,1,24,1,5.0,8,8.0,1
20240834,8,7913824,1,1,1300000.0,1300000.0,46,25,2511,7223,1,35,1,5.0,8,8.0,1
20240834,8,7913828,1,1,1300000.0,1300000.0,48,86,8610,9112,1,42,2,5.0,8,8.0,1
20240834,8,7913829,1,3,1800000.0,1800000.0,60,42,4290,3123,1,26,1,10.0,8,8.0,1
20240834,8,7913830,1,1,1300000.0,1300000.0,46,20,2023,8189,1,27,1,8.0,8,8.0,1
20240834,8,7913830,1,2,1300000.0,1300000.0,46,82,8220,4222,1,26,2,6.0,8,8.0,1
20240834,8,7913833,1,2,750000.0,750000.0,40,85,8530,2341,1,48,2,10.0,8,8.0,1
20240834,8,7913834,1,3,1460000.0,1460000.0,48,46,4631,3322,1,32,2,5.0,8,8.0,1
20240834,8,7913839,1,2,1500000.0,1300000.0,72,56,5619,5120,1,53,1,3.0,8,8.0,1
20240834,8,7913839,1,3,530000.0,480000.0,24,56,5619,9412,1,17,1,5.0,8,8.0,1
20240834,8,7913843,1,2,1460000.0,1460000.0,48,47,4771,5230,1,28,2,10.0,8,8.0,1
20240834,8,7913844,1,3,2000000.0,2000000.0,40,47,4721,1420,1,44,1,10.0,8,8.0,1
20240834,8,7913844,1,4,2600000.0,2600000.0,48,35,3514,4110,1,34,2,10.0,8,8.0,1
20240834,8,7913846,1,1,1000000.0,1000000.0,40,41,4111,7111,1,35,1,5.0,8,8.0,1
20240834,8,7913846,1,2,1300000.0,1300000.0,48,86,8621,9622,1,38,2,9.0,8,8.0,1
20240834,8,7913848,1,4,1480000.0,1300000.0,72,56,5611,9621,1,23,1,5.0,8,8.0,1
20240834,8,7913850,1,2,900000.0,900000.0,50,96,9602,5230,1,51,2,5.0,8,8.0,1
20240834,8,7913850,1,3,1200000.0,1200000.0,60,96,9602,4226,1,28,1,5.0,8,8.0,1
20240834,8,7913851,1,4,1300000.0,1300000.0,72,68,6820,5414,1,39,1,5.0,8,8.0,1
20240834,8,7913854,1,1,1300000.0,1300000.0,50,46,4631,8323,1,59,1,10.0,8,8.0,1
20240834,8,7913855,1,3,1465000.0,1465000.0,48,11,1103,7233,1,33,1,5.0,8,8.0,1
20240834,8,7913855,1,4,1550000.0,1550000.0,48,47,4772,5223,1,27,2,5.0,8,8.0,1
20240834,8,7913856,1,3,1450000.0,1300000.0,48,25,2511,9329,1,30,1,10.0,8,8.0,1
20240834,8,7913857,1,2,2000000.0,2000000.0,40,74,7410,4214,1,65,2,10.0,8,8.0,1
20240834,8,7913859,1,2,12000000.0,12000000.0,48,64,6412,2163,1,45,1,10.0,8,8.0,1
20240834,8,7913859,1,3,8000000.0,8000000.0,48,41,4111,2161,1,42,1,10.0,8,8.0,1
20240834,8,7913862,1,1,1300000.0,1300000.0,47,46,4659,9112,1,61,1,5.0,8,8.0,1
20240834,8,7913863,1,2,2100000.0,2100000.0,48,47,4711,5222,1,28,2,10.0,8,8.0,1
20240834,8,7913872,1,2,1300000.0,1300000.0,47,86,8699,5322,1,25,2,10.0,8,8.0,1
20240834,8,7913872,2,1,1300000.0,1300000.0,48,47,4751,5223,1,28,2,10.0,8,8.0,1
20240834,8,7913873,1,1,1300000.0,1300000.0,48,42,4210,5414,1,52,1,5.0,8,8.0,1
20240834,8,7913874,1,1,2750000.0,2600000.0,48,10,1089,7411,1,61,1,9.0,8,8.0,1
20240834,8,7913878,1,2,2900000.0,2900000.0,48,42,4210,8332,1,32,1,10.0,8,8.0,1
20240834,8,7913885,1,1,731000.0,731000.0,66,10,1081,1321,1,36,2,4.0,8,8.0,1
20240834,8,7913885,1,2,731000.0,731000.0,66,10,1081,7512,1,25,1,3.0,8,8.0,1
20240834,8,7913887,1,1,1500000.0,1500000.0,48,86,8610,5321,1,58,2,8.0,8,8.0,1
20240834,8,7913887,1,2,1300000.0,1300000.0,48,56,5619,5223,1,28,1,5.0,8,8.0,1
20240834,8,7913887,1,3,1300000.0,1300000.0,48,56,5619,5223,1,24,1,10.0,8,8.0,1
20240834,8,7913891,1,2,1800000.0,1800000.0,40,85,8544,2310,1,39,2,10.0,8,8.0,1
20240834,8,7913893,1,2,1920000.0,1800000.0,48,10,1020,3322,1,44,2,8.0,8,8.0,1
20240834,8,7913896,1,1,3500000.0,3500000.0,40,85,8530,2411,1,48,1,10.0,8,8.0,1
20240834,8,7913896,1,2,1600000.0,1600000.0,40,80,8010,4110,1,40,2,9.0,8,8.0,1
20240834,8,7913897,1,1,3000000.0,3000000.0,40,78,7820,2634,1,45,2,11.0,8,8.0,1
20240835,8,7916288,1,1,8000000.0,8000000.0,40,93,9312,2411,1,28,2,11.0,8,8.0,1
20240835,8,7916291,1,2,640000.0,640000.0,46,56,5619,9411,1,16,1,4.0,8,8.0,1
20240835,8,7916293,1,5,1250000.0,700000.0,70,47,4711,5230,1,59,1,3.0,8,8.0,1
20240835,8,7916294,1,2,1300000.0,1300000.0,48,35,3520,7126,1,48,1,3.0,8,8.0,1
20240835,8,7919146,1,1,8000000.0,8000000.0,60,85,8544,2310,1,42,1,13.0,8,8.0,1
20240835,8,7919147,1,1,5000000.0,5000000.0,48,41,4111,2142,1,53,1,10.0,8,8.0,1
20240835,8,7919148,1,1,6000000.0,6000000.0,44,82,8220,3341,1,35,1,5.0,8,8.0,1
20240835,8,7919151,1,1,2000000.0,2000000.0,60,47,4759,1420,1,30,1,9.0,8,8.0,1
20240835,8,7919151,1,2,1500000.0,1500000.0,60,47,4759,9333,1,17,1,3.0,8,8.0,1
20240835,8,7919153,1,2,5000000.0,5000000.0,48,47,4711,2431,1,47,2,10.0,8,8.0,1
20240835,8,7919154,1,3,1800000.0,1800000.0,46,13,1392,3122,1,31,2,10.0,8,8.0,1
20240835,8,7919155,1,2,7000000.0,7000000.0,55,86,8610,2211,1,65,1,10.0,8,8.0,1
20240835,8,7919157,1,1,2600000.0,2600000.0,48,45,4530,5223,1,52,2,10.0,8,8.0,1
20240834,8,7951176,1,3,1460000.0,1460000.0,48,22,2229,7322,1,27,1,5.0,8,8.0,1
20240835,8,7951178,1,3,8000000.0,8000000.0,40,35,3514,1221,1,37,1,11.0,8,8.0,1
20240835,8,7951180,1,2,2500000.0,2500000.0,40,68,6810,4110,1,45,2,10.0,8,8.0,1
20240835,8,7951180,1,3,4000000.0,4000000.0,48,49,4923,1120,1,43,1,10.0,8,8.0,1
20240835,8,7951181,1,1,10000000.0,10000000.0,40,90,9007,2432,1,32,1,11.0,8,8.0,1
20240835,8,7951181,1,2,8000000.0,8000000.0,40,86,8622,2261,1,31,2,11.0,8,8.0,1
20240835,8,7951183,1,2,400000.0,400000.0,30,47,4711,5230,1,31,2,10.0,8,8.0,1
20240835,8,7951185,1,1,1400000.0,1400000.0,48,47,4711,5230,1,37,2,8.0,8,8.0,1
20240835,8,7951187,1,2,5000000.0,5000000.0,48,56,5611,2411,1,44,2,10.0,8,8.0,1
20240835,8,7951190,1,1,1800000.0,1800000.0,54,85,8530,8323,1,54,1,5.0,8,8.0,1
20240835,8,7951194,1,2,900000.0,900000.0,40,14,1410,8153,1,45,2,5.0,8,8.0,1
20240835,8,7951195,1,2,1300000.0,1300000.0,47,86,8610,3221,1,56,2,8.0,8,8.0,1
20240835,8,7951196,1,2,1400000.0,1400000.0,48,17,1702,7323,1,25,1,9.0,8,8.0,1
20240835,8,7951198,1,1,2600000.0,2600000.0,40,47,4711,2511,1,45,1,10.0,8,8.0,1
20240835,8,7951199,1,2,2000000.0,2000000.0,48,49,4923,3343,1,46,1,10.0,8,8.0,1
20240835,8,7951200,1,2,1300000.0,1300000.0,25,46,4649,5223,1,36,2,5.0,8,8.0,1
20240835,8,7951202,1,1,1500000.0,1500000.0,40,93,9321,1431,1,56,2,10.0,8,8.0,1
20240835,8,7951203,1,1,2500000.0,2500000.0,48,49,4921,1324,1,33,1,10.0,8,8.0,1
20240835,8,7951205,1,1,2000000.0,2000000.0,60,49,4921,8331,1,61,1,5.0,8,8.0,1
20240835,8,7951207,1,1,1495000.0,1495000.0,70,23,2310,7351,1,30,1,8.0,8,8.0,1
20240835,8,7951207,1,4,1200000.0,1200000.0,50,18,1811,2166,1,26,2,8.0,8,8.0,1
20240835,8,7951209,1,1,1700000.0,1700000.0,46,58,5811,2166,1,57,1,10.0,8,8.0,1
20240835,8,7951210,1,1,2550000.0,2550000.0,48,20,2023,3512,1,37,1,9.0,8,8.0,1
20240835,8,7951211,1,1,1800000.0,1800000.0,46,50,5021,1212,1,39,1,10.0,8,8.0,1
20240835,8,7951211,1,2,3900000.0,3900000.0,46,50,5021,1212,1,40,2,10.0,8,8.0,1
20240835,8,7951212,2,1,1300000.0,1300000.0,48,53,5320,9621,1,28,1,5.0,8,8.0,1
20240835,8,7951212,2,2,1300000.0,1300000.0,48,78,7810,3311,1,28,2,8.0,8,8.0,1
20240835,8,7951214,1,2,1300000.0,1300000.0,47,35,3520,4120,1,52,2,10.0,8,8.0,1
20240835,8,7951216,1,2,1300000.0,1300000.0,55,41,4111,9313,1,57,1,3.0,8,8.0,1
20240835,8,7951217,1,2,1300000.0,1300000.0,56,49,4921,8331,1,41,1,5.0,8,8.0,1
20240835,8,7951219,1,1,1300000.0,1300000.0,48,25,2511,7214,1,39,1,4.0,8,8.0,1
20240835,8,7951219,1,3,1300000.0,1300000.0,48,55,5511,2421,1,23,1,10.0,8,8.0,1
20240835,8,7951224,1,1,1400000.0,1400000.0,48,41,4111,7111,1,50,1,3.0,8,8.0,1
20240835,8,7951225,1,2,500000.0,500000.0,47,41,4111,9313,1,40,1,4.0,8,8.0,1
20240835,8,7951225,1,5,1300000.0,1300000.0,48,86,8621,4110,1,33,2,8.0,8,8.0,1
20240835,8,7951226,1,1,1300000.0,1300000.0,48,42,4210,7112,1,52,1,4.0,8,8.0,1
20240835,8,7951226,1,5,1300000.0,1300000.0,70,56,5611,5131,1,22,2,5.0,8,8.0,1
20240835,8,7951227,1,1,1400000.0,1400000.0,48,68,6820,5414,1,26,1,5.0,8,8.0,1
20240835,8,7951229,1,1,1300000.0,1300000.0,48,56,5611,1412,1,45,1,9.0,8,8.0,1
20240835,8,7951230,1,2,1300000.0,1300000.0,48,45,4542,7231,1,37,1,6.0,8,8.0,1
20240835,8,7951234,1,1,1300000.0,1300000.0,50,41,4111,9313,1,35,1,3.0,8,8.0,1
20240835,8,7951241,1,2,1100000.0,1100000.0,60,56,5611,9412,1,53,2,3.0,8,8.0,1
20240835,8,7951242,1,1,800000.0,500000.0,63,47,4711,5223,1,27,2,5.0,8,8.0,1
20240835,8,7951244,1,2,700000.0,700000.0,40,85,8551,9510,1,24,2,5.0,8,8.0,1
20240835,8,7951245,1,2,1460000.0,1460000.0,47,49,4921,8331,1,45,1,4.0,8,8.0,1
20240835,8,7951245,1,5,1460000.0,1460000.0,48,10,1040,7233,1,26,1,8.0,8,8.0,1
20240835,8,7951246,1,1,1300000.0,1300000.0,48,41,4111,7112,1,41,1,5.0,8,8.0,1
20240835,8,7951248,1,1,1300000.0,1300000.0,48,41,4112,9313,1,26,1,5.0,8,8.0,1
20240835,8,7951249,1,1,1300000.0,1300000.0,48,36,3600,9329,1,34,1,8.0,8,8.0,1
20240835,8,7951250,1,1,1650000.0,1650000.0,48,35,3511,7411,1,38,1,5.0,8,8.0,1
20240835,8,7951250,1,2,700000.0,700000.0,35,85,8530,2330,1,31,2,7.0,8,8.0,1
20240835,8,7951256,1,3,900000.0,900000.0,48,47,4771,5223,1,19,2,4.0,8,8.0,1
20240835,8,7951258,1,3,1300000.0,1300000.0,44,47,4752,5223,1,26,1,8.0,8,8.0,1
20240835,8,7951258,1,5,1800000.0,1800000.0,48,86,8610,5321,1,27,2,8.0,8,8.0,1
20240835,8,7951262,1,3,1300000.0,1300000.0,48,35,3520,7126,1,53,1,5.0,8,8.0,1
20240835,8,7951262,1,4,1300000.0,1300000.0,48,41,4111,7123,1,34,1,5.0,8,8.0,1
20240835,8,7951265,1,1,1200000.0,1200000.0,48,45,4520,7231,1,20,1,4.0,8,8.0,1
20240835,8,7951269,1,1,1200000.0,1200000.0,70,41,4112,9313,1,43,1,3.0,8,8.0,1
20240835,8,7951270,1,1,1300000.0,1300000.0,48,68,6820,5414,1,50,1,5.0,8,8.0,1
20240835,8,7951274,1,1,1300000.0,1300000.0,48,74,7410,8332,1,34,1,4.0,8,8.0,1
20240835,8,7951280,1,2,500000.0,500000.0,24,85,8513,2342,1,41,2,8.0,8,8.0,1
20240835,8,7951282,1,1,1300000.0,1300000.0,48,47,4771,5223,1,42,2,8.0,8,8.0,1
20240835,8,7951283,1,1,1600000.0,1600000.0,48,62,6201,2166,1,34,2,10.0,8,8.0,1
20240835,8,7951285,1,1,1300000.0,1300000.0,48,49,4921,8331,1,36,1,8.0,8,8.0,1
20240835,8,7951285,1,2,1300000.0,1300000.0,48,86,8621,2221,1,40,2,8.0,8,8.0,1
20240835,8,7951287,1,1,1300000.0,1300000.0,48,10,1081,8160,1,43,1,5.0,8,8.0,1
20240835,8,7951291,1,2,1500000.0,1500000.0,40,85,8544,2310,1,40,1,10.0,8,8.0,1
20240835,8,7951292,1,3,1300000.0,1300000.0,47,82,8220,4222,1,28,1,9.0,8,8.0,1
20240835,8,7951294,1,2,1800000.0,1800000.0,48,20,2029,7411,1,54,1,9.0,8,8.0,1
20240835,8,7951294,1,3,1465000.0,1465000.0,48,42,4210,2142,1,24,1,10.0,8,8.0,1
20240835,8,7951295,1,2,1500000.0,1500000.0,48,17,1702,8344,1,50,1,5.0,8,8.0,1
20240835,8,7951296,1,1,6000000.0,6000000.0,47,74,7490,2411,1,56,2,10.0,8,8.0,1
20240835,8,7951296,1,2,3000000.0,3000000.0,48,80,8010,1219,1,25,2,10.0,8,8.0,1
20240835,8,7951297,1,1,1300000.0,1300000.0,47,20,2023,8131,1,59,1,10.0,8,8.0,1
20240835,8,7951299,1,2,1300000.0,1300000.0,47,86,8610,2511,1,36,1,10.0,8,8.0,1
20240835,8,7953090,1,1,1800000.0,1300000.0,48,45,4520,9122,1,50,1,3.0,8,8.0,1
20241040,10,7981908,1,2,1800000.0,1800000.0,48,23,2310,4321,1,43,1,5.0,8,8.0,1
20241040,10,7981909,1,3,2600000.0,2600000.0,40,56,5611,1412,1,62,1,12.0,8,8.0,1
20241040,10,7981910,1,1,1500000.0,1500000.0,60,49,4923,9333,1,56,1,5.0,8,8.0,1
20241040,10,7981915,1,1,,,60,64,6499,4214,1,28,1,5.0,8,8.0,1
20241040,10,7981921,1,1,6500000.0,6500000.0,40,85,8544,2310,1,62,1,13.0,8,8.0,1
20241040,10,7981922,1,3,3900000.0,3900000.0,48,49,4923,3312,1,29,1,10.0,8,8.0,1
20241040,10,7981923,1,1,1400000.0,1400000.0,48,14,1410,7531,1,63,2,4.0,8,8.0,1
20241040,10,7981924,1,2,1460000.0,1460000.0,48,82,8220,4222,1,25,1,11.0,8,8.0,1
20241040,10,7981927,1,1,1300000.0,1300000.0,48,11,1103,9333,1,34,1,4.0,8,8.0,1
20241040,10,7981927,1,4,1300000.0,1300000.0,56,92,9200,5131,1,24,1,5.0,8,8.0,1
20241040,10,7981930,1,1,1300000.0,1300000.0,60,47,4711,5223,1,49,1,3.0,8,8.0,1
20241040,10,7981932,1,3,,,47,77,7740,3521,1,52,1,10.0,8,8.0,1
20241040,10,7981933,1,1,1300000.0,1300000.0,50,56,5611,5120,1,36,1,3.0,8,8.0,1
20241040,10,7981934,1,1,1800000.0,1800000.0,46,93,9312,3422,1,52,1,5.0,8,8.0,1
20241040,10,7981934,1,2,1600000.0,1600000.0,47,93,9312,4110,1,36,2,5.0,8,8.0,1
20241040,10,7981936,1,2,3500000.0,3500000.0,48,86,8621,1212,1,51,2,10.0,8,8.0,1
20241040,10,7981937,1,2,1300000.0,1300000.0,47,64,6412,3312,1,51,2,8.0,8,8.0,1
20241040,10,7981941,1,3,2000000.0,2000000.0,47,49,4923,4110,1,29,2,10.0,8,8.0,1
20241040,10,7981944,1,1,13000000.0,13000000.0,40,85,8544,2310,1,37,1,13.0,8,8.0,1
20241040,10,7981956,1,1,6000000.0,6000000.0,40,85,8544,2310,1,52,2,13.0,8,8.0,1
20241040,10,7981959,1,2,6500000.0,6500000.0,60,86,8610,2211,1,36,2,10.0,8,8.0,1
20241040,10,7981959,1,4,2800000.0,2800000.0,60,86,8610,1342,1,37,2,10.0,8,8.0,1
20241040,10,7981962,1,2,1700000.0,1700000.0,46,58,5813,2166,1,43,1,5.0,8,8.0,1
20241040,10,7981963,1,2,1300000.0,1300000.0,40,88,8891,5311,1,69,2,8.0,8,8.0,1
20241040,10,7981966,1,1,1300000.0,1300000.0,50,41,4111,9313,1,38,1,5.0,8,8.0,1
20241040,10,7981967,1,1,2000000.0,2000000.0,48,41,4111,3123,1,46,1,6.0,8,8.0,1
20241040,10,7981969,1,2,1465000.0,1465000.0,48,94,9499,9412,1,44,2,5.0,8,8.0,1
20241040,10,7981974,1,1,1300000.0,1300000.0,48,31,3110,7522,1,47,1,4.0,8,8.0,1
20241040,10,7981977,1,2,4200000.0,4200000.0,48,94,9499,2211,1,42,2,10.0,8,8.0,1
20241040,10,7981978,1,2,1400000.0,1400000.0,56,56,5630,1431,1,21,2,4.0,8,8.0,1
20241040,10,7981978,1,4,500000.0,500000.0,48,56,5630,5131,1,26,2,5.0,8,8.0,1
20241040,10,7981979,1,1,1300000.0,1300000.0,48,85,8530,2330,1,39,1,10.0,8,8.0,1
20241040,10,7981979,1,2,1465000.0,1465000.0,48,65,6515,4222,1,39,2,10.0,8,8.0,1
20241040,10,7981979,1,5,1300000.0,1300000.0,48,85,8530,2330,1,39,1,10.0,8,8.0,1
20241040,10,7981981,1,1,1465000.0,1465000.0,48,86,8610,4120,1,42,2,8.0,8,8.0,1
20241040,10,7981982,1,2,800000.0,800000.0,60,46,4631,4321,1,49,1,3.0,8,8.0,1
20241040,10,7981984,1,2,1700000.0,1700000.0,45,56,5611,5120,1,29,1,10.0,8,8.0,1
20241040,10,7981986,1,2,1900000.0,1900000.0,48,47,4752,5223,1,36,1,5.0,8,8.0,1
20241040,10,7981990,1,3,600000.0,480000.0,24,56,5611,5131,1,31,2,4.0,8,8.0,1
20241040,10,7981993,1,2,1300000.0,1300000.0,47,64,6412,2412,1,36,2,10.0,8,8.0,1
20241040,10,7981999,1,3,300000.0,300000.0,33,55,5511,5131,1,23,2,5.0,8,8.0,1
20241040,10,7982002,1,1,1465000.0,1465000.0,48,10,1081,8160,1,46,2,5.0,8,8.0,1
20241040,10,7982004,1,1,1300000.0,1300000.0,47,25,2511,7212,1,52,1,8.0,8,8.0,1
20241040,10,7982004,1,2,960000.0,960000.0,40,85,8530,5120,1,46,2,4.0,8,8.0,1
20241040,10,7982004,1,4,1300000.0,1300000.0,48,10,1089,5120,1,27,2,5.0,8,8.0,1
20241040,10,7982006,1,3,1300000.0,1300000.0,47,82,8220,4222,1,22,2,9.0,8,8.0,1
20241040,10,7982006,1,4,1300000.0,1300000.0,47,86,8621,4110,1,30,1,8.0,8,8.0,1
20241040,10,7982010,1,2,1465000.0,1465000.0,48,25,2511,7212,1,39,1,5.0,8,8.0,1
20241040,10,7982020,1,1,1300000.0,1300000.0,47,47,4711,9321,1,41,1,8.0,8,8.0,1
20241040,10,7982024,1,1,1300000.0,1300000.0,46,23,2310,7125,1,33,1,6.0,8,8.0,1
20241040,10,7982031,1,2,600000.0,600000.0,60,45,4542,7231,1,25,1,4.0,8,8.0,1
20241040,10,7982033,1,3,1800000.0,1800000.0,60,82,8220,3341,1,25,1,10.0,8,8.0,1
20241040,10,7982034,1,3,1300000.0,1300000.0,47,22,2229,8143,1,23,2,5.0,8,8.0,1
20241040,10,7982039,1,2,1300000.0,1300000.0,48,42,4210,9313,1,45,1,4.0,8,8.0,1
20241040,10,7982039,1,3,2100000.0,1300000.0,48,15,1522,9329,1,30,2,10.0,8,8.0,1
20241040,10,7982041,1,1,900000.0,900000.0,50,56,5611,5120,1,55,2,4.0,8,8.0,1
20241040,10,7982041,1,2,1200000.0,1200000.0,60,41,4111,3123,1,26,1,4.0,8,8.0,1
20241040,10,7982043,1,4,680000.0,680000.0,42,47,4721,5223,1,19,2,5.0,8,8.0,1
20241040,10,7982045,1,1,1300000.0,1300000.0,52,41,4111,9313,1,39,1,4.0,8,8.0,1
20241040,10,7982048,1,1,1300000.0,1300000.0,48,41,4111,9313,1,53,1,3.0,8,8.0,1
20241040,10,7982048,1,3,1500000.0,1500000.0,48,23,2310,7125,1,20,1,5.0,8,8.0,1
20241040,10,7982048,1,4,1300000.0,1300000.0,48,46,4631,5153,1,24,1,5.0,8,8.0,1
20241040,10,7982050,1,2,1400000.0,1400000.0,50,47,4723,5223,1,32,1,3.0,8,8.0,1
20241040,10,7982052,1,2,1600000.0,1600000.0,48,35,3520,7126,1,41,1,5.0,8,8.0,1
20241040,10,7982055,1,2,1300000.0,1300000.0,46,86,8610,4226,1,24,2,10.0,8,8.0,1
20241040,10,7982055,1,3,1600000.0,1600000.0,46,64,6412,3322,1,26,1,10.0,8,8.0,1
20241040,10,7986051,1,4,1500000.0,1500000.0,48,86,8621,4110,1,60,2,10.0,8,8.0,1
20241040,10,7986052,1,4,3200000.0,3200000.0,48,41,4111,2411,1,54,1,10.0,8,8.0,1
20241041,10,7986053,1,1,12000000.0,12000000.0,40,64,6423,4110,1,38,1,10.0,8,8.0,1
20241041,10,7986055,1,1,700000.0,700000.0,50,47,4721,9621,1,43,1,5.0,8,8.0,1
20241041,10,7987591,1,1,800000.0,800000.0,50,41,4111,9313,1,39,1,3.0,8,8.0,1
20241041,10,7987593,1,3,2500000.0,2500000.0,48,82,8220,4222,1,32,1,10.0,8,8.0,1
20241041,10,7987597,1,1,9000000.0,9000000.0,50,5,510,1212,1,51,1,10.0,8,8.0,1
20241041,10,7987597,1,2,7000000.0,7000000.0,48,41,4111,1212,1,37,2,10.0,8,8.0,1
20241041,10,7987598,1,1,12000000.0,12000000.0,48,47,4754,4110,1,42,1,11.0,8,8.0,1
20241041,10,7987600,1,2,6000000.0,6000000.0,48,36,3600,2411,1,45,2,10.0,8,8.0,1
20241041,10,7987602,1,1,1700000.0,1700000.0,24,84,8413,5311,1,62,2,5.0,8,8.0,1
20241041,10,7987602,1,4,1500000.0,1500000.0,46,86,8621,5329,1,29,2,5.0,8,8.0,1
20241041,10,7987603,1,2,1400000.0,1400000.0,60,35,3520,7126,1,42,1,5.0,8,8.0,1
20241041,10,7987605,1,1,1300000.0,1300000.0,48,25,2511,7212,1,43,1,5.0,8,8.0,1
20241041,10,7987608,1,2,4400000.0,4400000.0,48,86,8610,2211,1,52,2,10.0,8,8.0,1
20241041,10,7987611,1,1,700000.0,700000.0,50,41,4111,9313,1,59,1,3.0,8,8.0,1
20241041,10,7987611,1,3,900000.0,900000.0,45,47,4741,5223,1,23,2,5.0,8,8.0,1
20241041,10,7987612,1,1,1300000.0,1300000.0,48,36,3600,8323,1,33,1,5.0,8,8.0,1
20241041,10,7987614,1,2,1300000.0,1300000.0,48,31,3110,7522,1,27,1,4.0,8,8.0,1
20241041,10,7987616,1,2,1465000.0,1465000.0,48,35,3514,8343,1,26,1,5.0,8,8.0,1
20241041,10,7987617,1,2,1300000.0,1300000.0,50,94,9491,2636,1,60,1,5.0,8,8.0,1
20241041,10,7987618,1,2,600000.0,600000.0,48,56,5630,5131,1,25,2,5.0,8,8.0,1
20241041,10,7987619,1,1,1300000.0,1300000.0,48,47,4711,5223,1,47,1,5.0,8,8.0,1
20241041,10,7987621,1,2,320000.0,320000.0,16,25,2511,7212,1,69,1,3.0,8,8.0,1
20241041,10,7987623,1,4,1460000.0,1460000.0,48,95,9529,3115,1,21,1,8.0,8,8.0,1
20241041,10,7987626,1,2,500000.0,500000.0,40,56,5619,5212,1,30,1,3.0,8,8.0,1
20241041,10,7987626,1,3,500000.0,500000.0,40,56,5619,5212,1,25,1,5.0,8,8.0,1
20241041,10,7987626,1,5,1300000.0,1300000.0,48,10,1081,7512,1,31,1,4.0,8,8.0,1
20241041,10,7987628,1,3,900000.0,900000.0,40,82,8230,3432,1,26,2,5.0,8,8.0,1
20241041,10,7987630,1,3,850000.0,700000.0,30,47,4711,9112,1,37,2,5.0,8,8.0,1
20241041,10,7987630,1,5,1300000.0,1300000.0,48,36,3600,9613,1,41,1,5.0,8,8.0,1
20241041,10,7987631,1,1,200000.0,200000.0,60,47,4719,5223,1,73,2,3.0,8,8.0,1
20241041,10,7987632,1,2,1300000.0,1300000.0,48,45,4520,7231,1,31,1,8.0,8,8.0,1
20241041,10,7987632,1,3,1300000.0,1300000.0,48,86,8610,5321,1,40,2,8.0,8,8.0,1
20241041,10,7987633,1,6,1500000.0,1500000.0,48,49,4923,8332,1,33,1,5.0,8,8.0,1
20241041,10,7987633,1,7,1460000.0,1460000.0,48,86,8610,3213,1,26,2,9.0,8,8.0,1
20241041,10,7987639,1,1,1300000.0,1300000.0,47,36,3600,8323,1,57,1,5.0,8,8.0,1
20241041,10,7987639,1,3,1800000.0,1800000.0,47,18,1811,3323,1,26,2,10.0,8,8.0,1
20241041,10,7987641,1,3,1500000.0,1500000.0,50,65,6523,5131,1,46,1,9.0,8,8.0,1
20241041,10,7987643,1,1,2000000.0,2000000.0,48,86,8610,2411,1,55,1,10.0,8,8.0,1
20241041,10,7987643,1,5,1200000.0,1200000.0,60,47,4771,5223,1,31,2,5.0,8,8.0,1
20241041,10,7987644,1,3,1600000.0,1600000.0,48,56,5611,5131,1,35,2,9.0,8,8.0,1
20241041,10,7987644,1,4,2100000.0,2100000.0,48,47,4711,5414,1,43,1,5.0,8,8.0,1
20241041,10,7987645,1,1,1300000.0,1300000.0,47,86,8621,3322,1,39,1,10.0,8,8.0,1
20241041,10,7987645,1,2,1300000.0,1300000.0,47,65,6511,3315,1,39,2,10.0,8,8.0,1
20241041,10,7987646,1,1,2100000.0,2100000.0,40,65,6523,3322,1,40,2,10.0,8,8.0,1
20241041,10,7987647,1,3,1300000.0,1300000.0,40,82,8220,4222,1,26,2,10.0,8,8.0,1
20241041,10,7987650,1,1,1700000.0,1700000.0,56,84,8412,5414,1,48,2,5.0,8,8.0,1
20241041,10,7987653,1,2,900000.0,900000.0,45,85,8512,2341,1,23,2,10.0,8,8.0,1
20241041,10,7987656,1,1,1300000.0,1300000.0,48,35,3520,7126,1,52,1,3.0,8,8.0,1
20241041,10,7987657,1,3,1140000.0,900000.0,70,56,5611,9412,1,40,2,3.0,8,8.0,1
20241041,10,7987658,1,1,1300000.0,1300000.0,48,47,4711,5223,1,25,1,5.0,8,8.0,1
20241041,10,7987659,1,2,1300000.0,1300000.0,48,88,8891,5311,1,68,2,5.0,8,8.0,1
20241041,10,7987659,1,4,500000.0,500000.0,50,41,4111,9313,1,34,1,3.0,8,8.0,1
20241041,10,7987660,1,1,1340000.0,1340000.0,48,82,8230,8323,1,33,1,5.0,8,8.0,1
20241041,10,7987662,1,2,1420000.0,1420000.0,48,47,4723,4321,1,25,1,5.0,8,8.0,1
20241041,10,7987665,1,1,9500000.0,9500000.0,70,21,2100,5321,1,42,2,9.0,8,8.0,1
20241041,10,7987665,1,2,2600000.0,2600000.0,48,82,8220,4222,1,19,2,10.0,8,8.0,1
20241041,10,7987668,1,1,1300000.0,1300000.0,48,47,4799,5243,1,28,1,4.0,8,8.0,1
20241041,10,7987669,1,1,1600000.0,1300000.0,48,68,6820,5414,1,46,1,5.0,8,8.0,1
20241041,10,7987673,1,3,1500000.0,1500000.0,48,82,8291,4214,1,25,1,5.0,8,8.0,1
20241041,10,7987674,1,2,1600000.0,1300000.0,72,68,6820,5414,1,39,1,5.0,8,8.0,1
20241041,10,7987677,1,1,1300000.0,1300000.0,50,45,4520,7231,1,61,1,5.0,8,8.0,1
20241041,10,7987678,1,2,1600000.0,1600000.0,50,56,5630,5131,1,40,1,8.0,8,8.0,1
20241041,10,7987678,1,4,1900000.0,1900000.0,70,49,4921,8323,1,58,1,5.0,8,8.0,1
20241041,10,7987679,1,1,1300000.0,1300000.0,60,56,5611,5120,1,47,2,8.0,8,8.0,1
20241041,10,7987680,1,3,2300000.0,2300000.0,48,11,1103,3341,1,40,1,10.0,8,8.0,1
20241041,10,7987680,1,6,2000000.0,2000000.0,48,42,4210,4110,1,48,1,8.0,8,8.0,1
20241041,10,7987680,1,8,750000.0,750000.0,30,85,8530,2342,1,41,2,8.0,8,8.0,1
20241041,10,7987681,1,1,2000000.0,2000000.0,48,33,3312,3113,1,46,1,10.0,8,8.0,1
20241041,10,7987681,1,2,1400000.0,1400000.0,48,43,4322,2411,1,35,2,10.0,8,8.0,1
20241041,10,7987683,1,1,1700000.0,1700000.0,60,68,6820,5414,1,46,1,5.0,8,8.0,1
20241041,10,7987683,1,2,1300000.0,1300000.0,52,86,8610,9112,1,43,2,5.0,8,8.0,1
20241041,10,7987685,1,2,1500000.0,1500000.0,40,47,4773,4110,1,41,2,8.0,8,8.0,1
20241041,10,7987685,1,7,1300000.0,1300000.0,48,14,1410,1212,1,55,2,10.0,8,8.0,1
20241041,10,7987685,1,8,1500000.0,1500000.0,48,86,8621,2411,1,54,1,10.0,8,8.0,1
20241041,10,7987685,1,9,2500000.0,2500000.0,40,78,7820,2634,1,27,2,10.0,8,8.0,1
20241041,10,7987686,1,1,2000000.0,2000000.0,48,78,7830,2411,1,44,1,10.0,8,8.0,1
20241041,10,7987690,1,1,2500000.0,2500000.0,48,70,7010,1212,1,32,1,10.0,8,8.0,1
20241041,10,7987690,1,2,2500000.0,2500000.0,48,70,7010,1212,1,24,2,10.0,8,8.0,1
20241041,10,7987693,1,1,1300000.0,1300000.0,47,47,4711,9412,1,30,1,8.0,8,8.0,1
20241041,10,7987693,1,2,1300000.0,1300000.0,48,49,4923,9333,1,25,2,8.0,8,8.0,1
20241041,10,7987693,1,3,1300000.0,1300000.0,47,82,8220,4222,1,32,2,8.0,8,8.0,1
20241041,10,7987694,1,2,4000000.0,4000000.0,47,85,8544,2310,1,56,1,12.0,8,8.0,1
20241041,10,7987694,1,3,1500000.0,1500000.0,44,68,6820,4311,1,52,2,10.0,8,8.0,1
20241041,10,7987694,1,5,1500000.0,1500000.0,46,68,6820,4311,1,24,1,11.0,8,8.0,1
20241041,10,7987695,1,3,,,48,95,9522,7411,1,52,1,3.0,8,8.0,1
20241041,10,7987695,1,4,1300000.0,1300000.0,48,68,6820,5414,1,28,1,5.0,8,8.0,1
20241041,10,7987696,1,2,3900000.0,3900000.0,54,86,8610,1342,1,29,2,11.0,8,8.0,1
20241041,10,7987698,1,1,2400000.0,2400000.0,48,95,9522,4120,1,53,2,10.0,8,8.0,1
20241041,10,7987699,1,1,2000000.0,2000000.0,48,42,4290,2142,1,24,1,10.0,8,8.0,1
20241041,10,7987699,1,2,2600000.0,2600000.0,48,36,3600,4110,1,25,1,10.0,8,8.0,1
20241041,10,7987699,1,3,3000000.0,3000000.0,48,35,3514,3341,1,22,2,10.0,8,8.0,1
20241041,10,7987707,1,1,10000000.0,10000000.0,48,68,6820,3341,1,48,1,10.0,8,8.0,1
20241041,10,7987707,1,2,8000000.0,8000000.0,48,47,4719,3341,1,41,2,10.0,8,8.0,1
20241041,10,7987710,1,1,2000000.0,2000000.0,45,81,8121,4110,1,54,2,8.0,8,8.0,1
20241041,10,7987711,1,2,1300000.0,1300000.0,48,47,4771,5223,1,45,2,5.0,8,8.0,1
20241041,10,7987714,1,3,1200000.0,1200000.0,48,15,1522,9329,1,54,1,5.0,8,8.0,1
20241041,10,7987714,1,4,2000000.0,2000000.0,48,49,4923,9333,1,40,1,5.0,8,8.0,1
20241041,10,7987715,1,2,1900000.0,1900000.0,48,25,2511,5153,1,45,1,5.0,8,8.0,1
20241041,10,7987721,1,6,1300000.0,1300000.0,48,55,5511,3332,1,45,2,8.0,8,8.0,1
20241041,10,7987727,1,1,1800000.0,1800000.0,47,82,8220,4222,1,23,2,10.0,8,8.0,1
20241041,10,7987729,1,2,1400000.0,1400000.0,48,86,8610,5321,1,51,2,8.0,8,8.0,1
20241042,10,7991277,1,5,1400000.0,1400000.0,48,47,4741,5223,1,20,1,5.0,8,8.0,1
20241042,10,7991282,1,1,1300000.0,1300000.0,48,47,4711,5230,1,38,2,8.0,8,8.0,1
20241042,10,7991283,1,1,5000000.0,5000000.0,48,47,4773,1221,1,51,2,10.0,8,8.0,1
20241040,10,7992538,1,1,11500000.0,11500000.0,45,20,2012,2141,1,57,1,12.0,8,8.0,1
20241040,10,7992538,1,2,4200000.0,4200000.0,47,13,1392,3341,1,54,2,11.0,8,8.0,1
20241040,10,7992539,1,2,1650000.0,1650000.0,48,86,8699,3258,1,28,1,9.0,8,8.0,1
20241040,10,7992539,1,4,1450000.0,1450000.0,40,86,8621,2240,1,30,1,9.0,8,8.0,1
20241040,10,7992539,1,10,1700000.0,1700000.0,60,41,4111,7115,1,40,1,4.0,8,8.0,1
20241040,10,7992540,1,1,1400000.0,1400000.0,50,41,4111,9313,1,37,1,4.0,8,8.0,1
20241041,10,7992541,1,1,2900000.0,2900000.0,48,82,8220,1212,1,41,1,10.0,8,8.0,1
20241042,10,7992544,1,2,600000.0,600000.0,30,47,4773,5223,1,29,1,5.0,8,8.0,1
20241042,10,7992547,1,2,1300000.0,1300000.0,48,14,1410,9121,1,26,2,5.0,8,8.0,1
20241042,10,7992548,1,1,1300000.0,1300000.0,60,46,4631,5230,1,55,1,3.0,8,8.0,1
20241042,10,7992549,1,2,1300000.0,1300000.0,60,10,1012,9329,1,21,1,5.0,8,8.0,1
20241042,10,7992554,1,1,1300000.0,1300000.0,48,33,3313,7412,1,35,1,5.0,8,8.0,1
20241042,10,7992555,1,1,1500000.0,1500000.0,60,68,6820,5230,1,40,1,8.0,8,8.0,1
20241042,10,7992556,1,1,1300000.0,1300000.0,50,64,6499,4213,1,36,1,5.0,8,8.0,1
20241042,10,7992560,1,3,2500000.0,2500000.0,48,11,1103,1321,1,41,1,10.0,8,8.0,1
20241042,10,7992560,1,4,2000000.0,2000000.0,40,85,8543,2634,1,40,2,10.0,8,8.0,1
20241042,10,7992562,1,1,5000000.0,5000000.0,48,77,7729,1212,1,45,2,12.0,8,8.0,1
20241042,10,7992563,1,2,,,48,47,4711,1212,1,36,2,10.0,8,8.0,1
20241042,10,7992565,1,1,1400000.0,1400000.0,60,23,2310,7125,1,34,1,5.0,8,8.0,1
20241042,10,7994844,1,1,600000.0,600000.0,50,47,4711,5221,1,32,1,4.0,8,8.0,1
20241042,10,7994846,1,1,2000000.0,2000000.0,48,96,9601,9121,1,44,1,4.0,8,8.0,1
20241042,10,7994851,1,1,2000000.0,2000000.0,48,11,1104,5414,1,24,1,5.0,8,8.0,1
20241042,10,7994852,1,1,1800000.0,1800000.0,48,18,1811,7322,1,41,1,5.0,8,8.0,1
20241042,10,7994853,1,3,1465000.0,1465000.0,48,23,2310,9412,1,22,1,5.0,8,8.0,1
20241042,10,7994854,1,1,1462000.0,1462000.0,48,41,4111,9313,1,44,1,8.0,8,8.0,1
20241042,10,7994855,1,2,1650000.0,1650000.0,48,25,2591,8122,1,39,1,4.0,8,8.0,1
20241042,10,7994855,1,8,1550000.0,1550000.0,48,25,2591,9333,1,58,1,3.0,8,8.0,1
20241042,10,7994860,1,2,550000.0,480000.0,24,56,5611,5131,1,24,2,5.0,8,8.0,1
20241042,10,7994861,1,1,1460000.0,1460000.0,40,85,8530,9112,1,30,1,5.0,8,8.0,1
20241042,10,7994862,1,2,2400000.0,2400000.0,48,43,4321,7411,1,38,1,5.0,8,8.0,1
20241042,10,7994865,1,1,1300000.0,1300000.0,56,36,3600,9613,1,52,1,4.0,8,8.0,1
20241042,10,7994868,1,1,1500000.0,1500000.0,48,35,3514,4214,1,31,1,8.0,8,8.0,1
20241042,10,7994870,1,1,1300000.0,1300000.0,48,21,2100,4110,1,22,1,9.0,8,8.0,1
20241042,10,7994870,1,3,1300000.0,1300000.0,48,14,1410,8153,1,41,2,5.0,8,8.0,1
20241042,10,7994873,1,1,1300000.0,1300000.0,48,68,6820,5414,1,64,1,3.0,8,8.0,1
20241042,10,7994873,1,4,1500000.0,1500000.0,54,56,5619,9411,1,39,1,5.0,8,8.0,1
20241042,10,7994875,1,1,1300000.0,1300000.0,48,47,4711,4321,1,28,1,4.0,8,8.0,1
20241042,10,7994878,1,5,800000.0,800000.0,48,47,4771,5223,1,24,1,5.0,8,8.0,1
20241042,10,7994882,1,1,1500000.0,1500000.0,48,56,5611,9621,1,28,1,8.0,8,8.0,1
20241042,10,7994885,1,2,1200000.0,1200000.0,47,85,8511,2342,1,41,2,10.0,8,8.0,1
20241042,10,7994886,1,1,1300000.0,1300000.0,48,86,8621,3212,1,53,1,10.0,8,8.0,1
20241042,10,7994886,1,2,1300000.0,1300000.0,40,85,8530,2341,1,42,2,10.0,8,8.0,1
20241042,10,7994888,1,1,1300000.0,1300000.0,56,47,4731,5245,1,31,1,5.0,8,8.0,1
20241042,10,7994889,1,2,1465000.0,1465000.0,48,85,8512,9112,1,52,2,4.0,8,8.0,1
20241042,10,7994894,1,3,1300000.0,1300000.0,47,68,6820,9112,1,24,1,5.0,8,8.0,1
20241042,10,7994898,1,1,2100000.0,2100000.0,48,70,7020,8342,1,27,1,8.0,8,8.0,1
20241042,10,7994899,1,1,1300000.0,1300000.0,48,47,4752,9621,1,40,1,5.0,8,8.0,1
20241042,10,7994899,1,2,1300000.0,1300000.0,48,47,4752,8323,1,33,1,5.0,8,8.0,1
20241042,10,7994902,1,2,,,50,90,9007,3521,1,36,1,5.0,8,8.0,1
20241042,10,7994906,1,1,1481000.0,1481000.0,48,47,4711,5223,1,26,2,8.0,8,8.0,1
20241042,10,7994907,1,1,4500000.0,4500000.0,47,85,8530,2635,1,63,2,11.0,8,8.0,1
20241042,10,7994909,1,3,2500000.0,1300000.0,48,80,8010,5414,1,27,1,10.0,8,8.0,1
20241042,10,7994911,1,1,1700000.0,1700000.0,48,45,4520,4120,1,43,2,10.0,8,8.0,1
20241042,10,7994912,1,1,7000000.0,7000000.0,44,73,7310,3341,1,54,1,8.0,8,8.0,1
20241042,10,7994915,1,1,1300000.0,1300000.0,48,85,8551,4225,1,66,1,10.0,8,8.0,1
20241042,10,7994915,1,6,2500000.0,2500000.0,48,93,9321,4225,1,31,1,10.0,8,8.0,1
20241042,10,7994921,1,1,2800000.0,2800000.0,48,46,4652,2511,1,53,1,10.0,8,8.0,1
20241042,10,7994921,1,2,1800000.0,1800000.0,48,23,2395,1212,1,55,2,10.0,8,8.0,1
20241042,10,7994926,1,1,3400000.0,3400000.0,46,47,4711,4321,1,48,1,5.0,8,8.0,1
20241042,10,7994928,1,2,2950000.0,2950000.0,48,86,8621,3255,1,39,2,9.0,8,8.0,1
20241042,10,7994932,1,1,1800000.0,1800000.0,48,49,4923,4323,1,32,1,5.0,8,8.0,1
20241042,10,7994932,1,2,2800000.0,2800000.0,40,25,2511,2411,1,34,2,9.0,8,8.0,1
20241042,10,7994942,1,4,1600000.0,1600000.0,48,52,5221,4110,1,33,1,10.0,8,8.0,1
20241042,10,7994943,1,2,1300000.0,1300000.0,50,56,5619,9412,1,31,1,5.0,8,8.0,1
20241042,10,7994943,1,4,5000000.0,5000000.0,48,47,4773,1212,1,54,2,10.0,8,8.0,1
20241042,10,7994944,1,1,3200000.0,3200000.0,48,52,5229,8350,1,39,1,8.0,8,8.0,1
20241042,10,7994944,1,2,2400000.0,2400000.0,48,86,8610,2240,1,38,2,10.0,8,8.0,1
20241042,10,7994948,1,2,1465000.0,1465000.0,48,69,6920,3313,1,31,1,6.0,8,8.0,1
20241042,10,7994949,1,1,1300000.0,1300000.0,48,32,3250,8183,1,33,2,8.0,8,8.0,1
20241042,10,7994950,1,1,1500000.0,1500000.0,40,68,6810,5329,1,59,2,8.0,8,8.0,1
20241042,10,7994950,1,2,1500000.0,1500000.0,48,80,8010,5414,1,27,1,10.0,8,8.0,1
20241042,10,7994953,1,1,1300000.0,1300000.0,48,41,4111,7111,1,33,1,5.0,8,8.0,1
20241043,10,7998242,1,2,5320000.0,5200000.0,48,23,2394,2151,1,31,2,11.0,8,8.0,1
20241043,10,7998244,1,1,1600000.0,1600000.0,48,86,8610,4311,1,59,1,5.0,8,8.0,1
20241043,10,7998244,1,3,1800000.0,1800000.0,48,86,8610,2240,1,27,2,10.0,8,8.0,1
20241043,10,7998245,1,1,400000.0,400000.0,25,85,8530,9112,1,32,2,5.0,8,8.0,1
20241043,10,7998246,1,1,1300000.0,1300000.0,50,47,4711,5223,1,62,1,5.0,8,8.0,1
20241043,10,7999771,1,1,1000000.0,1000000.0,50,46,4631,5221,1,24,1,4.0,8,8.0,1
20241043,10,7999772,1,2,840000.0,840000.0,48,82,8292,9321,1,33,2,10.0,8,8.0,1
20241043,10,7999773,1,5,800000.0,800000.0,50,46,4631,5223,1,21,1,5.0,8,8.0,1
20241043,10,7999774,1,2,800000.0,800000.0,40,64,6499,4214,1,47,1,5.0,8,8.0,1
20241043,10,7999776,1,1,800000.0,800000.0,48,95,9522,7412,1,27,1,5.0,8,8.0,1
20241043,10,7999776,1,4,500000.0,500000.0,48,95,9522,7412,1,29,1,5.0,8,8.0,1
20241043,10,7999778,1,3,960000.0,800000.0,48,56,5630,5131,1,20,1,5.0,8,8.0,1
20241043,10,7999779,1,6,1300000.0,1300000.0,72,42,4210,9313,1,41,1,5.0,8,8.0,1
20241043,10,7999781,1,3,1300000.0,1300000.0,48,31,3110,7522,1,26,1,5.0,8,8.0,1
20241043,10,8001786,1,1,10000000.0,10000000.0,48,62,6201,2512,1,28,1,10.0,8,8.0,1
20241043,10,8001788,1,1,7800000.0,7800000.0,46,24,2431,2421,1,33,1,12.0,8,8.0,1
20241043,10,8001788,1,2,13000000.0,13000000.0,46,62,6202,1212,1,32,2,10.0,8,8.0,1
20241043,10,8001791,1,1,4000000.0,4000000.0,47,35,3513,3322,1,31,2,11.0,8,8.0,1
20241043,10,8001791,1,3,,,47,46,4631,2411,1,58,2,11.0,8,8.0,1
20241043,10,8001794,1,1,,,48,56,5611,3434,1,44,2,10.0,8,8.0,1
20241043,10,8001795,1,1,3900000.0,3900000.0,46,22,2229,2411,1,39,2,10.0,8,8.0,1
20241043,10,8001795,1,2,5200000.0,5200000.0,46,64,6412,2412,1,41,1,10.0,8,8.0,1
20241043,10,8001796,1,1,6250000.0,6250000.0,46,85,8544,2310,1,62,2,12.0,8,8.0,1
20241043,10,8001796,1,3,5000000.0,5000000.0,46,85,8551,2411,1,29,2,11.0,8,8.0,1
20241043,10,8001798,1,1,1500000.0,1500000.0,52,49,4921,8331,1,32,1,10.0,8,8.0,1
20241043,10,8001798,1,2,1300000.0,1300000.0,48,31,3110,4120,1,31,2,8.0,8,8.0,1
20241043,10,8001799,1,4,3900000.0,3900000.0,48,85,8530,2330,1,27,1,10.0,8,8.0,1
20241043,10,8001800,1,1,5000000.0,5000000.0,48,94,9499,3142,1,47,1,10.0,8,8.0,1
20241043,10,8001801,1,1,5000000.0,5000000.0,48,65,6522,3341,1,45,1,11.0,8,8.0,1
20241043,10,8001803,1,1,,,47,70,7010,1212,1,40,1,10.0,8,8.0,1
20241043,10,8001804,1,1,2000000.0,2000000.0,48,94,9491,2636,1,68,2,8.0,8,8.0,1
20241043,10,8001811,1,1,1300000.0,1300000.0,60,47,4759,5223,1,32,2,5.0,8,8.0,1
20241043,10,8001811,1,2,1300000.0,1300000.0,48,47,4754,5223,1,58,2,10.0,8,8.0,1
20241043,10,8001812,1,2,900000.0,900000.0,54,47,4752,9112,1,47,2,3.0,8,8.0,1
20241043,10,8001812,1,4,800000.0,800000.0,48,32,3290,7399,1,46,1,3.0,8,8.0,1
20241043,10,8001813,1,1,1800000.0,1800000.0,48,47,4752,3341,1,48,1,5.0,8,8.0,1
20241043,10,8001814,1,4,1900000.0,1900000.0,48,73,7310,4311,1,39,2,10.0,8,8.0,1
20241043,10,8001816,1,1,5000000.0,5000000.0,48,42,4210,2411,1,47,1,11.0,8,8.0,1
20241043,10,8001816,1,2,3000000.0,3000000.0,48,9,910,1212,1,43,2,10.0,8,8.0,1
20241043,10,8001816,1,3,1300000.0,1300000.0,40,85,8544,2421,1,22,2,10.0,8,8.0,1
20241043,10,8001819,1,2,1300000.0,1300000.0,48,45,4530,5223,1,36,1,5.0,8,8.0,1
20241043,10,8001820,1,3,1465000.0,1465000.0,48,20,2023,4321,1,24,1,9.0,8,8.0,1
20241043,10,8001821,2,2,1400000.0,1400000.0,60,56,5611,7511,1,38,1,3.0,8,8.0,1
20241043,10,8001821,2,8,1300000.0,1300000.0,54,46,4631,7511,1,28,1,5.0,8,8.0,1
20241043,10,8001823,1,3,1400000.0,1400000.0,48,47,4711,4321,1,50,1,5.0,8,8.0,1
20241043,10,8001823,1,4,1250000.0,1250000.0,48,47,4771,5223,1,39,2,5.0,8,8.0,1
20241043,10,8001823,1,6,1650000.0,1650000.0,48,25,2511,4311,1,22,2,9.0,8,8.0,1
20241043,10,8001833,1,9,1320000.0,1000000.0,54,56,5611,9412,1,21,1,5.0,8,8.0,1
20241043,10,8001834,1,2,1300000.0,1300000.0,48,22,2229,8142,1,36,1,5.0,8,8.0,1
20241043,10,8001834,1,3,1400000.0,1400000.0,44,43,4321,3341,1,21,2,8.0,8,8.0,1
20241043,10,8001838,1,1,1500000.0,1500000.0,48,41,4111,9112,1,41,2,3.0,8,8.0,1
20241043,10,8001838,1,2,1500000.0,1500000.0,48,56,5611,7233,1,31,1,5.0,8,8.0,1
20241043,10,8001839,1,1,2500000.0,2500000.0,24,1,111,1311,1,42,1,5.0,8,8.0,1
20241043,10,8001839,1,2,1500000.0,1500000.0,25,47,4754,1420,1,39,2,5.0,8,8.0,1
20241043,10,8001839,1,5,1300000.0,1300000.0,40,64,6499,4214,1,25,1,5.0,8,8.0,1
20241043,10,8001840,1,2,600000.0,240000.0,40,47,4781,5211,1,34,2,5.0,8,8.0,1
20241043,10,8001840,1,5,1300000.0,1300000.0,48,41,4111,8342,1,28,1,5.0,8,8.0,1
20241043,10,8001844,1,3,1600000.0,1600000.0,48,41,4111,7221,1,21,1,5.0,8,8.0,1
20241043,10,8001846,1,2,1300000.0,1300000.0,48,47,4711,9334,1,38,2,8.0,8,8.0,1
20241043,10,8001846,1,3,1300000.0,1300000.0,48,47,4769,4321,1,32,1,5.0,8,8.0,1
20241043,10,8001848,1,4,1400000.0,1400000.0,48,35,3520,7126,1,44,1,5.0,8,8.0,1
20241043,10,8001849,1,3,900000.0,900000.0,55,47,4771,5223,1,28,2,3.0,8,8.0,1
20241043,10,8001851,1,3,800000.0,800000.0,55,52,5229,9112,1,24,1,5.0,8,8.0,1
20241043,10,8001851,1,6,900000.0,900000.0,50,85,8530,9112,1,40,1,4.0,8,8.0,1
20241043,10,8001852,1,1,1400000.0,1400000.0,55,43,4390,7214,1,21,1,4.0,8,8.0,1
20241043,10,8001853,1,2,1570000.0,1570000.0,50,45,4520,7231,1,19,1,5.0,8,8.0,1
20241043,10,8001854,1,1,450000.0,450000.0,40,46,4620,5221,1,60,1,3.0,8,8.0,1
20241043,10,8001854,1,3,1300000.0,1300000.0,48,31,3110,7115,1,26,1,4.0,8,8.0,1
20241043,10,8001854,1,6,1300000.0,1300000.0,48,31,3110,8172,1,24,1,4.0,8,8.0,1
20241043,10,8001855,1,2,4800000.0,4800000.0,48,69,6910,2611,1,43,2,10.0,8,8.0,1
20241043,10,8001858,1,1,1300000.0,1300000.0,48,56,5629,9112,1,31,1,5.0,8,8.0,1
20241043,10,8001861,1,3,1800000.0,1800000.0,48,47,4711,3324,1,45,1,8.0,8,8.0,1
20241043,10,8001861,1,4,3800000.0,3800000.0,48,35,3520,2611,1,32,2,10.0,8,8.0,1
20241043,10,8001862,1,2,1500000.0,1500000.0,47,68,6820,5414,1,52,1,5.0,8,8.0,1
20241043,10,8001863,1,1,1500000.0,1500000.0,48,46,4642,5223,1,38,1,5.0,8,8.0,1
20241043,10,8001865,1,1,3500000.0,3500000.0,48,85,8544,1345,1,45,2,12.0,8,8.0,1
20241043,10,8001868,1,5,1300000.0,1300000.0,40,88,8891,2341,1,52,2,10.0,8,8.0,1
20241043,10,8001870,1,2,1300000.0,1300000.0,48,86,8610,5223,1,24,1,5.0,8,8.0,1
20241043,10,8001870,1,4,1300000.0,1300000.0,48,47,4719,7511,1,20,1,5.0,8,8.0,1
20241043,10,8001871,1,1,3300000.0,3300000.0,48,21,2100,3115,1,50,1,9.0,8,8.0,1
20241043,10,8001871,1,3,850000.0,850000.0,40,73,7310,9629,1,26,1,10.0,8,8.0,1
20241043,10,8001872,1,1,1600000.0,1600000.0,48,81,8121,5151,1,23,2,8.0,8,8.0,1
20241043,10,8001872,1,2,1500000.0,1500000.0,48,23,2310,5223,1,28,1,10.0,8,8.0,1
20241043,10,8001872,1,4,1800000.0,1800000.0,48,47,4754,5223,1,29,1,10.0,8,8.0,1
20241043,10,8001873,1,4,1300000.0,1300000.0,48,49,4921,9112,1,20,1,6.0,8,8.0,1
20241043,10,8001874,1,1,1300000.0,1300000.0,48,23,2396,2141,1,59,1,10.0,8,8.0,1
20241043,10,8001876,1,2,1465000.0,1465000.0,48,61,6120,3322,1,32,2,6.0,8,8.0,1
20241043,10,8001879,1,1,1500000.0,1500000.0,48,49,4921,4323,1,53,1,5.0,8,8.0,1
20241043,10,8001879,1,3,1800000.0,1800000.0,48,46,4620,4321,1,29,2,10.0,8,8.0,1
20241043,10,8001882,1,1,2100000.0,1800000.0,48,64,6411,8332,1,37,1,5.0,8,8.0,1
20241043,10,8001883,1,1,1330000.0,1200000.0,48,56,5611,9412,1,41,2,5.0,8,8.0,1
20241043,10,8001884,1,3,1300000.0,1300000.0,50,14,1410,7531,1,35,2,10.0,8,8.0,1
20241043,10,8001885,1,1,1300000.0,1300000.0,48,33,3312,7233,1,28,1,10.0,8,8.0,1
20241043,10,8001885,1,2,1300000.0,1300000.0,48,86,8610,4311,1,30,2,8.0,8,8.0,1
20241043,10,8001887,1,1,1450000.0,1450000.0,48,56,5619,9412,1,37,1,5.0,8,8.0,1
20241043,10,8001887,1,3,1400000.0,1400000.0,49,56,5619,5131,1,54,2,5.0,8,8.0,1
20241043,10,8001888,1,1,900000.0,900000.0,50,47,4771,4321,1,41,2,5.0,8,8.0,1
20241043,10,8001893,1,1,1300000.0,1300000.0,44,22,2219,3122,1,43,1,8.0,8,8.0,1
20241043,10,8001896,1,2,1400000.0,1400000.0,48,10,1081,4321,1,21,2,8.0,8,8.0,1
20241043,10,8001896,1,3,1400000.0,1400000.0,48,47,4761,4311,1,21,2,9.0,8,8.0,1
20241043,10,8001897,1,1,1300000.0,1300000.0,48,93,9321,5230,1,38,2,5.0,8,8.0,1
20241043,10,8001898,1,1,1300000.0,1300000.0,48,47,4711,9334,1,29,1,5.0,8,8.0,1
20241043,10,8001898,1,2,1300000.0,1300000.0,48,47,4711,5230,1,31,2,8.0,8,8.0,1
20241043,10,8001899,1,1,3400000.0,3400000.0,48,21,2100,2131,1,31,1,11.0,8,8.0,1
20241043,10,8001900,1,1,1700000.0,1700000.0,48,68,6820,5414,1,48,1,5.0,8,8.0,1
20241044,10,8004426,1,1,2600000.0,2600000.0,48,49,4923,4323,1,33,2,10.0,8,8.0,1
20241042,10,8006764,1,1,6800000.0,6800000.0,47,84,8423,2221,1,54,2,10.0,8,8.0,1
20241044,10,8006765,1,3,5200000.0,5200000.0,48,94,9411,2161,1,49,1,11.0,8,8.0,1
20241044,10,8006765,1,4,7700000.0,5200000.0,48,42,4290,2141,1,47,1,12.0,8,8.0,1
20241044,10,8006768,1,1,21000000.0,21000000.0,50,46,4631,5414,1,33,1,12.0,8,8.0,1
20241044,10,8006768,1,2,9000000.0,9000000.0,48,47,4773,1212,1,32,2,11.0,8,8.0,1
20241044,10,8006771,1,1,9100000.0,9100000.0,46,46,4644,2512,1,46,1,11.0,8,8.0,1
20241044,10,8006772,1,2,2600000.0,2600000.0,46,47,4774,5222,1,30,2,10.0,8,8.0,1
20241044,10,8006777,1,2,1300000.0,1300000.0,60,56,5611,5131,1,57,1,9.0,8,8.0,1
20241044,10,8006779,1,1,1500000.0,1500000.0,48,10,1081,1420,1,29,2,5.0,8,8.0,1
20241044,10,8006782,1,1,1800000.0,1800000.0,48,77,7730,7411,1,50,1,3.0,8,8.0,1
20241044,10,8006784,1,3,,,48,86,8621,2212,1,42,2,11.0,8,8.0,1
20241044,10,8006785,1,3,13000000.0,8000000.0,47,85,8544,1212,1,39,1,11.0,8,8.0,1
20241044,10,8006785,1,4,1300000.0,1300000.0,45,55,5511,1412,1,38,2,10.0,8,8.0,1
20241044,10,8006795,1,2,1300000.0,1300000.0,48,86,8610,4120,1,55,2,8.0,8,8.0,1
20241044,10,8006796,1,2,1440000.0,1200000.0,48,45,4520,7231,1,38,1,5.0,8,8.0,1
20241044,10,8006796,1,4,500000.0,500000.0,48,45,4520,9329,1,24,1,5.0,8,8.0,1
20241044,10,8006803,1,3,540000.0,300000.0,48,95,9523,7536,1,67,1,4.0,8,8.0,1
20241044,10,8006806,1,1,1462000.0,1462000.0,48,46,4631,9621,1,31,1,5.0,8,8.0,1
20241044,10,8006809,1,1,1465000.0,1465000.0,48,10,1089,3322,1,27,2,8.0,8,8.0,1
20241044,10,8006810,1,1,800000.0,800000.0,48,41,4111,9313,1,46,1,3.0,8,8.0,1
20241044,10,8006810,1,3,900000.0,900000.0,56,56,5619,9411,1,19,1,5.0,8,8.0,1
20241044,10,8006812,1,3,1300000.0,1300000.0,47,82,8220,4222,1,21,2,5.0,8,8.0,1
20241044,10,8006813,1,1,1300000.0,1300000.0,48,49,4923,9621,1,32,1,5.0,8,8.0,1
20241044,10,8006814,1,4,1300000.0,1300000.0,48,81,8121,9112,1,54,2,5.0,8,8.0,1
20241044,10,8006814,1,6,1300000.0,1300000.0,50,56,5619,9411,1,33,1,8.0,8,8.0,1
20241044,10,8006817,1,4,1500000.0,1500000.0,48,82,8220,4222,1,23,2,9.0,8,8.0,1
20241044,10,8006818,1,1,1300000.0,1300000.0,50,47,4719,5223,1,65,1,3.0,8,8.0,1
20241044,10,8006819,1,1,1600000.0,1300000.0,48,41,4111,8342,1,53,1,1.0,8,8.0,1
20241044,10,8006821,1,2,1300000.0,1300000.0,56,47,4731,5223,1,22,2,4.0,8,8.0,1
20241044,10,8006825,1,3,1300000.0,1300000.0,46,86,8621,3344,1,27,2,5.0,8,8.0,1
20241044,10,8006826,1,1,1200000.0,1000000.0,40,56,5611,5131,1,33,2,8.0,8,8.0,1
20241044,10,8006827,1,3,2000000.0,2000000.0,40,43,4330,7131,1,52,1,4.0,8,8.0,1
20241044,10,8006831,1,1,1300000.0,1300000.0,48,47,4711,9334,1,41,1,6.0,8,8.0,1
20241044,10,8006831,1,2,900000.0,900000.0,50,96,9602,5142,1,41,2,5.0,8,8.0,1
20241044,10,8006831,1,3,1300000.0,1300000.0,48,47,4711,5131,1,22,1,5.0,8,8.0,1
20241044,10,8006832,1,2,1300000.0,1300000.0,72,49,4921,8331,1,33,1,5.0,8,8.0,1
20241044,10,8006833,1,1,1600000.0,1600000.0,60,47,4754,5223,1,49,2,8.0,8,8.0,1
20241044,10,8006834,1,2,1300000.0,1300000.0,48,85,8530,9112,1,47,2,5.0,8,8.0,1
20241044,10,8006839,1,1,1300000.0,1300000.0,48,25,2511,4311,1,48,1,5.0,8,8.0,1
20241044,10,8006839,1,3,1800000.0,1800000.0,72,68,6820,5414,1,24,1,5.0,8,8.0,1
20241044,10,8006840,1,3,1300000.0,1300000.0,48,24,2410,8143,1,24,1,5.0,8,8.0,1
20241044,10,8006842,1,2,1300000.0,1300000.0,48,42,4290,7131,1,32,1,5.0,8,8.0,1
20241044,10,8006842,1,4,1300000.0,1300000.0,48,68,6820,9112,1,31,1,3.0,8,8.0,1
20241044,10,8006843,1,1,1300000.0,1300000.0,48,68,6820,9112,1,53,2,4.0,8,8.0,1
20241044,10,8006844,1,1,1300000.0,1300000.0,48,21,2100,8183,1,53,1,5.0,8,8.0,1
20241044,10,8006846,1,3,560000.0,560000.0,60,56,5619,9412,1,19,1,4.0,8,8.0,1
20241044,10,8006847,1,5,4000000.0,4000000.0,48,68,6820,3341,1,22,2,10.0,8,8.0,1
20241044,10,8006849,1,1,1700000.0,1700000.0,60,45,4512,5223,1,38,1,8.0,8,8.0,1
20241044,10,8006850,1,2,1800000.0,1800000.0,48,86,8699,2411,1,28,2,10.0,8,8.0,1
20241044,10,8006850,1,3,1300000.0,1300000.0,48,82,8220,4222,1,21,2,5.0,8,8.0,1
20241044,10,8006853,1,1,800000.0,600000.0,42,56,5619,5212,1,39,2,4.0,8,8.0,1
20241044,10,8006853,1,2,1050000.0,900000.0,72,46,4631,5243,1,20,1,5.0,8,8.0,1
20241044,10,8006854,1,3,2500000.0,2500000.0,48,80,8010,1212,1,44,1,8.0,8,8.0,1
20241044,10,8006855,1,2,1800000.0,1800000.0,48,86,8610,2221,1,55,2,10.0,8,8.0,1
20241044,10,8006856,1,1,1400000.0,1000000.0,70,47,4711,1420,1,52,1,3.0,8,8.0,1
20241044,10,8006859,1,3,800000.0,800000.0,40,95,9522,7412,1,22,1,5.0,8,8.0,1
20241044,10,8006861,1,2,1460000.0,1460000.0,48,11,1104,9621,1,36,1,8.0,8,8.0,1
20241044,10,8006861,1,3,1460000.0,1460000.0,48,82,8220,4222,1,31,2,8.0,8,8.0,1
20241044,10,8006865,1,1,1300000.0,1300000.0,40,85,8530,2341,1,44,2,10.0,8,8.0,1
20241044,10,8006868,1,1,1300000.0,1300000.0,48,46,4663,4226,1,25,2,8.0,8,8.0,1
20241044,10,8006871,1,1,1300000.0,1300000.0,40,15,1522,7536,1,46,1,8.0,8,8.0,1
20241044,10,8006872,1,4,1700000.0,1700000.0,48,56,5619,5246,1,20,2,5.0,8,8.0,1
20241044,10,8006873,1,1,1300000.0,1300000.0,48,46,4690,3122,1,41,1,8.0,8,8.0,1
20241044,10,8006881,1,1,1300000.0,1300000.0,48,49,4923,8332,1,32,1,5.0,8,8.0,1
20241044,10,8006883,1,3,3800000.0,3800000.0,48,86,8621,2211,1,40,2,10.0,8,8.0,1
20241044,10,8006884,1,3,100000.0,100000.0,10,56,5611,9412,1,43,2,3.0,8,8.0,1
20241044,10,8006886,1,1,1500000.0,1500000.0,48,22,2229,9321,1,38,1,5.0,8,8.0,1
20241044,10,8006889,1,1,1465000.0,1465000.0,48,86,8610,5321,1,53,2,8.0,8,8.0,1
20241044,10,8006893,1,1,3900000.0,3900000.0,48,65,6511,1212,1,52,1,8.0,8,8.0,1
20241044,10,8006893,1,2,2800000.0,2800000.0,40,65,6511,1212,1,39,2,11.0,8,8.0,1
20241044,10,8006894,1,3,1700000.0,1700000.0,48,86,8610,5321,1,33,2,8.0,8,8.0,1
20241044,10,8006895,1,1,2200000.0,2200000.0,48,82,8220,4222,1,39,2,10.0,8,8.0,1
20241044,10,8006895,1,2,1460000.0,1460000.0,40,82,8220,4222,1,20,1,5.0,8,8.0,1
20241044,10,8006897,1,1,2000000.0,2000000.0,40,60,6010,2642,1,50,2,10.0,8,8.0,1
20241044,10,8006898,1,1,2800000.0,2800000.0,48,82,8220,4222,1,24,2,10.0,8,8.0,1
20241145,11,8010561,1,2,10000000.0,10000000.0,48,64,6412,2411,1,64,1,10.0,8,8.0,1
20241145,11,8010562,1,2,1000000.0,1000000.0,48,86,8621,1120,1,59,1,10.0,8,8.0,1
20241145,11,8010566,1,2,1300000.0,1300000.0,48,49,4923,5223,1,58,2,8.0,8,8.0,1
20241145,11,8010573,1,1,4500000.0,4500000.0,48,32,3211,7361,1,55,2,10.0,8,8.0,1
20241145,11,8010574,1,1,6000000.0,6000000.0,48,94,9411,2611,1,62,2,11.0,8,8.0,1
20241145,11,8010575,1,1,4000000.0,4000000.0,48,62,6202,2166,1,28,1,10.0,8,8.0,1
20241145,11,8010575,1,2,4000000.0,4000000.0,48,82,8220,3341,1,29,2,10.0,8,8.0,1
20241145,11,8010576,1,4,1000000.0,1000000.0,48,56,5619,9411,1,29,1,5.0,8,8.0,1
20241145,11,8010576,1,5,1200000.0,1200000.0,48,45,4520,7231,1,56,1,5.0,8,8.0,1
20241145,11,8010581,1,1,1742000.0,1742000.0,48,86,8610,5321,1,26,2,8.0,8,8.0,1
20241145,11,8010583,1,1,1300000.0,1300000.0,48,47,4755,1221,1,64,1,10.0,8,8.0,1
20241145,11,8010583,1,3,1800000.0,1800000.0,48,85,8544,4110,1,29,1,10.0,8,8.0,1
20241145,11,8010590,1,2,2500000.0,2500000.0,40,46,4669,4311,1,71,1,10.0,8,8.0,1
20241145,11,8010593,1,1,3000000.0,3000000.0,48,47,4711,5222,1,24,1,10.0,8,8.0,1
20241145,11,8010594,1,2,1300000.0,1300000.0,46,64,6412,2412,1,40,2,5.0,8,8.0,1
20241145,11,8010596,1,1,4200000.0,4200000.0,48,86,8622,2261,1,61,1,10.0,8,8.0,1
20241145,11,8010596,1,3,4500000.0,4500000.0,47,85,8544,2310,1,30,1,11.0,8,8.0,1
20241145,11,8010596,1,4,2800000.0,2800000.0,42,85,8530,2341,1,21,2,10.0,8,8.0,1
20241145,11,8010597,1,2,4700000.0,4700000.0,47,60,6010,1212,1,50,2,10.0,8,8.0,1
20241145,11,8010600,1,1,600000.0,600000.0,40,87,8730,5322,1,62,2,5.0,8,8.0,1
20241145,11,8010605,1,3,2800000.0,2800000.0,48,68,6820,2166,1,34,1,9.0,8,8.0,1
20241145,11,8010605,1,4,2300000.0,2300000.0,48,20,2013,2133,1,30,1,10.0,8,8.0,1
20241145,11,8010611,1,1,6000000.0,6000000.0,48,47,4752,1221,1,47,1,10.0,8,8.0,1
20241145,11,8010611,1,2,3500000.0,3500000.0,48,85,8544,2634,1,46,2,10.0,8,8.0,1
20241145,11,8010614,1,1,1400000.0,1400000.0,48,61,6120,7422,1,51,1,5.0,8,8.0,1
20241145,11,8010614,1,3,1400000.0,1400000.0,48,86,8610,3513,1,24,1,9.0,8,8.0,1
20241145,11,8010615,1,3,1400000.0,1400000.0,48,82,8220,4222,1,33,1,5.0,8,8.0,1
20241145,11,8010616,1,1,2000000.0,1400000.0,48,56,5611,5131,1,26,1,5.0,8,8.0,1
20241145,11,8010616,1,2,1450000.0,1200000.0,48,56,5611,5131,1,26,2,5.0,8,8.0,1
20241145,11,8010618,1,1,1300000.0,1300000.0,50,88,8891,5311,1,63,2,8.0,8,8.0,1
20241145,11,8010618,1,2,1400000.0,1400000.0,48,10,1011,4110,1,32,1,5.0,8,8.0,1
20241145,11,8010619,1,1,2000000.0,2000000.0,48,82,8230,3341,1,37,1,8.0,8,8.0,1
20241145,11,8010622,1,1,1400000.0,1400000.0,50,47,4711,5223,1,49,1,8.0,8,8.0,1
20241145,11,8010623,1,1,,,48,45,4530,5223,1,52,1,5.0,8,8.0,1
20241145,11,8010627,1,3,900000.0,900000.0,60,45,4520,9121,1,42,1,3.0,8,8.0,1
20241145,11,8010630,1,4,1465000.0,1465000.0,48,11,1104,3131,1,24,1,5.0,8,8.0,1
20241145,11,8010630,1,5,1465000.0,1465000.0,48,47,4731,4311,1,26,2,5.0,8,8.0,1
20241145,11,8010631,1,2,1200000.0,1200000.0,40,85,8512,2341,1,33,2,8.0,8,8.0,1
20241145,11,8010632,1,3,1460000.0,1460000.0,48,46,4631,9333,1,24,1,5.0,8,8.0,1
20241145,11,8010633,1,2,1300000.0,1300000.0,48,47,4711,4321,1,30,1,5.0,8,8.0,1
20241145,11,8010635,3,1,1160000.0,960000.0,48,56,5611,5120,1,49,1,5.0,8,8.0,1
20241145,11,8010635,3,3,1240000.0,1000000.0,48,56,5611,5120,1,23,2,5.0,8,8.0,1
20241145,11,8010636,1,2,850000.0,850000.0,50,41,4111,9313,1,47,1,3.0,8,8.0,1
20241145,11,8010636,1,4,800000.0,800000.0,48,85,8530,5414,1,28,1,5.0,8,8.0,1
20241145,11,8010637,1,2,1460000.0,1460000.0,48,25,2511,4321,1,34,1,5.0,8,8.0,1
20241145,11,8010638,1,3,1300000.0,1300000.0,70,56,5611,9412,1,38,2,5.0,8,8.0,1
20241145,11,8010640,1,5,1300000.0,1300000.0,48,86,8621,5321,1,23,2,5.0,8,8.0,1
20241145,11,8010642,1,1,1300000.0,1300000.0,48,86,8621,5321,1,44,1,8.0,8,8.0,1
20241145,11,8010643,1,2,500000.0,500000.0,45,95,9529,7115,1,23,1,4.0,8,8.0,1
20241145,11,8010644,1,1,800000.0,800000.0,50,41,4111,9313,1,38,1,4.0,8,8.0,1
20241145,11,8010648,1,5,1000000.0,1000000.0,48,15,1521,9329,1,21,1,8.0,8,8.0,1
20241145,11,8010649,1,2,1200000.0,1200000.0,48,25,2511,7212,1,27,1,5.0,8,8.0,1
20241145,11,8010652,1,3,1300000.0,1300000.0,47,82,8220,4222,1,36,2,10.0,8,8.0,1
20241145,11,8010654,1,3,360000.0,360000.0,24,47,4771,5223,1,19,2,5.0,8,8.0,1
20241145,11,8010655,1,2,1540000.0,1300000.0,72,10,1081,9621,1,43,1,5.0,8,8.0,1
20241145,11,8010657,1,1,1200000.0,1200000.0,48,64,6499,4213,1,33,1,8.0,8,8.0,1
20241145,11,8010658,1,4,1300000.0,1300000.0,48,41,4111,9112,1,21,1,5.0,8,8.0,1
20241145,11,8010658,1,8,1300000.0,1300000.0,48,93,9311,5131,1,36,2,5.0,8,8.0,1
20241145,11,8010662,1,2,1300000.0,1300000.0,48,86,8621,9112,1,57,2,5.0,8,8.0,1
20241145,11,8010667,1,1,1500000.0,1500000.0,70,47,4719,5223,1,34,1,3.0,8,8.0,1
20241145,11,8010668,1,1,1200000.0,1200000.0,48,14,1410,7531,1,51,2,5.0,8,8.0,1
20241145,11,8010668,1,2,1300000.0,1300000.0,48,21,2100,7411,1,49,1,3.0,8,8.0,1
20241145,11,8010676,1,1,1500000.0,1500000.0,48,31,3110,9313,1,41,1,5.0,8,8.0,1
20241145,11,8010679,1,2,2200000.0,2200000.0,48,86,8610,2221,1,33,2,10.0,8,8.0,1
20241145,11,8010680,1,2,1600000.0,1600000.0,48,93,9329,5230,1,21,2,9.0,8,8.0,1
20241145,11,8010680,1,3,1650000.0,1650000.0,48,46,4663,4321,1,21,2,9.0,8,8.0,1
20241145,11,8010682,1,2,1700000.0,1700000.0,48,85,8544,9112,1,37,1,5.0,8,8.0,1
20241145,11,8010685,1,1,1600000.0,1600000.0,48,65,6511,3315,1,35,1,8.0,8,8.0,1
20241145,11,8010685,1,2,1800000.0,1800000.0,48,41,4111,3334,1,42,2,8.0,8,8.0,1
20241145,11,8010689,1,1,870000.0,720000.0,48,47,4781,5212,1,64,1,5.0,8,8.0,1
20241145,11,8010690,1,1,1700000.0,1700000.0,45,93,9311,3422,1,52,1,5.0,8,8.0,1
20241145,11,8010690,1,3,1600000.0,1600000.0,48,46,4631,4321,1,26,1,8.0,8,8.0,1
20241145,11,8010694,1,1,2400000.0,2400000.0,48,46,4645,7223,1,31,1,9.0,8,8.0,1
20241145,11,8010696,1,1,1300000.0,1300000.0,48,17,1709,3322,1,53,1,5.0,8,8.0,1
20241145,11,8010698,1,2,3000000.0,3000000.0,48,52,5229,3331,1,48,2,8.0,8,8.0,1
20241145,11,8010698,1,3,3650000.0,3500000.0,48,33,3311,2411,1,26,1,10.0,8,8.0,1
20241145,11,8010699,1,1,1420000.0,1300000.0,46,25,2511,4311,1,41,2,9.0,8,8.0,1
20241145,11,8010699,1,2,1300000.0,1300000.0,48,68,6820,5414,1,45,1,5.0,8,8.0,1
20241145,11,8010702,1,3,1300000.0,1300000.0,48,52,5210,9321,1,40,1,5.0,8,8.0,1
20241145,11,8010705,1,1,1800000.0,1800000.0,48,49,4923,8332,1,38,1,5.0,8,8.0,1
20241145,11,8010706,1,1,1300000.0,1300000.0,48,11,1104,9112,1,64,1,3.0,8,8.0,1
20241145,11,8010707,1,2,2000000.0,2000000.0,48,52,5229,3341,1,36,2,9.0,8,8.0,1
20241145,11,8010708,1,1,2000000.0,2000000.0,46,58,5813,2511,1,35,1,10.0,8,8.0,1
20241145,11,8010709,1,1,1800000.0,1300000.0,48,41,4111,9313,1,26,1,9.0,8,8.0,1
20241145,11,8010710,1,3,1800000.0,1800000.0,46,21,2100,3322,1,51,2,10.0,8,8.0,1
20241145,11,8010712,1,1,3500000.0,3500000.0,50,25,2511,3341,1,33,1,10.0,8,8.0,1
20241145,11,8010712,1,2,1300000.0,1300000.0,48,47,4773,5221,1,30,1,10.0,8,8.0,1
20241145,11,8010713,1,3,2000000.0,2000000.0,48,82,8220,4222,1,24,2,10.0,8,8.0,1
20241145,11,8010713,1,4,2000000.0,2000000.0,48,22,2229,5223,1,29,1,8.0,8,8.0,1
20241145,11,8010714,1,2,1700000.0,1700000.0,48,65,6512,3315,1,45,2,5.0,8,8.0,1
20241145,11,8010714,1,5,1800000.0,1800000.0,47,69,6920,4311,1,42,1,9.0,8,8.0,1
20241145,11,8010715,1,1,2500000.0,2200000.0,50,25,2511,2521,1,30,1,9.0,8,8.0,1
20241145,11,8010716,1,2,1300000.0,1300000.0,40,88,8891,5311,1,44,2,8.0,8,8.0,1
20241145,11,8010717,1,1,1400000.0,1400000.0,60,49,4921,5230,1,34,2,8.0,8,8.0,1
20241145,11,8010717,1,5,1200000.0,1200000.0,70,10,1081,7512,1,37,1,5.0,8,8.0,1
20241145,11,8010719,1,1,1500000.0,1500000.0,48,45,4520,7231,1,63,1,3.0,8,8.0,1
20241145,11,8010719,1,3,2900000.0,1400000.0,56,93,9311,3423,1,29,2,10.0,8,8.0,1
20241145,11,8010719,1,4,1300000.0,1300000.0,48,49,4921,7231,1,23,1,8.0,8,8.0,1
20241145,11,8010723,1,1,1620000.0,1620000.0,47,85,8530,2330,1,35,2,10.0,8,8.0,1
20241145,11,8010723,1,3,1840000.0,1840000.0,47,31,3110,4214,1,32,2,10.0,8,8.0,1
20241145,11,8010724,1,2,1300000.0,1300000.0,40,82,8220,4222,1,23,2,8.0,8,8.0,1
20241145,11,8010725,1,2,1300000.0,1300000.0,48,82,8220,4222,1,36,2,5.0,8,8.0,1
20241145,11,8010725,1,3,1300000.0,1300000.0,48,68,6820,5414,1,42,1,5.0,8,8.0,1
20241145,11,8010726,1,1,1600000.0,1600000.0,46,10,1031,8183,1,43,1,8.0,8,8.0,1
20241145,11,8010731,1,2,700000.0,700000.0,48,85,8530,9112,1,36,2,5.0,8,8.0,1
20241145,11,8010733,1,1,1300000.0,1300000.0,48,13,1313,7533,1,26,1,8.0,8,8.0,1
20241145,11,8010735,1,1,4300000.0,4300000.0,47,86,8621,2211,1,42,1,10.0,8,8.0,1
20241145,11,8010736,1,3,1600000.0,1600000.0,46,82,8220,4222,1,30,1,10.0,8,8.0,1
20241145,11,8010737,1,1,2600000.0,2600000.0,48,10,1081,5223,1,57,1,8.0,8,8.0,1
20241145,11,8010737,1,3,1500000.0,1500000.0,48,14,1410,1420,1,28,2,8.0,8,8.0,1
20241145,11,8010739,1,2,800000.0,800000.0,40,85,8530,2342,1,24,2,8.0,8,8.0,1
20241145,11,8010741,1,1,1800000.0,1800000.0,48,62,6202,4222,1,34,2,9.0,8,8.0,1
20241145,11,8010742,1,1,3000000.0,3000000.0,48,45,4520,7231,1,49,1,8.0,8,8.0,1
20241146,11,8015528,1,1,7000000.0,7000000.0,48,85,8544,1345,1,55,2,13.0,8,8.0,1
20241146,11,8015528,1,2,7500000.0,7500000.0,46,64,6432,1120,1,55,1,13.0,8,8.0,1
20241146,11,8016688,1,1,4000000.0,4000000.0,48,86,8621,2221,1,34,2,10.0,8,8.0,1
20241146,11,8016694,1,1,2500000.0,2500000.0,48,35,3520,3322,1,31,2,10.0,8,8.0,1
20241146,11,8016697,1,1,3900000.0,3900000.0,40,64,6494,2512,1,30,1,10.0,8,8.0,1
20241146,11,8016697,1,2,2000000.0,2000000.0,60,86,8610,5321,1,45,2,8.0,8,8.0,1
20241146,11,8016698,1,1,1850000.0,1500000.0,48,56,5611,5230,1,49,2,5.0,8,8.0,1
20241146,11,8016698,1,2,1465000.0,1465000.0,48,86,8621,4110,1,23,2,8.0,8,8.0,1
20241146,11,8016699,1,2,1300000.0,1300000.0,70,41,4111,9313,1,50,1,1.0,8,8.0,1
20241146,11,8018502,1,2,1300000.0,1300000.0,48,73,7310,4321,1,57,1,5.0,8,8.0,1
20241146,11,8018502,1,4,2400000.0,2400000.0,48,47,4732,3122,1,24,1,10.0,8,8.0,1
20241146,11,8018505,1,2,1300000.0,1300000.0,48,46,4645,9112,1,49,2,5.0,8,8.0,1
20241146,11,8018505,1,6,1300000.0,1300000.0,48,68,6810,4120,1,29,2,10.0,8,8.0,1
20241146,11,8018506,1,1,3200000.0,3200000.0,48,41,4111,7112,1,40,1,5.0,8,8.0,1
20241146,11,8018507,1,1,1300000.0,1300000.0,48,81,8121,9112,1,27,1,9.0,8,8.0,1
20241146,11,8018508,1,1,1300000.0,1300000.0,48,47,4771,5223,1,29,1,5.0,8,8.0,1
20241146,11,8018509,1,1,1300000.0,1300000.0,48,10,1032,8160,1,71,1,5.0,8,8.0,1
20241146,11,8018512,1,2,3700000.0,3700000.0,48,82,8220,3341,1,24,2,5.0,8,8.0,1
20241146,11,8018516,1,1,6000000.0,6000000.0,48,46,4645,1211,1,60,1,10.0,8,8.0,1
20241146,11,8018521,1,2,3300000.0,3300000.0,47,85,8544,2411,1,39,2,12.0,8,8.0,1
20241146,11,8018521,1,3,1300000.0,1300000.0,47,47,4711,4321,1,39,1,8.0,8,8.0,1
20241146,11,8018525,1,3,1400000.0,1400000.0,40,64,6412,2412,1,26,2,10.0,8,8.0,1
20241146,11,8018526,1,1,3800000.0,3800000.0,48,47,4754,2411,1,39,2,10.0,8,8.0,1
20241146,11,8018526,1,2,5400000.0,5400000.0,50,86,8610,2221,1,44,1,10.0,8,8.0,1
20241146,11,8018527,1,1,5000000.0,5000000.0,48,61,6110,4226,1,42,2,10.0,8,8.0,1
20241146,11,8018530,1,1,4500000.0,4500000.0,48,69,6920,2411,1,40,1,10.0,8,8.0,1
20241146,11,8018530,1,2,1800000.0,1800000.0,48,61,6120,3322,1,43,2,10.0,8,8.0,1
20241146,11,8018534,1,1,7800000.0,7800000.0,48,42,4290,2142,1,28,1,11.0,8,8.0,1
20241146,11,8018537,1,3,2500000.0,2500000.0,40,82,8220,4222,1,28,2,10.0,8,8.0,1
20241146,11,8018539,1,2,1900000.0,1900000.0,46,85,8544,1212,1,26,1,10.0,8,8.0,1
20241146,11,8018540,1,3,3800000.0,3800000.0,46,85,8544,3332,1,37,2,10.0,8,8.0,1
20241146,11,8018541,1,2,1600000.0,1300000.0,56,56,5611,5131,1,26,2,5.0,8,8.0,1
20241146,11,8018542,1,3,3500000.0,3500000.0,48,86,8621,1342,1,35,2,12.0,8,8.0,1
20241146,11,8018544,1,1,2000000.0,2000000.0,47,86,8621,2221,1,48,2,10.0,8,8.0,1
20241146,11,8018545,1,5,1465000.0,1465000.0,48,85,8530,9112,1,54,2,5.0,8,8.0,1
20241146,11,8018546,1,3,1200000.0,1200000.0,48,31,3110,7522,1,41,1,3.0,8,8.0,1
20241146,11,8018546,1,7,1400000.0,1400000.0,48,61,6110,9112,1,31,2,8.0,8,8.0,1
20241146,11,8018554,1,3,800000.0,800000.0,48,31,3110,9112,1,43,1,1.0,8,8.0,1
20241146,11,8018555,1,3,1300000.0,1300000.0,48,43,4322,7127,1,21,1,5.0,8,8.0,1
20241146,11,8018558,1,1,1300000.0,1300000.0,48,17,1702,8143,1,41,2,3.0,8,8.0,1
20241146,11,8018558,1,2,1420000.0,1420000.0,48,25,2511,9333,1,21,1,5.0,8,8.0,1
20241146,11,8018559,1,2,1300000.0,1300000.0,48,22,2229,9112,1,40,1,5.0,8,8.0,1
20241146,11,8018560,1,1,1300000.0,1300000.0,72,31,3120,8153,1,43,2,5.0,8,8.0,1
20241146,11,8018560,1,2,1300000.0,1300000.0,48,38,3830,9612,1,18,1,5.0,8,8.0,1
20241146,11,8018561,1,2,1300000.0,1300000.0,48,23,2395,8143,1,41,1,5.0,8,8.0,1
20241146,11,8018562,1,2,1300000.0,1300000.0,48,20,2023,5221,1,36,2,5.0,8,8.0,1
20241146,11,8018565,1,3,1300000.0,1300000.0,47,47,4711,5230,1,24,2,5.0,8,8.0,1
20241146,11,8018569,1,2,1600000.0,1600000.0,40,31,3110,7132,1,41,1,4.0,8,8.0,1
20241146,11,8018573,1,2,2760000.0,2760000.0,48,85,8530,7126,1,59,1,3.0,8,8.0,1
20241146,11,8018573,1,9,1500000.0,1500000.0,48,47,4771,9621,1,45,1,5.0,8,8.0,1
20241146,11,8018575,1,1,1300000.0,1300000.0,46,22,2229,8142,1,34,1,5.0,8,8.0,1
20241146,11,8018575,1,2,1300000.0,1300000.0,46,10,1020,4415,1,33,2,6.0,8,8.0,1
20241146,11,8018576,1,2,1300000.0,1300000.0,48,31,3120,8153,1,35,1,5.0,8,8.0,1
20241146,11,8018578,1,2,1300000.0,1300000.0,48,22,2229,9333,1,21,1,5.0,8,8.0,1
20241146,11,8018582,1,1,1300000.0,1300000.0,48,68,6820,5414,1,52,1,4.0,8,8.0,1
20241146,11,8018583,1,1,1500000.0,1500000.0,48,23,2310,7125,1,46,1,5.0,8,8.0,1
20241146,11,8018584,1,1,1800000.0,1800000.0,48,23,2310,9333,1,30,1,9.0,8,8.0,1
20241146,11,8018584,1,2,1460000.0,1460000.0,48,31,3110,4223,1,23,2,8.0,8,8.0,1
20241146,11,8018585,1,1,1300000.0,1300000.0,60,68,6820,5414,1,30,1,6.0,8,8.0,1
20241146,11,8018586,1,2,1300000.0,1300000.0,48,47,4711,5230,1,25,1,5.0,8,8.0,1
20241146,11,8018587,1,1,1465000.0,1465000.0,48,46,4663,8332,1,40,1,5.0,8,8.0,1
20241146,11,8018590,1,2,1300000.0,1300000.0,48,47,4773,5223,1,52,1,5.0,8,8.0,1
20241146,11,8018591,1,1,,,48,45,4530,5223,1,50,1,5.0,8,8.0,1
20241146,11,8018594,1,1,1000000.0,500000.0,60,85,8530,5414,1,63,1,4.0,8,8.0,1
20241146,11,8018595,1,3,1500000.0,1500000.0,48,41,4111,5414,1,31,1,5.0,8,8.0,1
20241146,11,8018597,1,5,1500000.0,1500000.0,48,11,1103,9333,1,52,1,4.0,8,8.0,1
20241146,11,8018598,1,1,1350000.0,1350000.0,48,80,8010,5230,1,38,1,8.0,8,8.0,1
20241146,11,8018601,1,1,600000.0,600000.0,30,85,8552,3422,1,62,1,10.0,8,8.0,1
20241146,11,8018605,1,4,2300000.0,2300000.0,48,85,8530,2330,1,37,2,10.0,8,8.0,1
20241146,11,8018606,1,4,2600000.0,2600000.0,48,47,4752,3341,1,41,1,10.0,8,8.0,1
20241146,11,8018612,1,1,1500000.0,1500000.0,48,41,4111,9313,1,30,1,5.0,8,8.0,1
20241146,11,8018615,1,2,1400000.0,1400000.0,44,10,1011,3322,1,31,1,10.0,8,8.0,1
20241146,11,8018615,1,3,1500000.0,1500000.0,44,47,4731,4311,1,24,2,8.0,8,8.0,1
20241146,11,8018618,1,3,1300000.0,1300000.0,48,22,2229,8142,1,29,2,5.0,8,8.0,1
20241146,11,8018623,1,1,1300000.0,1300000.0,48,56,5611,5120,1,62,1,5.0,8,8.0,1
20241146,11,8018623,1,4,1300000.0,1300000.0,48,56,5611,5120,1,39,1,5.0,8,8.0,1
20241146,11,8018624,1,2,1300000.0,1300000.0,46,80,8010,5414,1,39,2,6.0,8,8.0,1
20241146,11,8018624,1,3,1300000.0,1300000.0,46,64,6424,4110,1,48,1,8.0,8,8.0,1
20241146,11,8018625,1,1,1300000.0,1300000.0,48,45,4511,9112,1,27,1,5.0,8,8.0,1
20241146,11,8018625,1,5,600000.0,600000.0,48,41,4111,7112,1,21,1,4.0,8,8.0,1
20241146,11,8018628,1,1,2600000.0,2600000.0,48,10,1040,8344,1,52,1,6.0,8,8.0,1
20241146,11,8018628,1,3,2000000.0,2000000.0,48,62,6202,2511,1,23,1,10.0,8,8.0,1
20241146,11,8018629,1,3,13000000.0,13000000.0,48,56,5611,5414,1,49,1,5.0,8,8.0,1
20241146,11,8018634,1,1,1300000.0,1300000.0,48,17,1701,9329,1,62,2,5.0,8,8.0,1
20241146,11,8018638,1,2,1300000.0,1300000.0,48,64,6422,2412,1,29,1,10.0,8,8.0,1
20241146,11,8018641,1,4,1300000.0,1300000.0,48,47,4762,1420,1,32,1,8.0,8,8.0,1
20241146,11,8018647,1,1,1300000.0,1300000.0,48,49,4921,7231,1,66,1,5.0,8,8.0,1
20241146,11,8018647,1,2,1300000.0,1300000.0,48,86,8610,5321,1,62,2,8.0,8,8.0,1
20241146,11,8018647,1,3,1300000.0,1300000.0,48,85,8544,9112,1,52,2,5.0,8,8.0,1
20241146,11,8018651,1,2,1700000.0,1700000.0,48,86,8610,3213,1,37,2,8.0,8,8.0,1
20241146,11,8018652,1,1,1050000.0,850000.0,56,56,5611,5212,1,45,2,8.0,8,8.0,1
20241146,11,8018652,1,4,1300000.0,1300000.0,48,47,4741,7422,1,27,1,10.0,8,8.0,1
20241146,11,8018653,1,1,1600000.0,1600000.0,46,64,6499,4212,1,66,2,10.0,8,8.0,1
20241146,11,8018653,1,3,1800000.0,1800000.0,46,82,8220,4222,1,22,2,10.0,8,8.0,1
20241146,11,8018653,1,7,2000000.0,1400000.0,35,85,8530,2342,1,54,2,9.0,8,8.0,1
20241146,11,8018656,1,2,2000000.0,2000000.0,48,86,8621,1212,1,49,2,10.0,8,8.0,1
20241146,11,8018658,1,1,3000000.0,3000000.0,48,86,8621,2211,1,33,1,10.0,8,8.0,1
20241146,11,8018658,1,2,3000000.0,3000000.0,48,86,8621,2211,1,34,2,10.0,8,8.0,1
20241146,11,8018660,1,1,5000000.0,5000000.0,48,55,5511,3341,1,35,2,12.0,8,8.0,1
20241146,11,8018660,1,2,4000000.0,4000000.0,48,10,1031,3114,1,39,1,11.0,8,8.0,1
20241147,11,8022291,1,1,2000000.0,2000000.0,40,84,8423,1212,1,36,2,10.0,8,8.0,1
20241147,11,8022292,1,2,1500000.0,1500000.0,46,10,1062,4120,1,50,2,10.0,8,8.0,1
20241147,11,8023885,1,2,3000000.0,3000000.0,48,52,5221,1439,1,61,1,10.0,8,8.0,1
20241147,11,8023887,1,1,6000000.0,6000000.0,40,86,8610,2211,1,57,1,11.0,8,8.0,1
20241147,11,8023887,1,3,4000000.0,4000000.0,48,85,8544,1345,1,48,2,12.0,8,8.0,1
20241147,11,8023890,1,1,5500000.0,5500000.0,60,86,8610,2211,1,55,1,11.0,8,8.0,1
20241147,11,8023891,1,1,10000000.0,10000000.0,48,46,4651,1120,1,34,1,11.0,8,8.0,1
20241147,11,8023891,1,2,5000000.0,5000000.0,20,41,4111,1323,1,32,2,10.0,8,8.0,1
20241147,11,8023892,1,3,3200000.0,3200000.0,48,82,8220,4222,1,36,1,10.0,8,8.0,1
20241147,11,8023893,1,4,1300000.0,1300000.0,47,51,5112,9333,1,54,1,5.0,8,8.0,1
20241147,11,8023895,1,1,3850000.0,3600000.0,48,5,510,3117,1,53,1,9.0,8,8.0,1
20241147,11,8023896,1,2,4000000.0,4000000.0,40,86,8610,3343,1,35,2,10.0,8,8.0,1
20241147,11,8023899,1,1,1300000.0,1300000.0,47,41,4111,9313,1,28,1,5.0,8,8.0,1
20241147,11,8026616,1,1,4500000.0,4500000.0,48,46,4631,1420,1,60,1,5.0,8,8.0,1
20241147,11,8026616,1,4,3200000.0,3200000.0,48,94,9499,2634,1,32,2,10.0,8,8.0,1
20241147,11,8026617,1,3,1800000.0,1800000.0,48,86,8621,1212,1,40,2,10.0,8,8.0,1
20241147,11,8026617,1,4,2700000.0,2700000.0,48,47,4759,1212,1,39,1,8.0,8,8.0,1
20241147,11,8026618,1,2,5300000.0,5300000.0,47,41,4111,2142,1,51,1,10.0,8,8.0,1
20241147,11,8026625,1,1,3500000.0,3500000.0,48,85,8544,2310,1,71,1,11.0,8,8.0,1
20241147,11,8026625,1,2,1800000.0,1800000.0,48,94,9499,1431,1,61,2,10.0,8,8.0,1
20241147,11,8026628,1,1,2600000.0,2600000.0,48,22,2229,2166,1,36,1,10.0,8,8.0,1
20241147,11,8026629,1,3,2600000.0,2600000.0,48,11,1104,3341,1,32,1,10.0,8,8.0,1
20241147,11,8026630,1,2,,,40,41,4111,2142,1,59,1,10.0,8,8.0,1
20241147,11,8026630,1,3,,,40,41,4111,2143,1,44,1,10.0,8,8.0,1
20241147,11,8026631,1,1,4500000.0,4500000.0,47,35,3514,1120,1,43,2,10.0,8,8.0,1
20241147,11,8026631,1,2,3800000.0,3800000.0,46,61,6190,1212,1,49,1,10.0,8,8.0,1
20241147,11,8026644,1,2,3500000.0,3500000.0,40,64,6423,1212,1,54,2,10.0,8,8.0,1
20241147,11,8026644,1,3,3000000.0,3000000.0,40,47,4752,1212,1,28,1,12.0,8,8.0,1
20241147,11,8026647,1,1,1480000.0,1300000.0,48,60,6010,1212,1,37,2,5.0,8,8.0,1
20241147,11,8026647,1,2,800000.0,800000.0,40,64,6499,4110,1,41,1,5.0,8,8.0,1
20241147,11,8026647,1,3,1300000.0,1300000.0,48,21,2100,8142,1,21,1,5.0,8,8.0,1
20241147,11,8026650,1,2,3000000.0,3000000.0,40,75,7500,2250,1,25,2,10.0,8,8.0,1
20241147,11,8026654,1,1,1300000.0,1300000.0,48,47,4711,8332,1,36,1,5.0,8,8.0,1
20241147,11,8026656,1,1,1400000.0,1400000.0,50,38,3822,9333,1,42,1,3.0,8,8.0,1
20241147,11,8026657,1,2,1520000.0,1000000.0,80,10,1011,5223,1,20,1,4.0,8,8.0,1
20241147,11,8026658,1,1,1700000.0,1700000.0,48,10,1089,7512,1,44,1,4.0,8,8.0,1
20241147,11,8026658,1,3,1400000.0,1400000.0,60,70,7010,9313,1,21,1,5.0,8,8.0,1
20241147,11,8026659,1,1,1000000.0,1000000.0,70,47,4711,5223,1,23,1,5.0,8,8.0,1
20241147,11,8026659,1,6,1450000.0,1100000.0,60,47,4711,5221,1,25,1,5.0,8,8.0,1
20241147,11,8026661,1,3,1300000.0,1300000.0,48,45,4520,9122,1,39,1,8.0,8,8.0,1
20241147,11,8026661,1,5,1600000.0,1600000.0,48,86,8621,3257,1,34,2,9.0,8,8.0,1
20241147,11,8026661,1,6,1300000.0,1300000.0,45,45,4520,7132,1,44,1,5.0,8,8.0,1
20241147,11,8026662,1,2,1300000.0,1300000.0,48,10,1040,8323,1,51,1,3.0,8,8.0,1
20241147,11,8026664,1,4,400000.0,400000.0,16,56,5619,5131,1,40,2,10.0,8,8.0,1
20241147,11,8026665,1,1,2600000.0,2600000.0,40,25,2511,3341,1,56,1,10.0,8,8.0,1
20241147,11,8026665,1,5,2600000.0,2600000.0,48,25,2511,2144,1,24,1,10.0,8,8.0,1
20241147,11,8026667,1,1,1460000.0,1460000.0,48,41,4111,7111,1,29,1,8.0,8,8.0,1
20241147,11,8026669,1,1,1300000.0,1300000.0,47,52,5222,4110,1,45,1,9.0,8,8.0,1
20241147,11,8026672,1,1,1020000.0,900000.0,60,47,4771,5223,1,60,1,4.0,8,8.0,1
20241147,11,8026674,1,1,600000.0,600000.0,40,41,4111,7131,1,55,1,3.0,8,8.0,1
20241147,11,8026674,2,2,1000000.0,1000000.0,40,41,4111,9313,1,37,1,4.0,8,8.0,1
20241147,11,8026677,1,2,1300000.0,1300000.0,48,96,9601,9621,1,43,1,5.0,8,8.0,1
20241147,11,8026682,1,1,1600000.0,1600000.0,47,86,8610,5321,1,53,2,8.0,8,8.0,1
20241147,11,8026682,1,2,1200000.0,1200000.0,50,45,4520,7231,1,53,1,5.0,8,8.0,1
20241147,11,8026683,1,1,1300000.0,1300000.0,48,61,6110,7422,1,42,1,5.0,8,8.0,1
20241147,11,8026693,1,2,1500000.0,1500000.0,48,47,4741,3322,1,38,2,5.0,8,8.0,1
20241147,11,8026695,1,1,2400000.0,1700000.0,60,47,4711,5223,1,40,1,5.0,8,8.0,1
20241147,11,8026695,1,2,2150000.0,1500000.0,54,47,4711,5223,1,35,2,5.0,8,8.0,1
20241147,11,8026696,1,3,1462000.0,1462000.0,48,80,8010,9112,1,37,1,5.0,8,8.0,1
20241147,11,8026696,1,6,1462000.0,1462000.0,48,47,4711,8344,1,28,1,5.0,8,8.0,1
20241147,11,8026697,1,2,1600000.0,1600000.0,48,56,5630,7411,1,44,1,5.0,8,8.0,1
20241147,11,8026701,1,1,1300000.0,1300000.0,48,80,8010,5414,1,45,1,8.0,8,8.0,1
20241147,11,8026703,1,1,1700000.0,1700000.0,48,56,5611,7411,1,36,1,5.0,8,8.0,1
20241147,11,8026704,1,1,600000.0,600000.0,40,10,1081,7512,1,19,1,4.0,8,8.0,1
20241147,11,8026708,1,4,1300000.0,1300000.0,60,14,1410,8153,1,51,2,5.0,8,8.0,1
20241147,11,8026710,1,2,1300000.0,1300000.0,47,85,8544,3341,1,32,2,10.0,8,8.0,1
20241147,11,8026714,1,2,1560000.0,1560000.0,70,47,4711,5223,1,37,1,4.0,8,8.0,1
20241147,11,8026716,1,4,1300000.0,1300000.0,48,94,9491,7131,1,49,1,5.0,8,8.0,1
20241147,11,8026721,1,1,1300000.0,1300000.0,60,41,4111,7112,1,55,1,5.0,8,8.0,1
20241147,11,8026722,1,2,650000.0,650000.0,40,56,5611,9412,1,31,2,4.0,8,8.0,1
20241147,11,8026725,1,1,1000000.0,1000000.0,48,55,5511,9112,1,62,2,5.0,8,8.0,1
20241147,11,8026729,1,1,16000000.0,16000000.0,47,61,6110,7422,1,42,1,5.0,8,8.0,1
20241147,11,8026729,1,3,1300000.0,1300000.0,47,11,1104,8160,1,22,1,10.0,8,8.0,1
20241147,11,8026730,1,1,1300000.0,1300000.0,52,49,4921,8331,1,58,1,5.0,8,8.0,1
20241147,11,8026730,1,5,1300000.0,1300000.0,48,22,2219,9321,1,33,2,5.0,8,8.0,1
20241147,11,8026732,1,2,2000000.0,2000000.0,48,73,7310,2411,1,31,2,10.0,8,8.0,1
20241147,11,8026735,1,1,1800000.0,1800000.0,60,49,4921,8323,1,51,1,5.0,8,8.0,1
20241147,11,8026737,1,1,1300000.0,1300000.0,48,47,4711,5414,1,45,1,5.0,8,8.0,1
20241147,11,8026740,1,2,,,40,64,6412,3322,1,39,2,8.0,8,8.0,1
20241147,11,8026741,1,2,1300000.0,1300000.0,50,41,4111,7112,1,42,1,5.0,8,8.0,1
20241147,11,8026744,1,2,1680000.0,1680000.0,48,68,6820,5414,1,48,1,5.0,8,8.0,1
20241147,11,8026746,1,2,1300000.0,1300000.0,47,82,8220,3341,1,22,2,10.0,8,8.0,1
20241147,11,8026749,1,1,2000000.0,2000000.0,48,86,8622,2261,1,27,1,10.0,8,8.0,1
20241147,11,8026752,1,1,1800000.0,1800000.0,48,35,3511,4120,1,45,1,10.0,8,8.0,1
20241147,11,8026752,1,2,1300000.0,1300000.0,48,35,3511,4110,1,48,2,8.0,8,8.0,1
20241147,11,8026754,1,2,1800000.0,1800000.0,46,13,1392,8151,1,56,1,5.0,8,8.0,1
20241147,11,8026755,1,1,1300000.0,1300000.0,46,86,8621,2212,1,26,2,10.0,8,8.0,1
20241147,11,8026755,1,2,2000000.0,2000000.0,46,71,7112,3113,1,24,1,9.0,8,8.0,1
20241147,11,8026756,1,1,450000.0,450000.0,40,41,4111,7111,1,50,1,3.0,8,8.0,1
20241147,11,8026759,1,1,1380000.0,1300000.0,48,25,2511,3341,1,29,1,9.0,8,8.0,1
20241147,11,8026759,1,2,2000000.0,2000000.0,48,73,7320,2411,1,32,2,10.0,8,8.0,1
20241147,11,8026761,1,1,1300000.0,1300000.0,47,84,8412,9112,1,41,2,5.0,8,8.0,1
20241147,11,8026762,1,1,1300000.0,1300000.0,48,36,3600,9613,1,48,1,5.0,8,8.0,1
20241147,11,8026763,1,3,1300000.0,1300000.0,48,77,7730,4321,1,18,1,5.0,8,8.0,1
20241147,11,8026764,1,1,1300000.0,1300000.0,48,68,6820,5414,1,60,1,5.0,8,8.0,1
20241147,11,8026766,1,1,1300000.0,1300000.0,48,96,9601,9121,1,34,1,5.0,8,8.0,1
20241147,11,8026768,1,1,1300000.0,1300000.0,47,49,4921,4323,1,40,1,5.0,8,8.0,1
20241147,11,8026768,1,2,1300000.0,1300000.0,47,45,4530,5223,1,42,2,5.0,8,8.0,1
20241148,11,8031206,1,1,3500000.0,3500000.0,40,56,5613,1412,1,46,2,10.0,8,8.0,1
20241148,11,8031207,1,4,3200000.0,3200000.0,48,33,3312,3341,1,34,1,10.0,8,8.0,1
20241148,11,8031208,1,3,1500000.0,1500000.0,50,56,5630,5131,1,33,1,5.0,8,8.0,1
20241148,11,8031209,1,2,1500000.0,1500000.0,60,41,4111,7112,1,63,1,3.0,8,8.0,1
20241148,11,8031211,1,2,1300000.0,1300000.0,48,64,6499,5230,1,33,1,5.0,8,8.0,1
20241148,11,8031212,1,1,1450000.0,1450000.0,50,25,2512,8344,1,56,1,4.0,8,8.0,1
20241148,11,8031212,1,3,1500000.0,1500000.0,48,53,5320,4321,1,26,2,10.0,8,8.0,1
20241148,11,8031213,1,3,1500000.0,1500000.0,40,85,8530,2330,1,37,2,10.0,8,8.0,1
20241148,11,8031214,1,3,1800000.0,1800000.0,48,46,4659,5223,1,34,2,10.0,8,8.0,1
20241148,11,8031215,1,3,1400000.0,1400000.0,50,28,2819,7233,1,38,1,5.0,8,8.0,1
20241148,11,8031218,1,1,900000.0,600000.0,40,56,5619,9412,1,66,2,3.0,8,8.0,1
20241148,11,8034422,1,1,3000000.0,3000000.0,40,69,6910,2611,1,66,2,10.0,8,8.0,1
20241148,11,8034423,1,2,6000000.0,6000000.0,48,47,4759,1420,1,53,1,10.0,8,8.0,1
20241148,11,8034424,1,2,3000000.0,3000000.0,40,85,8530,2330,1,57,2,11.0,8,8.0,1
20241148,11,8034424,1,3,1800000.0,1800000.0,48,82,8220,2634,1,22,2,10.0,8,8.0,1
20241148,11,8034433,1,1,4500000.0,4500000.0,48,85,8544,3341,1,34,2,10.0,8,8.0,1
20241148,11,8034433,1,2,3500000.0,3500000.0,48,85,8544,1345,1,34,1,10.0,8,8.0,1
20241148,11,8034433,1,3,2000000.0,2000000.0,48,41,4111,7112,1,32,1,5.0,8,8.0,1
20241148,11,8034433,1,4,1300000.0,1300000.0,48,56,5619,5223,1,22,2,10.0,8,8.0,1
20241148,11,8034434,1,1,3500000.0,3500000.0,48,42,4290,2411,1,52,2,10.0,8,8.0,1
20241148,11,8034434,1,2,4000000.0,4000000.0,60,82,8220,1212,1,29,1,10.0,8,8.0,1
20241148,11,8034434,1,4,4500000.0,4500000.0,48,62,6201,3512,1,48,1,9.0,8,8.0,1
20241148,11,8034436,1,1,6000000.0,6000000.0,48,86,8621,2269,1,35,2,10.0,8,8.0,1
20241148,11,8034438,1,2,2600000.0,2600000.0,48,70,7010,1212,1,36,2,11.0,8,8.0,1
20241148,11,8034439,1,2,1800000.0,1800000.0,48,52,5229,3341,1,34,2,10.0,8,8.0,1
20241148,11,8034441,1,1,7000000.0,7000000.0,40,85,8544,2320,1,51,1,12.0,8,8.0,1
20241148,11,8034442,1,1,2350000.0,2350000.0,47,25,2511,3115,1,52,1,9.0,8,8.0,1
20241148,11,8034442,1,2,3200000.0,3200000.0,47,46,4663,2411,1,50,2,10.0,8,8.0,1
20241148,11,8034443,1,1,7000000.0,7000000.0,52,86,8610,2211,1,41,2,10.0,8,8.0,1
20241148,11,8034443,1,3,1300000.0,1300000.0,48,47,4711,5223,1,35,2,10.0,8,8.0,1
20241148,11,8034444,1,1,4500000.0,4500000.0,47,81,8121,1439,1,45,1,11.0,8,8.0,1
20241148,11,8034444,1,2,2000000.0,2000000.0,47,52,5229,4415,1,31,2,11.0,8,8.0,1
20241148,11,8034445,1,1,6500000.0,6500000.0,40,46,4659,1349,1,50,1,10.0,8,8.0,1
20241148,11,8034447,1,1,2070000.0,2070000.0,48,45,4530,3322,1,52,2,11.0,8,8.0,1
20241148,11,8034447,1,2,3800000.0,3800000.0,48,86,8610,2212,1,29,1,10.0,8,8.0,1
20241148,11,8034448,1,1,1300000.0,1300000.0,47,47,4711,1420,1,55,2,5.0,8,8.0,1
20241148,11,8034448,1,2,2000000.0,2000000.0,47,20,2023,1221,1,35,2,10.0,8,8.0,1
20241148,11,8034451,1,2,2200000.0,2200000.0,48,61,6110,3341,1,37,2,10.0,8,8.0,1
20241148,11,8034452,1,1,3000000.0,3000000.0,48,14,1410,1420,1,29,1,10.0,8,8.0,1
20241148,11,8034454,1,2,3500000.0,3500000.0,40,9,910,2421,1,41,2,10.0,8,8.0,1
20241148,11,8034456,1,1,1550000.0,1550000.0,48,47,4723,5223,1,31,2,5.0,8,8.0,1
20241148,11,8034457,1,2,1620000.0,1300000.0,46,56,5611,9112,1,78,1,1.0,8,8.0,1
20241148,11,8034457,1,3,2000000.0,1650000.0,58,56,5611,9412,1,43,1,4.0,8,8.0,1
20241148,11,8034457,1,4,1550000.0,1200000.0,54,56,5611,9412,1,31,2,5.0,8,8.0,1
20241148,11,8034458,1,5,1400000.0,1400000.0,48,47,4772,5223,1,43,2,5.0,8,8.0,1
20241148,11,8034458,1,6,1462000.0,1462000.0,48,85,8544,9112,1,38,2,5.0,8,8.0,1
20241148,11,8034458,1,7,1462000.0,1462000.0,48,13,1392,4321,1,29,1,5.0,8,8.0,1
20241148,11,8034458,1,15,1600000.0,1600000.0,60,11,1103,4321,1,23,1,5.0,8,8.0,1
20241148,11,8034460,1,1,1600000.0,1600000.0,48,46,4645,9321,1,30,1,8.0,8,8.0,1
20241148,11,8034462,1,4,1400000.0,1400000.0,60,22,2229,8142,1,50,1,4.0,8,8.0,1
20241148,11,8034463,1,1,1300000.0,1300000.0,48,22,2229,9321,1,44,2,5.0,8,8.0,1
20241148,11,8034463,1,2,520000.0,520000.0,35,56,5619,9621,1,21,1,5.0,8,8.0,1
20241148,11,8034464,1,1,1465000.0,1465000.0,48,22,2219,8143,1,42,2,6.0,8,8.0,1
20241148,11,8034464,1,7,1800000.0,1800000.0,48,23,2310,8181,1,27,1,5.0,8,8.0,1
20241148,11,8034466,1,1,1800000.0,1800000.0,48,61,6110,3341,1,39,1,8.0,8,8.0,1
20241148,11,8034466,1,2,1600000.0,1600000.0,46,86,8621,5329,1,38,2,8.0,8,8.0,1
20241148,11,8034467,1,1,1600000.0,1600000.0,48,36,3600,9312,1,49,1,8.0,8,8.0,1
20241148,11,8034472,1,1,1300000.0,1300000.0,47,31,3120,9321,1,43,1,5.0,8,8.0,1
20241148,11,8034473,1,1,1300000.0,1300000.0,47,84,8424,8323,1,57,1,5.0,8,8.0,1
20241148,11,8034477,1,2,280000.0,280000.0,30,85,8512,5120,1,42,2,5.0,8,8.0,1
20241148,11,8034479,1,4,1460000.0,1460000.0,48,1,145,8344,1,27,1,5.0,8,8.0,1
20241148,11,8034482,1,3,1465000.0,1465000.0,48,33,3312,7233,1,28,1,5.0,8,8.0,1
20241148,11,8034482,1,6,800000.0,800000.0,60,41,4111,9313,1,64,1,5.0,8,8.0,1
20241148,11,8034484,1,1,1300000.0,1300000.0,72,49,4921,8331,1,50,1,4.0,8,8.0,1
20241148,11,8034484,1,3,1300000.0,1300000.0,72,49,4921,8331,1,43,1,5.0,8,8.0,1
20241148,11,8034484,1,4,1300000.0,1300000.0,48,49,4923,8343,1,44,1,5.0,8,8.0,1
20241148,11,8034484,1,5,1300000.0,1300000.0,40,86,8621,5321,1,32,2,8.0,8,8.0,1
20241148,11,8034488,1,3,900000.0,900000.0,48,55,5530,9112,1,32,2,5.0,8,8.0,1
20241148,11,8034489,1,1,1740000.0,1740000.0,60,22,2229,8142,1,41,1,3.0,8,8.0,1
20241148,11,8034491,1,2,1600000.0,1600000.0,48,47,4752,8323,1,35,1,5.0,8,8.0,1
20241148,11,8034492,1,2,1300000.0,1300000.0,48,82,8220,4222,1,26,2,5.0,8,8.0,1
20241148,11,8034493,1,3,1465000.0,1465000.0,48,47,4773,5321,1,35,1,8.0,8,8.0,1
20241148,11,8034494,1,1,2000000.0,2000000.0,40,56,5619,9411,1,32,1,8.0,8,8.0,1
20241148,11,8034500,1,2,700000.0,700000.0,40,95,9529,7411,1,27,1,3.0,8,8.0,1
20241148,11,8034502,1,2,1580000.0,1400000.0,60,56,5611,5230,1,29,2,5.0,8,8.0,1
20241148,11,8034506,1,3,1300000.0,1300000.0,48,86,8610,4226,1,29,2,8.0,8,8.0,1
20241148,11,8034507,1,2,1200000.0,1200000.0,48,47,4771,5223,1,24,2,4.0,8,8.0,1
20241148,11,8034507,1,4,1300000.0,1300000.0,48,47,4772,5223,1,20,1,5.0,8,8.0,1
20241148,11,8034512,1,3,2600000.0,2600000.0,48,47,4711,1212,1,35,1,10.0,8,8.0,1
20241148,11,8034513,1,1,2300000.0,2300000.0,47,47,4754,5223,1,34,1,10.0,8,8.0,1
20241148,11,8034514,1,1,1000000.0,1000000.0,30,56,5630,5131,1,45,1,5.0,8,8.0,1
20241148,11,8034514,1,3,480000.0,480000.0,40,47,4761,9112,1,53,2,5.0,8,8.0,1
20241148,11,8034515,1,1,1800000.0,1800000.0,48,30,3012,3122,1,49,1,8.0,8,8.0,1
20241148,11,8034516,1,1,2740000.0,2500000.0,48,56,5611,2511,1,39,1,10.0,8,8.0,1
20241148,11,8034520,1,3,1300000.0,1300000.0,47,92,9200,5223,1,28,1,8.0,8,8.0,1
20241148,11,8034522,1,2,2600000.0,2600000.0,44,85,8530,3343,1,37,2,10.0,8,8.0,1
20241148,11,8034523,1,1,3100000.0,2500000.0,47,52,5229,3331,1,27,2,10.0,8,8.0,1
20241148,11,8034525,1,1,2600000.0,2600000.0,45,85,8559,2634,1,29,2,10.0,8,8.0,1
20241148,11,8034529,1,1,1800000.0,1800000.0,72,47,4719,5223,1,63,1,5.0,8,8.0,1
20241148,11,8034531,1,1,1300000.0,1300000.0,48,47,4723,5223,1,61,1,3.0,8,8.0,1
20241148,11,8034532,1,1,900000.0,900000.0,56,47,4711,5223,1,28,1,4.0,8,8.0,1
20241148,11,8034536,1,1,1400000.0,1400000.0,48,53,5320,9621,1,65,1,5.0,8,8.0,1
20241148,11,8034537,1,1,5200000.0,5200000.0,48,46,4641,3322,1,33,2,9.0,8,8.0,1
20241148,11,8034537,1,2,9100000.0,9100000.0,48,31,3110,1321,1,49,1,10.0,8,8.0,1
20241148,11,8034538,1,1,2600000.0,2600000.0,48,82,8220,3341,1,23,2,8.0,8,8.0,1
20241148,11,8034540,1,2,1300000.0,1300000.0,46,47,4754,5223,1,30,1,10.0,8,8.0,1
20241148,11,8034543,1,3,1300000.0,1300000.0,48,86,8621,4120,1,35,2,10.0,8,8.0,1
20241148,11,8034543,1,6,500000.0,500000.0,40,68,6820,5414,1,56,1,3.0,8,8.0,1
20241148,11,8034544,1,1,1000000.0,1000000.0,48,56,5630,5131,1,22,2,10.0,8,8.0,1
20241148,11,8034545,1,1,1800000.0,1800000.0,48,77,7730,7231,1,38,1,8.0,8,8.0,1
20241148,11,8034547,1,1,1800000.0,1800000.0,48,42,4290,8343,1,66,1,3.0,8,8.0,1
20241148,11,8034549,1,1,1300000.0,1300000.0,48,64,6424,4120,1,29,2,5.0,8,8.0,1
20241148,11,8034549,1,2,1500000.0,1500000.0,48,25,2599,7223,1,40,1,5.0,8,8.0,1
20241148,11,8034550,1,1,1300000.0,1300000.0,36,82,8220,4222,1,25,2,5.0,8,8.0,1
20241148,11,8034551,1,2,1300000.0,1300000.0,40,93,9311,1431,1,24,2,10.0,8,8.0,1
20241148,11,8034551,1,3,1800000.0,1800000.0,40,96,9602,5142,1,20,2,10.0,8,8.0,1
20241148,11,8034553,1,2,2400000.0,2400000.0,48,86,8610,1342,1,60,2,10.0,8,8.0,1
20241148,11,8034554,1,1,1300000.0,1300000.0,48,24,2431,8344,1,32,1,5.0,8,8.0,1
20241148,11,8034555,1,5,500000.0,500000.0,40,43,4321,7411,1,45,1,5.0,8,8.0,1
20241148,11,8034555,1,6,1300000.0,1300000.0,47,86,8621,5321,1,66,2,8.0,8,8.0,1
20241148,11,8034555,1,8,1800000.0,1800000.0,50,49,4921,8331,1,39,1,4.0,8,8.0,1
20241148,11,8034559,1,3,1300000.0,1300000.0,48,86,8699,5321,1,23,2,8.0,8,8.0,1
20241148,11,8034560,1,5,2600000.0,2600000.0,48,49,4923,1324,1,43,1,10.0,8,8.0,1
20241148,11,8034562,1,1,2300000.0,2300000.0,48,71,7112,3114,1,44,1,9.0,8,8.0,1
20241148,11,8034562,1,2,1600000.0,1600000.0,48,84,8430,5321,1,41,2,8.0,8,8.0,1
20241148,11,8034566,1,1,2500000.0,2500000.0,48,47,4711,1420,1,37,1,10.0,8,8.0,1
20241148,11,8034566,1,2,1300000.0,1300000.0,48,10,1051,3322,1,34,2,10.0,8,8.0,1
20241148,11,8034567,1,1,2200000.0,2200000.0,60,86,8610,2240,1,38,1,10.0,8,8.0,1
20241148,11,8034567,1,2,1300000.0,1300000.0,48,86,8610,4229,1,39,2,8.0,8,8.0,1
20241148,11,8034569,1,4,1300000.0,1300000.0,48,86,8610,1212,1,42,2,10.0,8,8.0,1
20241148,11,8034571,1,1,1800000.0,1800000.0,48,49,4923,8332,1,60,1,4.0,8,8.0,1
20241148,11,8034571,1,4,2000000.0,2000000.0,47,85,8530,4110,1,24,2,10.0,8,8.0,1
20241148,11,8034572,1,1,1300000.0,1300000.0,40,84,8430,3322,1,44,1,5.0,8,8.0,1
20241148,11,8034573,1,1,1500000.0,1500000.0,47,23,2394,5414,1,53,1,5.0,8,8.0,1
20241148,11,8034574,1,1,1300000.0,1300000.0,47,82,8220,4222,1,37,2,8.0,8,8.0,1
20241148,11,8034575,1,2,850000.0,850000.0,48,47,4771,3322,1,45,2,5.0,8,8.0,1
20241148,11,8034575,1,3,1300000.0,1300000.0,46,86,8691,3212,1,22,2,10.0,8,8.0,1
20241148,11,8034576,1,1,1300000.0,1300000.0,48,68,6820,9112,1,49,2,5.0,8,8.0,1
20241148,11,8034579,1,1,1560000.0,1560000.0,40,85,8544,2310,1,71,2,13.0,8,8.0,1
20241148,11,8034579,1,2,5000000.0,5000000.0,24,85,8544,2310,1,59,2,10.0,8,8.0,1
20241148,11,8034582,1,1,1500000.0,1500000.0,48,61,6110,3113,1,45,1,8.0,8,8.0,1
20241249,12,8038603,1,2,2800000.0,2800000.0,40,82,8220,4222,1,25,2,10.0,8,8.0,1
20241249,12,8038603,1,3,2800000.0,2800000.0,40,82,8220,4222,1,25,2,10.0,8,8.0,1
20241249,12,8038604,1,3,1500000.0,1500000.0,48,82,8220,4222,1,21,2,10.0,8,8.0,1
20241249,12,8038606,1,1,3400000.0,3400000.0,47,64,6412,2412,1,46,2,10.0,8,8.0,1
20241249,12,8038606,1,3,1420000.0,1200000.0,40,56,5611,5131,1,19,1,10.0,8,8.0,1
20241249,12,8038607,1,2,7000000.0,7000000.0,48,47,4741,5223,1,35,1,10.0,8,8.0,1
20241249,12,8038609,1,1,1800000.0,1800000.0,46,96,9603,4110,1,55,1,10.0,8,8.0,1
20241249,12,8038609,1,2,2000000.0,2000000.0,46,77,7730,2151,1,24,1,10.0,8,8.0,1
20241249,12,8038610,1,2,3000000.0,3000000.0,48,47,4773,1212,1,27,1,10.0,8,8.0,1
20241249,12,8038610,1,3,1800000.0,1800000.0,48,45,4530,4311,1,31,2,10.0,8,8.0,1
20241249,12,8038611,1,1,3600000.0,3600000.0,48,52,5229,3341,1,40,2,10.0,8,8.0,1
20241249,12,8038611,1,2,3600000.0,3600000.0,48,62,6201,2511,1,41,1,10.0,8,8.0,1
20241249,12,8038612,1,2,1300000.0,1300000.0,35,56,5630,5131,1,23,1,4.0,8,8.0,1
20241249,12,8038614,1,1,1465000.0,1465000.0,48,68,6820,5414,1,53,1,5.0,8,8.0,1
20241249,12,8038615,1,1,2400000.0,2400000.0,40,90,9007,3332,1,59,1,8.0,8,8.0,1
20241249,12,8038615,1,3,1800000.0,1800000.0,40,90,9007,3332,1,54,1,5.0,8,8.0,1
20241249,12,8038619,1,1,1700000.0,1700000.0,48,64,6492,3312,1,37,2,10.0,8,8.0,1
20241249,12,8038620,1,2,4000000.0,4000000.0,48,28,2819,4311,1,40,2,8.0,8,8.0,1
20241249,12,8038620,1,3,2600000.0,2600000.0,48,28,2819,1212,1,24,1,10.0,8,8.0,1
20241249,12,8038622,1,3,1800000.0,1800000.0,48,73,7310,2166,1,30,1,10.0,8,8.0,1
20241249,12,8038623,1,1,4500000.0,3000000.0,18,85,8541,2310,1,53,1,11.0,8,8.0,1
20241249,12,8038623,1,2,7000000.0,7000000.0,48,85,8541,1345,1,52,2,12.0,8,8.0,1
20241249,12,8038624,1,1,5000000.0,5000000.0,48,68,6820,1439,1,30,1,10.0,8,8.0,1
20241249,12,8038625,1,2,3000000.0,3000000.0,48,47,4774,1219,1,51,2,10.0,8,8.0,1
20241249,12,8038629,1,4,2000000.0,2000000.0,44,66,6621,3321,1,37,1,10.0,8,8.0,1
20241249,12,8038630,1,1,2000000.0,2000000.0,44,46,4631,3341,1,50,1,10.0,8,8.0,1
20241249,12,8038630,1,2,2000000.0,2000000.0,40,78,7810,2423,1,41,2,10.0,8,8.0,1
20241249,12,8038631,1,1,5000000.0,5000000.0,44,85,8544,1345,1,60,2,10.0,8,8.0,1
20241249,12,8038634,1,2,1800000.0,1800000.0,47,46,4663,5223,1,33,2,10.0,8,8.0,1
20241249,12,8038635,1,1,2800000.0,2800000.0,48,47,4752,2163,1,32,2,8.0,8,8.0,1
20241249,12,8038638,1,3,,,40,85,8544,2310,1,35,2,11.0,8,8.0,1
20241249,12,8038639,1,1,14000000.0,14000000.0,40,85,8544,2310,1,68,1,13.0,8,8.0,1
20241249,12,8038640,1,3,1800000.0,1800000.0,47,86,8621,2266,1,48,2,10.0,8,8.0,1
20241249,12,8038641,1,1,4000000.0,4000000.0,40,86,8610,2411,1,35,1,10.0,8,8.0,1
20241249,12,8038644,1,1,2300000.0,2300000.0,47,64,6412,4211,1,39,1,10.0,8,8.0,1
20241249,12,8038646,1,2,1300000.0,1300000.0,48,74,7410,2166,1,30,1,8.0,8,8.0,1
20241249,12,8038648,1,1,2600000.0,2600000.0,42,85,8544,4321,1,52,2,10.0,8,8.0,1
20241249,12,8038649,1,1,2000000.0,2000000.0,48,51,5111,3154,1,45,1,8.0,8,8.0,1
20241249,12,8038652,1,1,1800000.0,1800000.0,48,61,6120,3322,1,24,2,10.0,8,8.0,1
20241249,12,8038653,1,1,1300000.0,1300000.0,48,47,4771,5223,1,27,1,10.0,8,8.0,1
20241249,12,8038655,1,2,1800000.0,1800000.0,48,85,8530,2330,1,40,1,10.0,8,8.0,1
20241249,12,8038657,1,3,750000.0,400000.0,46,47,4711,5223,1,20,1,5.0,8,8.0,1
20241249,12,8038657,1,4,720000.0,400000.0,47,47,4711,5223,1,18,1,5.0,8,8.0,1
20241249,12,8038658,1,1,1100000.0,1100000.0,70,56,5611,5120,1,46,2,10.0,8,8.0,1
20241249,12,8038661,1,1,1500000.0,1300000.0,70,47,4721,5221,1,53,1,4.0,8,8.0,1
20241249,12,8038663,1,2,1200000.0,1200000.0,84,41,4111,5414,1,52,1,3.0,8,8.0,1
20241249,12,8038666,1,3,720000.0,600000.0,24,47,4752,5223,1,41,2,4.0,8,8.0,1
20241249,12,8038667,1,1,2000000.0,1400000.0,63,45,4520,1420,1,42,1,8.0,8,8.0,1
20241249,12,8038670,1,1,1460000.0,1460000.0,48,85,8530,9112,1,46,2,3.0,8,8.0,1
20241249,12,8038674,1,1,1350000.0,1300000.0,48,86,8621,5321,1,41,2,5.0,8,8.0,1
20241249,12,8038676,1,1,1300000.0,1300000.0,50,47,4711,1420,1,23,1,4.0,8,8.0,1
20241249,12,8038676,1,4,1300000.0,1300000.0,48,56,5619,9411,1,25,1,5.0,8,8.0,1
20241249,12,8038677,1,4,720000.0,720000.0,40,47,4711,9333,1,29,1,8.0,8,8.0,1
20241249,12,8038679,1,2,1500000.0,1000000.0,70,47,4711,5223,1,32,1,4.0,8,8.0,1
20241249,12,8038679,1,3,1300000.0,1300000.0,60,41,4111,9313,1,33,1,4.0,8,8.0,1
20241249,12,8038681,1,2,700000.0,700000.0,40,38,3830,9611,1,50,1,3.0,8,8.0,1
20241249,12,8038681,1,3,430000.0,430000.0,48,96,9602,5142,1,32,2,5.0,8,8.0,1
20241249,12,8038681,1,4,1600000.0,1300000.0,46,10,1011,9321,1,27,2,5.0,8,8.0,1
20241249,12,8038683,1,2,1300000.0,1300000.0,48,86,8610,5322,1,22,2,8.0,8,8.0,1
20241249,12,8038685,1,3,1300000.0,1300000.0,47,47,4771,5223,1,24,1,8.0,8,8.0,1
20241249,12,8038685,1,4,1400000.0,1300000.0,47,47,4771,5221,1,19,2,10.0,8,8.0,1
20241249,12,8038686,1,2,1350000.0,1350000.0,48,81,8121,9112,1,55,2,5.0,8,8.0,1
20241249,12,8038686,1,5,1350000.0,1350000.0,35,53,5320,9621,1,34,2,8.0,8,8.0,1
20241249,12,8038688,1,2,1300000.0,1300000.0,48,85,8530,9112,1,54,1,5.0,8,8.0,1
20241249,12,8038689,1,1,1500000.0,1500000.0,48,24,2410,9112,1,63,1,1.0,8,8.0,1
20241249,12,8038689,1,2,1920000.0,1920000.0,48,41,4111,9313,1,38,1,5.0,8,8.0,1
20241249,12,8038690,1,3,1300000.0,1300000.0,48,22,2219,9321,1,26,2,5.0,8,8.0,1
20241249,12,8038692,1,3,1300000.0,1300000.0,48,32,3290,4110,1,27,2,10.0,8,8.0,1
20241249,12,8038695,1,3,1600000.0,1600000.0,46,46,4643,5230,1,31,2,5.0,8,8.0,1
20241249,12,8038696,1,2,1300000.0,1300000.0,48,68,6820,5414,1,42,1,5.0,8,8.0,1
20241249,12,8038702,1,1,1300000.0,1300000.0,47,79,7911,2511,1,26,2,10.0,8,8.0,1
20241249,12,8038703,1,1,3000000.0,3000000.0,48,73,7310,3341,1,33,2,11.0,8,8.0,1
20241249,12,8038704,1,1,1900000.0,1900000.0,48,47,4771,5223,1,48,2,5.0,8,8.0,1
20241249,12,8038704,1,2,1850000.0,1850000.0,48,47,4719,5223,1,48,1,5.0,8,8.0,1
20241249,12,8038705,1,1,3200000.0,3200000.0,48,22,2229,3122,1,38,1,10.0,8,8.0,1
20241249,12,8038705,1,2,3000000.0,3000000.0,45,69,6910,2611,1,34,2,10.0,8,8.0,1
20241249,12,8038706,1,1,4000000.0,4000000.0,47,45,4530,1420,1,48,1,10.0,8,8.0,1
20241249,12,8038708,1,3,4000000.0,4000000.0,48,69,6910,2611,1,23,1,10.0,8,8.0,1
20241249,12,8038709,1,1,2500000.0,2500000.0,48,10,1040,3341,1,56,1,5.0,8,8.0,1
20241249,12,8038710,1,4,2500000.0,2500000.0,40,85,8530,2330,1,49,2,10.0,8,8.0,1
20241249,12,8038717,1,1,4500000.0,4500000.0,42,56,5611,5120,1,44,1,5.0,8,8.0,1
20241249,12,8038721,1,2,2000000.0,2000000.0,48,86,8621,2240,1,41,2,10.0,8,8.0,1
20241249,12,8038724,1,2,1300000.0,1300000.0,46,10,1040,5243,1,36,2,8.0,8,8.0,1
20241249,12,8038725,1,3,1300000.0,1300000.0,48,82,8220,4222,1,30,2,8.0,8,8.0,1
20241249,12,8038726,1,3,1300000.0,1300000.0,48,10,1040,4321,1,45,1,5.0,8,8.0,1
20241249,12,8038733,1,1,2600000.0,2600000.0,48,24,2410,7233,1,57,1,8.0,8,8.0,1
20241249,12,8038733,1,2,3200000.0,3200000.0,48,64,6422,2411,1,55,2,10.0,8,8.0,1
20241249,12,8038733,1,3,2600000.0,2600000.0,47,82,8220,4110,1,26,2,10.0,8,8.0,1
20241249,12,8038733,1,4,2600000.0,2600000.0,47,62,6201,2512,1,21,1,10.0,8,8.0,1
20241249,12,8038734,1,3,1300000.0,1300000.0,48,47,4752,5223,1,60,2,5.0,8,8.0,1
20241249,12,8038735,1,3,1600000.0,1600000.0,48,86,8621,9621,1,49,1,5.0,8,8.0,1
20241249,12,8038736,1,2,1300000.0,1300000.0,20,94,9499,5311,1,35,2,8.0,8,8.0,1
20241249,12,8038737,1,1,1700000.0,1700000.0,48,80,8010,3113,1,29,1,8.0,8,8.0,1
20241249,12,8038737,1,2,1300000.0,1300000.0,50,46,4642,5223,1,40,2,5.0,8,8.0,1
20241249,12,8038738,1,2,1500000.0,1500000.0,48,20,2011,9112,1,58,1,5.0,8,8.0,1
20241249,12,8038743,1,1,700000.0,700000.0,50,93,9311,3423,1,34,1,10.0,8,8.0,1
20241249,12,8038744,1,2,2100000.0,1800000.0,48,56,5611,5120,1,37,1,8.0,8,8.0,1
20241249,12,8038746,1,1,2000000.0,2000000.0,48,46,4661,1212,1,43,2,10.0,8,8.0,1
20241249,12,8038746,1,2,1441000.0,1441000.0,52,96,9602,1420,1,19,2,5.0,8,8.0,1
20241249,12,8038747,1,3,2800000.0,2800000.0,48,82,8220,4222,1,26,1,10.0,8,8.0,1
20241249,12,8038748,1,2,1500000.0,1500000.0,48,61,6110,5151,1,51,1,5.0,8,8.0,1
20241249,12,8038748,1,3,1600000.0,1600000.0,48,82,8220,7422,1,28,1,9.0,8,8.0,1
20241249,12,8038749,1,2,1020000.0,900000.0,48,56,5611,9411,1,32,1,5.0,8,8.0,1
20241249,12,8038749,1,5,1300000.0,1300000.0,40,85,8530,2330,1,30,2,10.0,8,8.0,1
20241249,12,8038750,1,3,2000000.0,2000000.0,47,70,7010,1212,1,46,1,11.0,8,8.0,1
20241249,12,8038753,1,4,1300000.0,1300000.0,48,82,8220,4222,1,34,2,8.0,8,8.0,1
20241249,12,8038754,1,2,1300000.0,1300000.0,44,86,8610,9112,1,62,2,5.0,8,8.0,1
20241249,12,8038760,1,2,1600000.0,1600000.0,60,82,8220,4222,1,21,1,5.0,8,8.0,1
20241249,12,8038761,1,2,950000.0,800000.0,36,56,5611,5131,1,20,2,10.0,8,8.0,1
20241249,12,8038768,1,2,1000000.0,1000000.0,40,64,6499,4214,1,50,1,5.0,8,8.0,1
20241249,12,8038769,1,2,1300000.0,1300000.0,48,25,2511,2263,1,30,2,10.0,8,8.0,1
20241249,12,8038769,1,3,1420000.0,1300000.0,48,45,4541,5223,1,20,1,5.0,8,8.0,1
20241249,12,8038774,1,2,1300000.0,1300000.0,48,47,4759,4120,1,25,2,8.0,8,8.0,1
20241249,12,8038775,1,1,1350000.0,1350000.0,50,47,4773,1420,1,34,2,10.0,8,8.0,1
20241249,12,8038775,1,2,1300000.0,1300000.0,48,47,4752,5221,1,33,1,5.0,8,8.0,1
20241249,12,8038777,1,1,3000000.0,3000000.0,48,82,8220,4214,1,32,1,9.0,8,8.0,1
20241249,12,8038782,1,1,1200000.0,1200000.0,48,14,1410,9121,1,41,2,5.0,8,8.0,1
20241249,12,8038786,1,1,1450000.0,750000.0,72,47,4721,5221,1,34,1,3.0,8,8.0,1
20241249,12,8038788,1,1,1700000.0,1700000.0,48,22,2229,5223,1,46,2,8.0,8,8.0,1
20241249,12,8038789,1,3,550000.0,550000.0,42,47,4711,5223,1,49,1,3.0,8,8.0,1
20241250,12,8043401,1,5,1700000.0,1700000.0,48,65,6523,3321,1,31,2,10.0,8,8.0,1
20241250,12,8043401,1,6,2500000.0,2500000.0,48,70,7010,4226,1,30,1,10.0,8,8.0,1
20241250,12,8043402,1,1,2000000.0,2000000.0,48,86,8610,3341,1,35,1,5.0,8,8.0,1
20241250,12,8043402,1,2,1300000.0,1300000.0,48,86,8621,2352,1,34,2,10.0,8,8.0,1
20241250,12,8043403,1,2,2900000.0,2900000.0,48,49,4923,1324,1,48,2,11.0,8,8.0,1
20241250,12,8043404,1,1,3000000.0,3000000.0,48,86,8610,2264,1,43,2,10.0,8,8.0,1
20241250,12,8043405,1,1,5000000.0,5000000.0,40,86,8621,2267,1,34,2,10.0,8,8.0,1
20241250,12,8043408,1,1,1300000.0,1300000.0,48,13,1312,7532,1,58,1,4.0,8,8.0,1
20241250,12,8044408,1,3,1600000.0,1600000.0,50,82,8220,4222,1,24,2,10.0,8,8.0,1
20241250,12,8044411,1,2,3000000.0,3000000.0,40,86,8622,2261,1,51,2,11.0,8,8.0,1
20241250,12,8044413,1,3,3900000.0,3900000.0,48,64,6412,3312,1,24,2,10.0,8,8.0,1
20241250,12,8044415,1,2,1500000.0,1500000.0,60,1,122,5221,1,61,1,5.0,8,8.0,1
20241250,12,8044415,1,3,1350000.0,1350000.0,50,60,6010,5223,1,35,2,10.0,8,8.0,1
20241250,12,8044416,1,1,1000000.0,1000000.0,70,47,4711,5221,1,56,1,3.0,8,8.0,1
20241250,12,8044417,1,2,900000.0,900000.0,50,92,9200,9112,1,42,2,5.0,8,8.0,1
20241250,12,8044417,1,3,1300000.0,1300000.0,48,47,4771,5223,1,21,2,5.0,8,8.0,1
20241250,12,8044418,1,2,1300000.0,1300000.0,50,45,4520,7231,1,39,1,4.0,8,8.0,1
20241250,12,8044419,1,3,1600000.0,1600000.0,40,30,3011,7115,1,42,1,5.0,8,8.0,1
20241250,12,8044419,1,5,1400000.0,1400000.0,60,47,4719,5223,1,21,2,8.0,8,8.0,1
20241250,12,8044420,1,2,1300000.0,1300000.0,48,45,4512,5223,1,38,1,5.0,8,8.0,1
20241250,12,8044421,1,1,1500000.0,1500000.0,40,85,8530,2330,1,58,1,10.0,8,8.0,1
20241250,12,8044422,1,2,1460000.0,1460000.0,48,82,8220,9112,1,30,2,6.0,8,8.0,1
20241250,12,8044423,1,1,1460000.0,1460000.0,48,46,4663,4321,1,39,1,5.0,8,8.0,1
20241250,12,8044425,1,2,1300000.0,1300000.0,48,86,8610,5329,1,34,2,8.0,8,8.0,1
20241250,12,8044425,1,3,1300000.0,1300000.0,48,47,4711,5222,1,48,1,5.0,8,8.0,1
20241250,12,8044426,1,3,920000.0,520000.0,48,56,5611,9412,1,64,2,1.0,8,8.0,1
20241250,12,8044433,1,2,480000.0,480000.0,26,56,5611,5131,1,26,2,5.0,8,8.0,1
20241250,12,8044434,1,2,1300000.0,1300000.0,48,23,2392,8114,1,21,1,5.0,8,8.0,1
20241250,12,8044435,1,2,3000000.0,3000000.0,48,86,8610,1342,1,34,2,10.0,8,8.0,1
20241250,12,8044436,1,1,1500000.0,1500000.0,48,22,2229,8143,1,49,1,3.0,8,8.0,1
20241250,12,8044436,1,2,860000.0,600000.0,20,56,5611,5120,1,53,2,3.0,8,8.0,1
20241250,12,8044438,1,1,1300000.0,1300000.0,48,82,8220,4225,1,33,1,5.0,8,8.0,1
20241250,12,8044440,1,1,800000.0,800000.0,50,56,5611,9112,1,53,1,5.0,8,8.0,1
20241250,12,8046462,1,1,6000000.0,6000000.0,48,47,4754,3322,1,37,1,10.0,8,8.0,1
20241250,12,8046469,1,1,1300000.0,1300000.0,48,47,4729,5223,1,37,1,8.0,8,8.0,1
20241250,12,8046470,1,1,2700000.0,2700000.0,48,62,6201,2431,1,29,1,10.0,8,8.0,1
20241250,12,8046472,1,2,1460000.0,1460000.0,48,94,9499,9112,1,60,2,5.0,8,8.0,1
20241250,12,8046473,1,1,4000000.0,4000000.0,48,42,4210,2512,1,42,2,11.0,8,8.0,1
20241250,12,8046473,1,2,2000000.0,2000000.0,48,85,8544,1345,1,39,1,10.0,8,8.0,1
20241250,12,8046480,1,1,4000000.0,4000000.0,40,46,4664,1420,1,58,1,10.0,8,8.0,1
20241250,12,8046480,1,2,3500000.0,3500000.0,40,64,6412,2412,1,50,2,10.0,8,8.0,1
20241250,12,8046481,1,3,1600000.0,1600000.0,47,82,8220,4222,1,20,2,10.0,8,8.0,1
20241250,12,8046485,1,1,3500000.0,3500000.0,40,46,4663,3343,1,74,2,10.0,8,8.0,1
20241250,12,8046491,1,1,5000000.0,5000000.0,40,35,3511,1212,1,46,1,12.0,8,8.0,1
20241250,12,8046493,1,3,,,47,93,9321,1431,1,32,2,10.0,8,8.0,1
20241250,12,8046498,1,1,1600000.0,1600000.0,48,56,5619,5120,1,45,1,5.0,8,8.0,1
20241250,12,8046502,1,1,1465000.0,1465000.0,48,88,8891,5311,1,27,2,5.0,8,8.0,1
20241250,12,8046503,1,2,1000000.0,1000000.0,48,41,4111,9313,1,70,1,3.0,8,8.0,1
20241250,12,8046504,1,1,2000000.0,1300000.0,72,10,1081,7512,1,45,1,4.0,8,8.0,1
20241250,12,8046505,1,1,1465000.0,1465000.0,48,36,3600,9613,1,46,1,5.0,8,8.0,1
20241250,12,8046505,1,2,1300000.0,1300000.0,40,88,8891,5311,1,39,2,5.0,8,8.0,1
20241250,12,8046508,1,2,500000.0,500000.0,40,46,4663,9333,1,33,1,5.0,8,8.0,1
20241250,12,8046510,1,1,800000.0,800000.0,48,56,5611,5131,1,36,2,5.0,8,8.0,1
20241250,12,8046511,1,4,1300000.0,1300000.0,47,25,2511,7212,1,52,1,8.0,8,8.0,1
20241250,12,8046511,1,6,1300000.0,1300000.0,47,86,8621,5329,1,29,2,8.0,8,8.0,1
20241250,12,8046511,1,7,1300000.0,1300000.0,47,22,2229,4110,1,33,1,11.0,8,8.0,1
20241250,12,8046515,1,2,1300000.0,1300000.0,48,53,5320,9333,1,46,1,5.0,8,8.0,1
20241250,12,8046518,1,1,4000000.0,4000000.0,48,1,125,1212,1,44,1,12.0,8,8.0,1
20241250,12,8046518,1,2,4000000.0,4000000.0,48,70,7010,1212,1,45,2,10.0,8,8.0,1
20241250,12,8046519,1,1,1300000.0,1300000.0,48,35,3520,8189,1,45,1,9.0,8,8.0,1
20241250,12,8046520,1,2,1300000.0,1300000.0,48,43,4321,7411,1,60,1,5.0,8,8.0,1
20241250,12,8046520,1,3,1300000.0,1300000.0,48,42,4210,9313,1,37,1,5.0,8,8.0,1
20241250,12,8046520,1,5,1300000.0,1300000.0,48,35,3511,7411,1,30,1,5.0,8,8.0,1
20241250,12,8046520,1,9,1300000.0,1300000.0,48,46,4631,7411,1,29,1,5.0,8,8.0,1
20241250,12,8046522,1,2,1020000.0,800000.0,48,20,2023,9329,1,47,1,4.0,8,8.0,1
20241250,12,8046523,1,1,3120000.0,3000000.0,48,20,2023,2411,1,45,1,11.0,8,8.0,1
20241250,12,8046525,1,2,1300000.0,1300000.0,48,68,6820,2411,1,44,2,10.0,8,8.0,1
20241250,12,8046526,1,2,900000.0,900000.0,48,47,4771,5223,1,35,2,5.0,8,8.0,1
20241250,12,8046527,1,2,1300000.0,1300000.0,55,47,4774,5223,1,27,2,6.0,8,8.0,1
20241250,12,8046528,1,1,1300000.0,1300000.0,48,41,4111,7112,1,46,1,4.0,8,8.0,1
20241250,12,8046529,1,1,1300000.0,1300000.0,46,47,4759,4110,1,52,2,8.0,8,8.0,1
20241250,12,8046530,1,1,1080000.0,900000.0,72,56,5619,1412,1,22,2,3.0,8,8.0,1
20241250,12,8046530,1,2,1350000.0,1200000.0,72,56,5619,9411,1,25,1,5.0,8,8.0,1
20241250,12,8046540,1,3,1462000.0,1462000.0,48,85,8551,4110,1,23,1,5.0,8,8.0,1
20241250,12,8046541,1,3,1300000.0,1300000.0,44,47,4719,4311,1,28,1,9.0,8,8.0,1
20241250,12,8046543,1,2,1300000.0,1300000.0,48,22,2229,3122,1,46,1,5.0,8,8.0,1
20241250,12,8046546,1,1,22012000.0,22000000.0,60,20,2012,5414,1,47,1,6.0,8,8.0,1
20241250,12,8046547,1,1,1500000.0,1500000.0,48,86,8610,5321,1,35,2,8.0,8,8.0,1
20241250,12,8046547,1,2,800000.0,800000.0,40,15,1522,8156,1,36,1,5.0,8,8.0,1
20241250,12,8046549,1,2,1560000.0,1560000.0,48,23,2396,7122,1,48,1,6.0,8,8.0,1
20241250,12,8046552,1,2,1300000.0,1300000.0,46,18,1811,2166,1,29,1,10.0,8,8.0,1
20241250,12,8046552,1,4,1200000.0,1200000.0,40,15,1512,7370,1,62,1,4.0,8,8.0,1
20241250,12,8046561,1,2,1500000.0,1500000.0,40,86,8621,3344,1,26,2,8.0,8,8.0,1
20241250,12,8046563,1,3,1550000.0,1550000.0,48,62,6201,2513,1,26,1,10.0,8,8.0,1
20241250,12,8046564,1,1,1460000.0,1460000.0,48,23,2310,4311,1,30,1,5.0,8,8.0,1
20241250,12,8046564,1,2,1460000.0,1460000.0,48,22,2229,7543,1,32,2,8.0,8,8.0,1
20241250,12,8046565,1,1,1300000.0,1300000.0,44,49,4923,4110,1,34,2,8.0,8,8.0,1
20241250,12,8046566,1,1,1465000.0,1465000.0,48,21,2100,8142,1,36,2,8.0,8,8.0,1
20241250,12,8046567,1,1,1500000.0,1500000.0,48,14,1410,8153,1,49,1,5.0,8,8.0,1
20241250,12,8046567,1,3,1300000.0,1300000.0,48,56,5630,9621,1,21,1,8.0,8,8.0,1
20241250,12,8046568,1,1,1460000.0,1460000.0,48,49,4921,9112,1,56,1,3.0,8,8.0,1
20241250,12,8046572,1,5,1465000.0,1465000.0,48,47,4719,5230,1,31,2,8.0,8,8.0,1
20241250,12,8046572,1,6,1465000.0,1465000.0,48,81,8121,9329,1,34,1,8.0,8,8.0,1
20241250,12,8046573,1,1,1300000.0,1300000.0,48,45,4520,7132,1,63,1,5.0,8,8.0,1
20241250,12,8046577,1,2,1300000.0,1300000.0,48,10,1040,9333,1,35,1,5.0,8,8.0,1
20241250,12,8046578,1,1,1900000.0,1900000.0,48,31,3110,3341,1,35,1,8.0,8,8.0,1
20241250,12,8046578,1,2,2000000.0,2000000.0,48,11,1104,3322,1,41,2,5.0,8,8.0,1
20241250,12,8046578,1,5,1470000.0,1470000.0,48,31,3110,4321,1,34,1,5.0,8,8.0,1
20241250,12,8046581,1,1,1300000.0,1300000.0,48,23,2394,8114,1,51,1,5.0,8,8.0,1
20241250,12,8046582,1,3,5000000.0,5000000.0,42,82,8220,4222,1,25,2,10.0,8,8.0,1
20241250,12,8046582,1,4,2500000.0,2500000.0,42,82,8220,2423,1,22,2,10.0,8,8.0,1
20241250,12,8046586,1,3,1300000.0,1300000.0,48,47,4771,3341,1,43,2,10.0,8,8.0,1
20241250,12,8046587,1,2,,,40,85,8530,2342,1,56,2,10.0,8,8.0,1
20241250,12,8046587,1,3,,,47,86,8610,2264,1,26,2,10.0,8,8.0,1
20241250,12,8046589,1,4,1300000.0,1300000.0,47,52,5222,9333,1,24,1,5.0,8,8.0,1
20241250,12,8046592,1,1,2800000.0,2800000.0,48,82,8220,4222,1,35,1,8.0,8,8.0,1
20241250,12,8046592,1,2,3000000.0,3000000.0,48,82,8220,4222,1,25,1,10.0,8,8.0,1
20241250,12,8046593,1,1,1300000.0,1300000.0,48,47,4752,4321,1,54,1,3.0,8,8.0,1
20241250,12,8046593,1,2,1300000.0,1300000.0,48,47,4752,5230,1,50,2,5.0,8,8.0,1
20241250,12,8046595,1,4,1580000.0,1300000.0,40,56,5611,5230,1,23,1,10.0,8,8.0,1
20241250,12,8046595,1,5,1300000.0,1300000.0,48,86,8691,4226,1,31,1,10.0,8,8.0,1
20241250,12,8046599,1,2,4050000.0,4050000.0,42,52,5210,1219,1,35,1,12.0,8,8.0,1
20241250,12,8046602,1,1,3000000.0,3000000.0,30,85,8544,2310,1,42,1,11.0,8,8.0,1
20241250,12,8046610,1,1,1800000.0,1800000.0,60,68,6820,5414,1,36,1,8.0,8,8.0,1
20241250,12,8046610,1,2,750000.0,750000.0,32,14,1410,9112,1,40,2,5.0,8,8.0,1
20241251,12,8050314,1,1,1200000.0,1200000.0,70,47,4711,5221,1,56,1,3.0,8,8.0,1
20241251,12,8050315,1,1,1300000.0,1300000.0,48,47,4752,5223,1,19,2,5.0,8,8.0,1
20241251,12,8050315,1,3,800000.0,800000.0,56,56,5630,5131,1,20,2,5.0,8,8.0,1
20241251,12,8050316,1,3,1465000.0,1465000.0,48,61,6120,3322,1,29,2,10.0,8,8.0,1
20241251,12,8050320,1,1,1300000.0,1300000.0,48,47,4771,5223,1,39,2,8.0,8,8.0,1
20241251,12,8050322,1,1,1300000.0,1300000.0,48,82,8220,4222,1,39,2,9.0,8,8.0,1
20241251,12,8050322,1,3,400000.0,300000.0,20,56,5611,5131,1,18,2,9.0,8,8.0,1
20241251,12,8050323,1,1,5200000.0,5200000.0,48,42,4290,3257,1,54,1,8.0,8,8.0,1
20241251,12,8050323,1,2,3900000.0,3900000.0,48,23,2394,2141,1,54,2,10.0,8,8.0,1
20241251,12,8050323,1,3,2600000.0,2600000.0,48,69,6910,4110,1,24,1,10.0,8,8.0,1
20241251,12,8050325,1,4,1300000.0,1300000.0,48,55,5530,4120,1,27,2,10.0,8,8.0,1
20241251,12,8050330,1,1,2500000.0,2500000.0,48,86,8610,3359,1,40,2,10.0,8,8.0,1
20241251,12,8050331,1,1,2000000.0,2000000.0,48,49,4923,5414,1,32,1,5.0,8,8.0,1
20241251,12,8050332,1,3,1300000.0,1300000.0,48,82,8220,4222,1,19,1,9.0,8,8.0,1
20241251,12,8050335,1,3,1460000.0,1460000.0,48,42,4290,3113,1,23,1,8.0,8,8.0,1
20241251,12,8050335,1,4,1460000.0,1460000.0,48,86,8691,5321,1,22,2,8.0,8,8.0,1
20241251,12,8050337,1,1,300000.0,300000.0,20,56,5630,5131,1,26,2,4.0,8,8.0,1
20241251,12,8050339,1,2,1300000.0,1300000.0,47,85,8530,9112,1,39,2,8.0,8,8.0,1
20241251,12,8050340,1,4,1300000.0,1300000.0,60,52,5224,5414,1,24,1,5.0,8,8.0,1
20241251,12,8050341,1,2,1300000.0,1300000.0,48,45,4520,7231,1,38,1,4.0,8,8.0,1
20241251,12,8050342,1,1,1300000.0,1300000.0,60,68,6820,5414,1,42,1,5.0,8,8.0,1
20241251,12,8050344,1,2,360000.0,360000.0,30,56,5630,5131,1,23,2,8.0,8,8.0,1
20241251,12,8050346,1,4,1000000.0,1000000.0,50,41,4111,9313,1,22,1,5.0,8,8.0,1
20241251,12,8050347,1,6,1100000.0,1100000.0,46,46,4665,9333,1,23,1,8.0,8,8.0,1
20241251,12,8050351,1,3,1400000.0,1400000.0,60,52,5222,1324,1,26,2,9.0,8,8.0,1
20241251,12,8050352,1,3,1400000.0,1400000.0,50,84,8423,5411,1,25,1,5.0,8,8.0,1
20241251,12,8053275,1,3,800000.0,800000.0,40,33,3312,7233,1,29,1,4.0,8,8.0,1
20241251,12,8053277,1,4,1300000.0,1300000.0,47,31,3110,7522,1,32,1,9.0,8,8.0,1
20241251,12,8053277,1,6,1300000.0,1300000.0,47,42,4210,9313,1,32,1,9.0,8,8.0,1
20241251,12,8053278,1,1,2500000.0,2500000.0,60,49,4923,8332,1,54,1,8.0,8,8.0,1
20241251,12,8053285,1,1,1300000.0,1300000.0,84,47,4711,5223,1,61,1,5.0,8,8.0,1
20241251,12,8053286,1,2,1600000.0,1600000.0,48,55,5511,5131,1,41,1,5.0,8,8.0,1
20241251,12,8053288,1,1,1900000.0,1300000.0,60,1,141,1311,1,57,1,5.0,8,8.0,1
20241251,12,8053289,1,1,1500000.0,1500000.0,50,47,4719,5223,1,38,1,8.0,8,8.0,1
20241251,12,8053294,1,1,1350000.0,1350000.0,48,49,4921,7231,1,56,1,5.0,8,8.0,1
20241251,12,8053297,1,3,1700000.0,1700000.0,47,85,8544,4110,1,39,2,10.0,8,8.0,1
20241251,12,8053302,1,2,1300000.0,1300000.0,47,56,5611,3434,1,51,1,8.0,8,8.0,1
20241251,12,8053305,1,2,2000000.0,2000000.0,60,42,4210,2142,1,22,1,10.0,8,8.0,1
20241251,12,8053306,1,2,3500000.0,3500000.0,40,85,8559,2353,1,32,1,10.0,8,8.0,1
20241251,12,8053309,1,1,1500000.0,1500000.0,48,56,5619,5246,1,28,2,8.0,8,8.0,1
20241251,12,8053310,1,1,900000.0,900000.0,48,56,5611,5131,1,59,1,3.0,8,8.0,1
20241251,12,8053310,1,2,700000.0,700000.0,48,56,5611,5131,1,49,2,5.0,8,8.0,1
20241251,12,8053310,1,4,500000.0,500000.0,30,56,5611,9112,1,21,2,5.0,8,8.0,1
20241251,12,8053311,1,3,360000.0,360000.0,30,56,5611,5131,1,23,1,8.0,8,8.0,1
20241251,12,8053312,1,1,1300000.0,1300000.0,48,42,4290,7411,1,59,1,4.0,8,8.0,1
20241251,12,8053313,1,1,1900000.0,1900000.0,48,35,3520,5414,1,60,1,5.0,8,8.0,1
20241251,12,8053314,1,1,1800000.0,1800000.0,48,10,1051,5414,1,45,1,5.0,8,8.0,1
20241251,12,8053314,1,3,800000.0,800000.0,24,85,8552,3422,1,48,1,9.0,8,8.0,1
20241251,12,8053318,1,2,3300000.0,3300000.0,48,65,6511,3321,1,45,1,10.0,8,8.0,1
20241251,12,8053321,1,1,3000000.0,3000000.0,40,86,8610,2411,1,57,1,10.0,8,8.0,1
20241251,12,8053323,1,1,1800000.0,1800000.0,47,32,3250,1321,1,47,2,10.0,8,8.0,1
20241251,12,8053323,1,2,1800000.0,1800000.0,46,82,8220,4222,1,18,2,10.0,8,8.0,1
20241251,12,8053330,1,3,2000000.0,2000000.0,72,86,8610,5321,1,32,1,8.0,8,8.0,1
20241251,12,8053331,1,1,2700000.0,2300000.0,60,68,6820,5414,1,35,1,5.0,8,8.0,1
20241251,12,8053333,1,1,1400000.0,1400000.0,44,14,1410,5222,1,38,2,10.0,8,8.0,1
20241251,12,8053335,1,1,2600000.0,2600000.0,48,82,8220,4222,1,33,2,9.0,8,8.0,1
20241251,12,8053336,1,4,3800000.0,3800000.0,40,85,8530,2330,1,44,1,10.0,8,8.0,1
20241251,12,8053343,1,2,2600000.0,2600000.0,48,46,4645,2113,1,32,2,11.0,8,8.0,1
20241251,12,8053343,1,3,2300000.0,2300000.0,48,85,8544,2310,1,29,2,10.0,8,8.0,1
20241251,12,8053343,1,4,1300000.0,1300000.0,48,46,4645,4311,1,43,2,8.0,8,8.0,1
20241251,12,8053344,1,2,1500000.0,1500000.0,42,53,5320,3257,1,24,1,10.0,8,8.0,1
20241251,12,8053345,1,1,3500000.0,3500000.0,48,71,7111,2161,1,40,1,10.0,8,8.0,1
20241251,12,8053345,1,2,2800000.0,2800000.0,40,23,2310,3322,1,39,2,10.0,8,8.0,1
20241251,12,8053348,1,5,900000.0,900000.0,40,47,4721,9333,1,22,1,5.0,8,8.0,1
20241251,12,8053349,1,4,1465000.0,1465000.0,48,47,4755,5223,1,36,2,5.0,8,8.0,1
20241251,12,8053352,1,1,1465000.0,1465000.0,48,86,8610,5414,1,44,2,5.0,8,8.0,1
20241251,12,8053353,1,4,1200000.0,1200000.0,52,47,4772,5223,1,22,1,5.0,8,8.0,1
20241251,12,8053353,1,5,1465000.0,1465000.0,48,52,5221,9112,1,29,1,5.0,8,8.0,1
20241251,12,8053355,1,4,723000.0,723000.0,20,88,8891,5311,1,55,2,5.0,8,8.0,1
20241251,12,8053357,1,1,700000.0,700000.0,22,88,8891,5311,1,42,2,5.0,8,8.0,1
20241251,12,8053357,1,3,400000.0,400000.0,30,56,5611,9412,1,19,1,8.0,8,8.0,1
20241251,12,8053358,1,3,1300000.0,1300000.0,48,42,4290,9313,1,46,1,5.0,8,8.0,1
20241251,12,8053359,1,1,2800000.0,2800000.0,48,85,8530,4321,1,31,1,10.0,8,8.0,1
20241251,12,8053362,1,1,3700000.0,3700000.0,40,82,8299,2161,1,53,2,11.0,8,8.0,1
20241251,12,8053362,1,2,10000000.0,10000000.0,40,62,6201,2512,1,28,1,10.0,8,8.0,1
20241251,12,8053363,1,1,3500000.0,3500000.0,48,46,4663,1420,1,57,1,4.0,8,8.0,1
20241251,12,8053365,1,1,3700000.0,3700000.0,48,45,4511,3322,1,45,1,10.0,8,8.0,1
20241251,12,8053365,1,2,1600000.0,1600000.0,40,64,6499,3322,1,46,2,8.0,8,8.0,1
20241251,12,8053366,1,2,1450000.0,1450000.0,42,73,7310,2166,1,28,2,10.0,8,8.0,1
20241251,12,8053368,1,9,900000.0,900000.0,48,45,4520,7231,1,51,1,5.0,8,8.0,1
20241251,12,8053369,1,1,1300000.0,1300000.0,48,45,4530,1420,1,43,1,5.0,8,8.0,1
20241251,12,8053370,1,1,1800000.0,1800000.0,48,1,145,2132,1,40,1,10.0,8,8.0,1
20241251,12,8053371,1,1,1300000.0,1300000.0,48,24,2410,3135,1,47,1,5.0,8,8.0,1
20241251,12,8053373,1,1,1300000.0,1300000.0,50,49,4921,5414,1,48,1,5.0,8,8.0,1
20241251,12,8053373,1,2,1300000.0,1300000.0,40,88,8891,5311,1,47,2,10.0,8,8.0,1
20241251,12,8053375,1,3,2600000.0,2600000.0,48,82,8220,4222,1,28,2,10.0,8,8.0,1
20241251,12,8053380,1,1,1400000.0,1200000.0,60,56,5613,5246,1,42,2,5.0,8,8.0,1
20241251,12,8053380,1,7,1050000.0,900000.0,60,56,5611,5131,1,27,2,5.0,8,8.0,1
20241251,12,8053381,1,1,1460000.0,1300000.0,48,56,5611,5120,1,58,1,4.0,8,8.0,1
20241251,12,8053385,1,3,1465000.0,1465000.0,70,18,1811,7321,1,39,1,5.0,8,8.0,1
20241251,12,8053387,1,3,2000000.0,2000000.0,48,96,9601,3341,1,27,1,10.0,8,8.0,1
20241251,12,8053388,1,2,1400000.0,1400000.0,70,86,8610,5321,1,28,1,8.0,8,8.0,1
20241251,12,8053390,1,1,1500000.0,1500000.0,48,53,5320,9621,1,51,1,5.0,8,8.0,1
20241251,12,8053391,1,3,1400000.0,1400000.0,48,17,1702,8143,1,26,1,5.0,8,8.0,1
20241251,12,8053392,1,5,1600000.0,1600000.0,48,52,5229,3331,1,37,1,9.0,8,8.0,1
20241251,12,8053394,1,2,1400000.0,1400000.0,48,33,3312,3341,1,25,1,9.0,8,8.0,1
20241251,12,8053396,1,1,2000000.0,2000000.0,48,93,9311,3422,1,54,1,5.0,8,8.0,1
20241251,12,8053398,1,2,2600000.0,2600000.0,47,23,2310,2411,1,44,2,10.0,8,8.0,1
20241251,12,8053402,1,2,1800000.0,1800000.0,48,5,510,3113,1,48,1,8.0,8,8.0,1
20241251,12,8053402,1,3,1600000.0,1600000.0,48,64,6499,4211,1,20,2,8.0,8,8.0,1
20241251,12,8053403,1,1,1300000.0,1300000.0,46,17,1701,4120,1,33,2,10.0,8,8.0,1
20241251,12,8053407,1,2,,,48,86,8621,2211,1,50,2,10.0,8,8.0,1
20241252,12,8079711,1,11,1000000.0,1000000.0,40,46,4631,9333,1,20,1,5.0,8,8.0,1
20241252,12,8079713,1,1,1900000.0,1900000.0,48,33,3315,3115,1,50,1,8.0,8,8.0,1
20241252,12,8079715,1,1,1300000.0,1300000.0,48,68,6820,9112,1,35,1,5.0,8,8.0,1
20241252,12,8079721,1,1,1465000.0,1465000.0,48,43,4321,7411,1,33,1,5.0,8,8.0,1
20241252,12,8079722,1,2,1600000.0,1600000.0,48,64,6424,3312,1,30,2,6.0,8,8.0,1
20241252,12,8079724,1,1,1700000.0,1700000.0,48,64,6412,5414,1,63,1,5.0,8,8.0,1
20241252,12,8079725,1,1,1300000.0,1300000.0,48,47,4711,5223,1,34,1,5.0,8,8.0,1
20241252,12,8079727,1,2,1300000.0,1300000.0,48,56,5611,9412,1,36,2,5.0,8,8.0,1
20241252,12,8079730,1,3,1200000.0,1200000.0,50,96,9602,5141,1,35,2,8.0,8,8.0,1
20241252,12,8079730,1,4,1300000.0,1300000.0,48,49,4921,8331,1,36,1,5.0,8,8.0,1
20241252,12,8079731,1,2,1300000.0,1300000.0,56,47,4773,5223,1,49,2,8.0,8,8.0,1
20241252,12,8079731,1,3,1400000.0,1400000.0,72,41,4111,5414,1,53,1,5.0,8,8.0,1
20241252,12,8079733,1,1,1400000.0,1400000.0,48,46,4631,8332,1,54,1,3.0,8,8.0,1
20241252,12,8079734,1,1,1200000.0,1200000.0,50,45,4520,7231,1,65,1,3.0,8,8.0,1
20241252,12,8079734,2,1,1400000.0,1400000.0,72,68,6820,9112,1,36,1,5.0,8,8.0,1
20241252,12,8079734,3,2,1400000.0,1400000.0,70,46,4631,8160,1,31,1,5.0,8,8.0,1
20241252,12,8079734,4,1,1200000.0,1200000.0,50,23,2392,8332,1,35,1,5.0,8,8.0,1
20241252,12,8079734,4,2,1320000.0,1320000.0,48,86,8622,3251,1,24,2,8.0,8,8.0,1
20241252,12,8079737,1,3,700000.0,700000.0,45,45,4520,7231,1,17,1,4.0,8,8.0,1
20241252,12,8079737,1,7,400000.0,400000.0,50,41,4111,9313,1,22,1,4.0,8,8.0,1
20241252,12,8079738,1,3,1600000.0,1600000.0,60,45,4541,5223,1,29,1,8.0,8,8.0,1
20241252,12,8079738,1,4,1700000.0,1700000.0,48,45,4541,5223,1,36,2,9.0,8,8.0,1
20241252,12,8079739,1,1,1300000.0,1300000.0,50,14,1410,7531,1,41,2,5.0,8,8.0,1
20241252,12,8079740,1,1,1400000.0,1400000.0,60,46,4653,7233,1,47,1,4.0,8,8.0,1
20241252,12,8079740,1,5,1300000.0,1300000.0,35,85,8530,2342,1,22,2,8.0,8,8.0,1
20241252,12,8079740,1,6,1000000.0,1000000.0,50,96,9602,5141,1,29,1,5.0,8,8.0,1
20241252,12,8079741,1,1,1465000.0,1465000.0,48,47,4773,9112,1,54,2,4.0,8,8.0,1
20241252,12,8079745,1,3,1440000.0,1200000.0,70,47,4771,5223,1,21,2,5.0,8,8.0,1
20241252,12,8079748,1,5,1300000.0,1300000.0,48,25,2592,7212,1,34,1,8.0,8,8.0,1
20241252,12,8079752,1,4,360000.0,360000.0,18,56,5611,5131,1,21,1,5.0,8,8.0,1
20241252,12,8079756,1,2,360000.0,360000.0,18,56,5619,5131,1,20,2,9.0,8,8.0,1
20241252,12,8079761,1,5,1200000.0,1200000.0,48,25,2511,7212,1,25,1,5.0,8,8.0,1
20241252,12,8079762,1,3,3000000.0,3000000.0,48,58,5813,1221,1,54,1,10.0,8,8.0,1
20241252,12,8079763,1,2,800000.0,800000.0,40,56,5621,5131,1,28,1,4.0,8,8.0,1
20241252,12,8079764,1,3,900000.0,900000.0,48,14,1410,7531,1,64,2,5.0,8,8.0,1
20241252,12,8079765,1,3,1465000.0,1465000.0,48,35,3520,7126,1,55,1,5.0,8,8.0,1
20241252,12,8079767,1,3,1464000.0,1464000.0,48,41,4111,9313,1,45,1,5.0,8,8.0,1
20241252,12,8079768,1,2,1350000.0,1350000.0,42,47,4774,5223,1,32,2,8.0,8,8.0,1
20241252,12,8079771,1,2,1500000.0,1500000.0,48,52,5224,8344,1,67,1,5.0,8,8.0,1
20241252,12,8079776,1,1,2300000.0,2300000.0,42,45,4530,5223,1,41,1,5.0,8,8.0,1
20241252,12,8079776,1,2,1350000.0,1350000.0,40,45,4530,4110,1,42,2,8.0,8,8.0,1
20241252,12,8079777,1,5,1350000.0,1350000.0,48,53,5320,4110,1,28,2,9.0,8,8.0,1
20241252,12,8079779,1,2,1300000.0,1300000.0,48,53,5320,4321,1,24,1,5.0,8,8.0,1
20241252,12,8079780,1,2,1400000.0,1000000.0,50,56,5611,5131,1,24,2,5.0,8,8.0,1
20241252,12,8079783,1,1,1300000.0,1300000.0,72,53,5320,4321,1,27,1,5.0,8,8.0,1
20241252,12,8079793,1,1,3900000.0,3900000.0,48,62,6201,2511,1,27,1,10.0,8,8.0,1
20241252,12,8079797,1,1,4200000.0,4200000.0,48,21,2100,2511,1,37,1,10.0,8,8.0,1
20241252,12,8079803,1,1,4500000.0,4500000.0,48,62,6209,2511,1,31,1,10.0,8,8.0,1
20241252,12,8079803,1,2,3900000.0,3900000.0,48,86,8610,2265,1,29,2,10.0,8,8.0,1
20241252,12,8079805,1,1,1300000.0,1300000.0,48,35,3513,2151,1,52,1,9.0,8,8.0,1
20241252,12,8079806,1,2,2600000.0,2600000.0,48,86,8621,2265,1,48,2,10.0,8,8.0,1
20241252,12,8079807,1,1,4800000.0,4800000.0,40,62,6209,2511,1,39,1,9.0,8,8.0,1
20241252,12,8079807,1,2,3400000.0,3400000.0,45,62,6209,2433,1,41,2,11.0,8,8.0,1
20241252,12,8079810,1,5,1450000.0,1300000.0,48,47,4719,4321,1,42,2,4.0,8,8.0,1
20241252,12,8079810,1,10,1300000.0,1300000.0,48,86,8610,3221,1,21,2,8.0,8,8.0,1
20241252,12,8079811,1,3,1300000.0,1300000.0,48,45,4511,5223,1,34,1,10.0,8,8.0,1
20241252,12,8079811,1,4,2600000.0,2600000.0,48,66,6619,3341,1,36,2,10.0,8,8.0,1
20241252,12,8079811,1,5,3900000.0,3900000.0,48,66,6619,1346,1,38,1,10.0,8,8.0,1
20241252,12,8079812,1,1,4100000.0,4100000.0,48,56,5629,1221,1,43,1,10.0,8,8.0,1
20241252,12,8079815,1,3,4000000.0,4000000.0,40,78,7810,3341,1,26,2,12.0,8,8.0,1
20241252,12,8079817,1,1,2600000.0,2600000.0,48,86,8610,2221,1,38,2,10.0,8,8.0,1
20241252,12,8079818,1,2,2400000.0,2400000.0,48,85,8530,2341,1,50,2,10.0,8,8.0,1
20241252,12,8079821,1,1,3000000.0,3000000.0,48,47,4724,1420,1,42,2,5.0,8,8.0,1
20241252,12,8079821,1,2,3200000.0,3200000.0,48,64,6412,3322,1,36,1,10.0,8,8.0,1
20241252,12,8079823,1,2,4000000.0,4000000.0,48,47,4771,1420,1,51,1,10.0,8,8.0,1
20241252,12,8079827,1,1,3600000.0,3600000.0,36,86,8610,3211,1,62,1,9.0,8,8.0,1
20241252,12,8079828,1,1,1350000.0,1350000.0,48,35,3520,3257,1,38,1,8.0,8,8.0,1
20241252,12,8079829,1,1,1300000.0,1300000.0,48,47,4773,5223,1,32,1,8.0,8,8.0,1
20241252,12,8079833,1,1,2800000.0,2800000.0,48,93,9319,3422,1,58,1,8.0,8,8.0,1
20241252,12,8079833,1,2,2000000.0,2000000.0,48,46,4645,5223,1,56,2,8.0,8,8.0,1
20241252,12,8079836,1,1,1300000.0,1300000.0,55,68,6820,5414,1,54,1,5.0,8,8.0,1
20241252,12,8079838,1,1,1465000.0,1465000.0,48,92,9200,5230,1,38,2,8.0,8,8.0,1
20241252,12,8079839,1,1,1500000.0,1500000.0,48,73,7310,2166,1,35,1,8.0,8,8.0,1
20241252,12,8079841,1,1,2815000.0,2815000.0,40,64,6412,4110,1,35,1,10.0,8,8.0,1
20241252,12,8079841,1,2,2815000.0,2815000.0,40,64,6412,2412,1,37,2,6.0,8,8.0,1
20241252,12,8079842,1,1,8000000.0,8000000.0,40,62,6201,2511,1,34,1,10.0,8,8.0,1
20241252,12,8079843,1,3,3500000.0,3500000.0,48,82,8220,3341,1,25,2,11.0,8,8.0,1
20241252,12,8079846,1,1,1600000.0,1600000.0,49,47,4773,5329,1,44,2,4.0,8,8.0,1
20241252,12,8079846,1,2,1670000.0,1670000.0,48,68,6820,5414,1,39,1,8.0,8,8.0,1
20241252,12,8079848,1,1,1300000.0,1300000.0,48,47,4755,2423,1,61,1,10.0,8,8.0,1
20241252,12,8079852,1,1,1500000.0,1500000.0,60,68,6820,5414,1,54,1,10.0,8,8.0,1
20241252,12,8079855,1,2,1300000.0,1300000.0,48,82,8220,4222,1,22,2,5.0,8,8.0,1
20241252,12,8079855,1,3,1000000.0,1000000.0,40,14,1410,8153,1,43,2,5.0,8,8.0,1
20241252,12,8079855,1,4,1300000.0,1300000.0,48,82,8220,4222,1,20,1,5.0,8,8.0,1
20241252,12,8079856,1,2,2000000.0,2000000.0,60,51,5111,7232,1,31,1,9.0,8,8.0,1
20241252,12,8079859,1,1,9000000.0,9000000.0,48,20,2023,1221,1,40,2,11.0,8,8.0,1
20241252,12,8079860,1,4,1300000.0,1300000.0,48,52,5229,9333,1,32,1,5.0,8,8.0,1
20241252,12,8079862,1,2,1300000.0,1300000.0,48,41,4111,7112,1,44,1,3.0,8,8.0,1
20241252,12,8079866,1,1,1300000.0,1300000.0,48,68,6820,5414,1,51,1,5.0,8,8.0,1
20241252,12,8079867,1,2,2800000.0,2800000.0,48,86,8610,5321,1,62,2,8.0,8,8.0,1
20241252,12,8079867,1,3,3200000.0,3200000.0,47,70,7020,2412,1,31,1,11.0,8,8.0,1
20241252,12,8079867,1,4,1300000.0,1300000.0,47,82,8220,4222,1,19,1,10.0,8,8.0,1
20241252,12,8079869,1,2,2000000.0,2000000.0,60,49,4921,8331,1,56,1,10.0,8,8.0,1
20241252,12,8079870,1,1,4500000.0,4500000.0,47,82,8299,2411,1,42,1,10.0,8,8.0,1
20241252,12,8079872,1,1,1200000.0,1200000.0,60,56,5611,5120,1,25,1,5.0,8,8.0,1
20241252,12,8079872,1,2,1200000.0,1200000.0,60,56,5611,1420,1,51,2,5.0,8,8.0,1
20241252,12,8079872,1,3,1000000.0,1000000.0,45,56,5611,9621,1,17,1,5.0,8,8.0,1
20241252,12,8079874,1,2,1450000.0,1300000.0,60,10,1081,7512,1,67,1,1.0,8,8.0,1
20241252,12,8079874,1,3,1300000.0,1300000.0,60,47,4711,9112,1,31,2,5.0,8,8.0,1
20241252,12,8079874,1,4,1300000.0,1300000.0,48,61,6110,9112,1,25,1,5.0,8,8.0,1
20241252,12,8079874,1,5,1300000.0,1300000.0,48,47,4711,9112,1,31,1,8.0,8,8.0,1
20241252,12,8079875,1,1,1300000.0,1300000.0,46,43,4321,7422,1,45,1,4.0,8,8.0,1
20241252,12,8079878,1,2,1300000.0,1300000.0,48,31,3110,7534,1,53,1,5.0,8,8.0,1
20241252,12,8079879,1,2,1300000.0,1300000.0,48,45,4520,7132,1,46,1,4.0,8,8.0,1
20241252,12,8079880,1,4,400000.0,400000.0,45,96,9602,5142,1,32,2,10.0,8,8.0,1
20241252,12,8079881,1,1,1740000.0,1500000.0,60,56,5611,5414,1,42,1,5.0,8,8.0,1
20241252,12,8079882,1,4,1550000.0,1550000.0,48,61,6110,5223,1,35,2,5.0,8,8.0,1
20241252,12,8079885,1,1,1300000.0,1300000.0,47,47,4771,5223,1,55,2,8.0,8,8.0,1
20241252,12,8079885,1,2,1300000.0,1300000.0,47,47,4771,5223,1,23,1,5.0,8,8.0,1
20241251,12,8086540,1,3,,,46,86,8621,2269,1,32,2,10.0,8,8.0,1
20241251,12,8086540,1,4,3500000.0,3500000.0,40,85,8544,2310,1,51,1,12.0,8,8.0,1
